time,lat,lon,ugos,ugos_std,vgos,vgos_std,margin
2016-04-20 00:00:00,21.5205565532,-158.327022426,0.0139125,0.139977292243,0.1118,0.186907634274,0.5
2016-04-20 01:00:00,21.66270885,-158.32343215,0.01539375,0.120672591486,0.07485,0.119569587479,0.5
2016-04-20 02:00:00,21.8023803,-158.3056573,0.01539375,0.120672591486,0.07485,0.119569587479,0.5
2016-04-20 03:00:00,21.94321425,-158.2896775,-0.0172,0.127423619278,0.05219375,0.0607680885493,0.5
2016-04-20 04:00:00,22.081629,-158.28482175,-0.0172,0.127423619278,0.05219375,0.0607680885493,0.5
2016-04-20 05:00:00,22.2200535,-158.2844702,-0.03991875,0.125154730328,0.01195625,0.0797464260073,0.5
2016-04-20 06:00:00,22.35909475,-158.2717527,-0.03991875,0.125154730328,0.01195625,0.0797464260073,0.5
2016-04-20 07:00:00,22.49922505,-158.25161595,-0.019275,0.16207902972,-0.06609375,0.134610574755,0.5
2016-04-20 08:00:00,22.6338690526,-158.223756474,0.038775,0.164246097747,-0.1794875,0.161771087787,0.5
2016-04-20 09:00:00,22.7743826,-158.20743425,0.038775,0.164246097747,-0.1794875,0.161771087787,0.5
2016-04-20 10:00:00,22.9036978947,-158.185022368,0.0852,0.134547212903,-0.29525625,0.150608378621,0.5
2016-04-20 11:00:00,23.02544945,-158.13959925,0.0852,0.134547212903,-0.29525625,0.150608378621,0.5
2016-04-20 12:00:00,23.1522292,-158.09277375,0.146575,0.118682788874,-0.3868125,0.096909970301,0.5
2016-04-20 13:00:00,23.28376205,-158.04224165,0.146575,0.118682788874,-0.3868125,0.096909970301,0.5
2016-04-20 14:00:00,23.42023505,-158.00279675,0.09216875,0.0930047358925,-0.41031875,0.0749664693275,0.5
2016-04-20 15:00:00,23.49715205,-157.99031675,0.09216875,0.0930047358925,-0.41031875,0.0749664693275,0.5
2016-04-20 16:00:00,23.50053585,-157.9764732,0.09216875,0.0930047358925,-0.41031875,0.0749664693275,0.5
2016-04-20 17:00:00,23.50925065,-157.96220295,0.09216875,0.0930047358925,-0.41031875,0.0749664693275,0.5
2016-04-20 18:00:00,23.52736605,-157.95829865,0.09216875,0.0930047358925,-0.41031875,0.0749664693275,0.5
2016-04-20 19:00:00,23.54971685,-157.95697845,0.09216875,0.0930047358925,-0.41031875,0.0749664693275,0.5
2016-04-20 20:00:00,23.5697558,-157.95423645,0.09216875,0.0930047358925,-0.41031875,0.0749664693275,0.5
2016-04-20 21:00:00,23.58544255,-157.9503084,0.09216875,0.0930047358925,-0.41031875,0.0749664693275,0.5
2016-04-20 22:00:00,23.59197135,-157.9531457,0.09216875,0.0930047358925,-0.41031875,0.0749664693275,0.5
2016-04-20 23:00:00,23.59440195,-157.95919425,0.09216875,0.0930047358925,-0.41031875,0.0749664693275,0.5
2016-04-21 00:00:00,23.59383175,-157.96113445,0.070625,0.0986134086978,-0.410775,0.0768059690063,0.5
2016-04-21 01:00:00,23.59595835,-157.9552158,0.070625,0.0986134086978,-0.410775,0.0768059690063,0.5
2016-04-21 02:00:00,23.59367165,-157.951738,0.070625,0.0986134086978,-0.410775,0.0768059690063,0.5
2016-04-21 03:00:00,23.5899038,-157.9447912,0.070625,0.0986134086978,-0.410775,0.0768059690063,0.5
2016-04-21 04:00:00,23.5797618,-157.9263824,0.070625,0.0986134086978,-0.410775,0.0768059690063,0.5
2016-04-21 05:00:00,23.5668325,-157.9118746,0.070625,0.0986134086978,-0.410775,0.0768059690063,0.5
2016-04-21 06:00:00,23.57180545,-157.91250155,0.070625,0.0986134086978,-0.410775,0.0768059690063,0.5
2016-04-21 07:00:00,23.61601445,-157.9190331,0.070625,0.0986134086978,-0.410775,0.0768059690063,0.5
2016-04-21 08:00:00,23.73634445,-157.9415056,0.0074125,0.0765813691034,-0.3896375,0.0835858755637,0.5
2016-04-21 09:00:00,23.87510475,-157.97774665,-0.0449625,0.0826356980593,-0.3424875,0.0767387929521,0.5
2016-04-21 10:00:00,24.0152359,-157.9988423,-0.0449625,0.0826356980593,-0.3424875,0.0767387929521,0.5
2016-04-21 11:00:00,24.1618285,-158.00168535,-0.08065,0.0781983535632,-0.28495,0.0703224892904,0.5
2016-04-21 12:00:00,24.31068255,-157.9990512,-0.08065,0.0781983535632,-0.28495,0.0703224892904,0.5
2016-04-21 13:00:00,24.461434,-157.99753445,-0.07985625,0.0724915854492,-0.22681875,0.0709473503623,0.5
2016-04-21 14:00:00,24.61379545,-158.00032265,-0.07985625,0.0724915854492,-0.22681875,0.0709473503623,0.5
2016-04-21 15:00:00,24.70569775,-157.99531435,-0.0116,0.143284847419,-0.1808375,0.0700860442153,0.5
2016-04-21 16:00:00,24.83632135,-157.99833865,-0.0116,0.143284847419,-0.1808375,0.0700860442153,0.5
2016-04-21 17:00:00,24.98362585,-157.9996783,0.11395,0.196138962218,-0.14899375,0.0952947366644,0.5
2016-04-21 18:00:00,25.1321321,-157.9971293,0.23479375,0.160020637219,-0.1199125,0.136395266024,0.5
2016-04-21 19:00:00,25.2738573,-157.9988963,0.23479375,0.160020637219,-0.1199125,0.136395266024,0.5
2016-04-21 20:00:00,25.41710545,-157.99951625,0.28609375,0.0965632465586,-0.0868125,0.171087692701,0.5
2016-04-21 21:00:00,25.5652909,-157.9999317,0.28609375,0.0965632465586,-0.0868125,0.171087692701,0.5
2016-04-21 22:00:00,25.71478915,-158.0001505,0.23889375,0.153082712401,-0.049625,0.186996432118,0.5
2016-04-21 23:00:00,25.86234015,-158.00023215,0.23889375,0.153082712401,-0.049625,0.186996432118,0.5
2016-04-22 00:00:00,26.01506525,-158.0001151,0.11740625,0.172784961979,-0.008625,0.176465685404,0.5
2016-04-22 01:00:00,26.16726695,-157.99963825,0.0062125,0.122136859071,-0.0101125,0.157602148919,0.5
2016-04-22 02:00:00,26.3066097059,-157.999145765,0.0062125,0.122136859071,-0.0101125,0.157602148919,0.5
2016-04-22 03:00:00,26.4670921,-158.0003372,-0.06225,0.0624525419819,-0.03854375,0.144009917058,0.5
2016-04-22 04:00:00,26.61147585,-157.99965435,-0.06225,0.0624525419819,-0.03854375,0.144009917058,0.5
2016-04-22 05:00:00,26.7591262,-157.9997896,-0.08474375,0.0510279331439,-0.0824125,0.134428628252,0.5
2016-04-22 06:00:00,26.91392335,-157.9999429,-0.07774375,0.0642530151895,-0.1325125,0.130353125562,0.5
2016-04-22 07:00:00,27.0687590526,-157.999797737,-0.07774375,0.0642530151895,-0.1325125,0.130353125562,0.5
2016-04-22 08:00:00,27.2145257,-157.9998983,-0.06326875,0.070323997671,-0.1845375,0.135072248607,0.5
2016-04-22 09:00:00,27.3568785,-157.9998645,-0.06326875,0.070323997671,-0.1845375,0.135072248607,0.5
2016-04-22 10:00:00,27.49926715,-158.00027285,-0.04805625,0.0695004943215,-0.2366625,0.130501503224,0.5
2016-04-22 11:00:00,27.64255245,-157.9998265,-0.02741875,0.0667638208421,-0.280225,0.106414217213,0.5
2016-04-22 12:00:00,27.7868043,-158.0000499,-0.02741875,0.0667638208421,-0.280225,0.106414217213,0.5
2016-04-22 13:00:00,27.93181505,-158.00075095,-0.0013375,0.0624244731155,-0.2986625,0.0852600278193,0.5
2016-04-22 14:00:00,28.07149685,-158.00049995,-0.0013375,0.0624244731155,-0.2986625,0.0852600278193,0.5
2016-04-22 15:00:00,28.1413446,-157.9996154,0.02455,0.067762544964,-0.28053125,0.090049963345,0.5
2016-04-22 16:00:00,28.13043945,-158.0014826,0.02455,0.067762544964,-0.28053125,0.090049963345,0.5
2016-04-22 17:00:00,28.1174422,-158.0024693,-0.0013375,0.0624244731155,-0.2986625,0.0852600278193,0.5
2016-04-22 18:00:00,28.1025346,-158.00336325,-0.0013375,0.0624244731155,-0.2986625,0.0852600278193,0.5
2016-04-22 19:00:00,28.0866536,-158.00481005,-0.0013375,0.0624244731155,-0.2986625,0.0852600278193,0.5
2016-04-22 20:00:00,28.07204785,-158.00579805,-0.0013375,0.0624244731155,-0.2986625,0.0852600278193,0.5
2016-04-22 21:00:00,28.0581829,-158.0083273,-0.0013375,0.0624244731155,-0.2986625,0.0852600278193,0.5
2016-04-22 22:00:00,28.0442756,-158.01163025,-0.0013375,0.0624244731155,-0.2986625,0.0852600278193,0.5
2016-04-22 23:00:00,28.03226015,-158.0162634,-0.0013375,0.0624244731155,-0.2986625,0.0852600278193,0.5
2016-04-23 00:00:00,28.05415685,-158.0152045,-0.0059875,0.0598963675338,-0.2877,0.0969211599704,0.5
2016-04-23 01:00:00,28.1329694,-158.00235495,0.0178875,0.0645983153321,-0.272925,0.0948146184668,0.5
2016-04-23 02:00:00,28.13933455,-158.0018964,0.0178875,0.0645983153321,-0.272925,0.0948146184668,0.5
2016-04-23 03:00:00,28.14063405,-157.9984481,0.0178875,0.0645983153321,-0.272925,0.0948146184668,0.5
2016-04-23 04:00:00,28.139768,-158.00427375,0.0178875,0.0645983153321,-0.272925,0.0948146184668,0.5
2016-04-23 05:00:00,28.1565099,-158.0018665,0.0178875,0.0645983153321,-0.272925,0.0948146184668,0.5
2016-04-23 06:00:00,28.2571790526,-157.997769263,0.0178875,0.0645983153321,-0.272925,0.0948146184668,0.5
2016-04-23 07:00:00,28.38784915,-157.99591165,0.0296125,0.0694571349377,-0.2264875,0.108759424161,0.5
2016-04-23 08:00:00,28.5232901,-157.9990201,0.0296125,0.0694571349377,-0.2264875,0.108759424161,0.5
2016-04-23 09:00:00,28.6657816,-158.00073215,0.016775,0.0770291706109,-0.1642125,0.11611142749,0.5
2016-04-23 10:00:00,28.81002945,-158.00089655,0.016775,0.0770291706109,-0.1642125,0.11611142749,0.5
2016-04-23 11:00:00,28.9551593,-157.99979315,-0.01408125,0.0822102428134,-0.1109125,0.100958895565,0.5
2016-04-23 12:00:00,29.1007976,-157.99892075,-0.01408125,0.0822102428134,-0.1109125,0.100958895565,0.5
2016-04-23 13:00:00,29.2473175,-158.0006457,-0.03666875,0.0691621710073,-0.089575,0.086773977234,0.5
2016-04-23 14:00:00,29.39013615,-158.00079185,-0.03578125,0.0587062200575,-0.0998875,0.0959458693418,0.5
2016-04-23 15:00:00,29.4540027,-157.9946194,-0.03578125,0.0587062200575,-0.0998875,0.0959458693418,0.5
2016-04-23 16:00:00,29.45196135,-158.0058867,-0.03578125,0.0587062200575,-0.0998875,0.0959458693418,0.5
2016-04-23 17:00:00,29.45131375,-158.0229101,-0.03578125,0.0587062200575,-0.0998875,0.0959458693418,0.5
2016-04-23 18:00:00,29.46559495,-158.0359729,-0.03578125,0.0587062200575,-0.0998875,0.0959458693418,0.5
2016-04-23 19:00:00,29.5896016,-158.02394365,-0.03578125,0.0587062200575,-0.0998875,0.0959458693418,0.5
2016-04-23 20:00:00,29.73133075,-158.00533555,-0.007925,0.079308523344,-0.11855625,0.0923764037021,0.5
2016-04-23 21:00:00,29.87679715,-157.99969085,0.0439875,0.0876541918208,-0.1214875,0.0845180666707,0.5
2016-04-23 22:00:00,30.0273179,-157.99739475,0.0439875,0.0876541918208,-0.1214875,0.0845180666707,0.5
2016-04-23 23:00:00,30.17941145,-157.9976982,0.09228125,0.079224611223,-0.0952,0.0853973287053,0.5
2016-04-24 00:00:00,30.3297204,-157.99191555,0.0915375,0.0771386323041,-0.09101875,0.0860106985987,0.5
2016-04-24 01:00:00,30.4750068,-157.9959464,0.11041875,0.0682122443073,-0.04535625,0.0716048180009,0.5
2016-04-24 02:00:00,30.62658075,-157.99629275,0.0987125,0.071391358677,0.0012125,0.0529714413033,0.5
2016-04-24 03:00:00,30.78256405,-157.9996499,0.0987125,0.071391358677,0.0012125,0.0529714413033,0.5
2016-04-24 04:00:00,30.9386875,-157.9988402,0.06144375,0.0776244884746,0.034325,0.0350397363717,0.5
2016-04-24 05:00:00,31.0951303,-157.99859295,0.06144375,0.0776244884746,0.034325,0.0350397363717,0.5
2016-04-24 06:00:00,31.2510926,-158.00188435,0.01425625,0.0547446340835,0.0496,0.0221702503369,0.5
2016-04-24 07:00:00,31.40313025,-158.00442875,-0.01865625,0.028602381211,0.045175,0.041396655964,0.5
2016-04-24 08:00:00,31.5581058,-158.0064758,-0.01865625,0.028602381211,0.045175,0.041396655964,0.5
2016-04-24 09:00:00,31.7150703,-158.00934685,-0.02906875,0.0264474412456,0.02615625,0.0717193660104,0.5
2016-04-24 10:00:00,31.86726295,-158.00089605,-0.02906875,0.0264474412456,0.02615625,0.0717193660104,0.5
2016-04-24 11:00:00,32.0245629,-157.9990256,-0.02465625,0.0326129377845,0.0002,0.0992958773062,0.5
2016-04-24 12:00:00,32.18400355,-158.0025519,-0.0076,0.0441820099135,-0.02786875,0.117360719146,0.5
2016-04-24 13:00:00,32.34570185,-157.99878785,-0.0076,0.0441820099135,-0.02786875,0.117360719146,0.5
2016-04-24 14:00:00,32.50827675,-157.9952618,0.0257125,0.0568077885835,-0.053475,0.122270921011,0.5
2016-04-24 15:00:00,32.5829898571,-157.997816357,0.0257125,0.0568077885835,-0.053475,0.122270921011,0.5
2016-04-24 16:00:00,32.58511465,-157.9897272,0.0257125,0.0568077885835,-0.053475,0.122270921011,0.5
2016-04-24 17:00:00,32.6013845,-157.9833832,0.0257125,0.0568077885835,-0.053475,0.122270921011,0.5
2016-04-24 18:00:00,32.61817165,-157.9761717,0.0257125,0.0568077885835,-0.053475,0.122270921011,0.5
2016-04-24 19:00:00,32.6357099,-157.9701357,0.0719875,0.0686185368086,-0.06891875,0.111125701453,0.5
2016-04-24 20:00:00,32.6543077,-157.96645045,0.0719875,0.0686185368086,-0.06891875,0.111125701453,0.5
2016-04-24 21:00:00,32.67351925,-157.9598074,0.0719875,0.0686185368086,-0.06891875,0.111125701453,0.5
2016-04-24 22:00:00,32.6924125,-157.95152735,0.0719875,0.0686185368086,-0.06891875,0.111125701453,0.5
2016-04-24 23:00:00,32.71203175,-157.94036515,0.0719875,0.0686185368086,-0.06891875,0.111125701453,0.5
2016-04-25 00:00:00,32.7172971,-157.92364355,0.07494375,0.0672413932109,-0.07493125,0.108402310393,0.5
2016-04-25 01:00:00,32.69951875,-157.9783465,0.07494375,0.0672413932109,-0.07493125,0.108402310393,0.5
2016-04-25 02:00:00,32.69105715,-157.98334665,0.07494375,0.0672413932109,-0.07493125,0.108402310393,0.5
2016-04-25 03:00:00,32.6774013,-157.9885118,0.07494375,0.0672413932109,-0.07493125,0.108402310393,0.5
2016-04-25 04:00:00,32.6665427,-157.9981157,0.07494375,0.0672413932109,-0.07493125,0.108402310393,0.5
2016-04-25 05:00:00,32.69974555,-157.9983316,0.07494375,0.0672413932109,-0.07493125,0.108402310393,0.5
2016-04-25 06:00:00,32.8012593684,-157.999228,0.07494375,0.0672413932109,-0.07493125,0.108402310393,0.5
2016-04-25 07:00:00,32.9402269,-157.9983551,0.11938125,0.0711625974332,-0.06834375,0.0893018334691,0.5
2016-04-25 08:00:00,33.08425335,-157.9996146,0.11938125,0.0711625974332,-0.06834375,0.0893018334691,0.5
2016-04-25 09:00:00,33.2230882,-158.0000057,0.1389125,0.0711576759299,-0.03385625,0.0845329741044,0.5
2016-04-25 10:00:00,33.3606132,-158.0002124,0.1389125,0.0711576759299,-0.03385625,0.0845329741044,0.5
2016-04-25 11:00:00,33.50407215,-158.000062,0.11785,0.0949202955116,0.02531875,0.0910895453575,0.5
2016-04-25 12:00:00,33.6534799474,-158.004594895,0.07021875,0.110104576533,0.08513125,0.0765154944991,0.5
2016-04-25 13:00:00,33.807092,-158.00082005,0.07021875,0.110104576533,0.08513125,0.0765154944991,0.5
2016-04-25 14:00:00,33.96609175,-158.0029385,0.02528125,0.100725997257,0.11204375,0.0461917466755,0.5
2016-04-25 15:00:00,34.058824,-158.00206355,0.02528125,0.100725997257,0.11204375,0.0461917466755,0.5
2016-04-25 16:00:00,34.0661786,-158.00274975,0.02528125,0.100725997257,0.11204375,0.0461917466755,0.5
2016-04-25 17:00:00,34.17379345,-158.0016079,0.011425,0.093947435436,0.0893,0.076589996083,0.5
2016-04-25 18:00:00,34.3326074,-157.99953235,0.011425,0.093947435436,0.0893,0.076589996083,0.5
2016-04-25 19:00:00,34.49110375,-157.9973068,0.031775,0.0965721912613,0.02885,0.103159076188,0.5
2016-04-25 20:00:00,34.6426578,-157.99913685,0.0606375,0.0923574501259,-0.03113125,0.0804138958666,0.5
2016-04-25 21:00:00,34.78913275,-157.9985028,0.0606375,0.0923574501259,-0.03113125,0.0804138958666,0.5
2016-04-25 22:00:00,34.92798885,-157.99986915,0.066275,0.078905825989,-0.053775,0.0629707322889,0.5
2016-04-25 23:00:00,35.0641415,-157.999203,0.066275,0.078905825989,-0.053775,0.0629707322889,0.5
2016-04-26 00:00:00,35.20112825,-158.00015915,0.0385625,0.080561900696,-0.03159375,0.0871687907794,0.5
2016-04-26 01:00:00,35.34107145,-157.9994631,0.0385625,0.080561900696,-0.03159375,0.0871687907794,0.5
2016-04-26 02:00:00,35.4841709,-158.00582905,-0.0009875,0.0780723292451,0.01576875,0.0896100560676,0.5
2016-04-26 03:00:00,35.6260543,-158.0073911,-0.01924375,0.0579275190297,0.05956875,0.0678589319724,0.5
2016-04-26 04:00:00,35.7719441,-158.00315275,-0.01924375,0.0579275190297,0.05956875,0.0678589319724,0.5
2016-04-26 05:00:00,35.9256057,-158.0029395,-0.00520625,0.0595163577173,0.08166875,0.0451743942786,0.5
2016-04-26 06:00:00,36.0878656316,-157.999395632,-0.00520625,0.0595163577173,0.08166875,0.0451743942786,0.5
2016-04-26 07:00:00,36.24303305,-157.9999162,0.024375,0.0566332996125,0.0826375,0.0359667706884,0.5
2016-04-26 08:00:00,36.40409665,-157.9967176,0.0446875,0.0330639886243,0.07415625,0.032445434362,0.5
2016-04-26 09:00:00,36.5640344,-157.9880716,0.0446875,0.0330639886243,0.07415625,0.032445434362,0.5
2016-04-26 10:00:00,36.7184992,-157.98555225,0.04600625,0.0314996521558,0.065175,0.0267059333295,0.5
2016-04-26 11:00:00,36.8670417,-157.99126345,0.04600625,0.0314996521558,0.065175,0.0267059333295,0.5
2016-04-26 12:00:00,37.0134219,-157.9990285,0.0356375,0.0246065254303,0.05938125,0.0218210969806,0.5
2016-04-26 13:00:00,37.1351977,-157.9978249,0.029,0.0145521905568,0.05650625,0.0161901771435,0.5
2016-04-26 14:00:00,37.2461855,-157.99962405,0.029,0.0145521905568,0.05650625,0.0161901771435,0.5
2016-04-26 15:00:00,37.2977646,-157.9938448,0.029,0.0145521905568,0.05650625,0.0161901771435,0.5
2016-04-26 16:00:00,37.29319505,-157.979,0.029,0.0145521905568,0.05650625,0.0161901771435,0.5
2016-04-26 17:00:00,37.3387708,-157.9814149,0.029,0.0145521905568,0.05650625,0.0161901771435,0.5
2016-04-26 18:00:00,37.44389915,-157.9993729,0.0343,0.0166603946532,0.05279375,0.0113857075291,0.5
2016-04-26 19:00:00,37.5571631,-158.00285945,0.0343,0.0166603946532,0.05279375,0.0113857075291,0.5
2016-04-26 20:00:00,37.67280695,-158.00111705,0.04260625,0.00911533520708,0.04725625,0.0122036351526,0.5
2016-04-26 21:00:00,37.7900478,-157.9999833,0.04260625,0.00911533520708,0.04725625,0.0122036351526,0.5
2016-04-26 22:00:00,37.86429305,-157.9989125,0.04260625,0.00911533520708,0.04725625,0.0122036351526,0.5
2016-04-26 23:00:00,37.7985739,-157.997452,0.04260625,0.00911533520708,0.04725625,0.0122036351526,0.5
2016-04-27 00:00:00,37.72458995,-157.99890555,0.04253125,0.00826829174845,0.046925,0.0104451244607,0.5
2016-04-27 01:00:00,37.652738,-157.99840965,0.04253125,0.00826829174845,0.046925,0.0104451244607,0.5
2016-04-27 02:00:00,37.57944635,-157.99889835,0.03575625,0.0134935155144,0.050725,0.00993852982085,0.5
2016-04-27 03:00:00,37.5013249,-157.99993425,0.03575625,0.0134935155144,0.050725,0.00993852982085,0.5
2016-04-27 04:00:00,37.42381605,-157.9994124,0.03575625,0.0134935155144,0.050725,0.00993852982085,0.5
2016-04-27 05:00:00,37.3456478,-157.99936315,0.033125,0.011826691211,0.05278125,0.0140285075271,0.5
2016-04-27 06:00:00,37.2663663636,-158.001334091,0.033125,0.011826691211,0.05278125,0.0140285075271,0.5
2016-04-27 07:00:00,37.18439675,-158.00070815,0.033125,0.011826691211,0.05278125,0.0140285075271,0.5
2016-04-27 08:00:00,37.104771,-158.00010005,0.03994375,0.0219521345417,0.0546375,0.0187787404729,0.5
2016-04-27 09:00:00,37.02352665,-157.9999247,0.03994375,0.0219521345417,0.0546375,0.0187787404729,0.5
2016-04-27 10:00:00,36.9408007,-157.9999101,0.03994375,0.0219521345417,0.0546375,0.0187787404729,0.5
2016-04-27 11:00:00,36.84710035,-158.00148945,0.0485375,0.0268995324076,0.0604,0.0234802044284,0.5
2016-04-27 12:00:00,36.7208815263,-157.999695789,0.0485375,0.0268995324076,0.0604,0.0234802044284,0.5
2016-04-27 13:00:00,36.59347605,-158.0001731,0.044575,0.0319971580769,0.07011875,0.0295616985885,0.5
2016-04-27 14:00:00,36.54169485,-158.00045065,0.044575,0.0319971580769,0.07011875,0.0295616985885,0.5
2016-04-27 15:00:00,36.56881145,-158.00546255,0.044575,0.0319971580769,0.07011875,0.0295616985885,0.5
2016-04-27 16:00:00,36.5696538,-158.00398635,0.044575,0.0319971580769,0.07011875,0.0295616985885,0.5
2016-04-27 17:00:00,36.5887472,-157.99396755,0.044575,0.0319971580769,0.07011875,0.0295616985885,0.5
2016-04-27 18:00:00,36.6112598,-157.9793667,0.044575,0.0319971580769,0.07011875,0.0295616985885,0.5
2016-04-27 19:00:00,36.63188085,-157.9611449,0.0485375,0.0268995324076,0.0604,0.0234802044284,0.5
2016-04-27 20:00:00,36.6493868,-157.9411409,0.0485375,0.0268995324076,0.0604,0.0234802044284,0.5
2016-04-27 21:00:00,36.6602846316,-157.921453632,0.0485375,0.0268995324076,0.0604,0.0234802044284,0.5
2016-04-27 22:00:00,36.66623255,-157.90754245,0.0485375,0.0268995324076,0.0604,0.0234802044284,0.5
2016-04-27 23:00:00,36.6708709,-157.8974286,0.0485375,0.0268995324076,0.0604,0.0234802044284,0.5
2016-04-28 00:00:00,36.6690021579,-157.892648526,0.0502625,0.0256543094577,0.058925,0.0212707692621,0.5
2016-04-28 01:00:00,36.6613708,-157.8951837,0.0502625,0.0256543094577,0.058925,0.0212707692621,0.5
2016-04-28 02:00:00,36.58583325,-157.98227565,0.0444125,0.0333022122951,0.06896875,0.0273500392767,0.5
2016-04-28 03:00:00,36.56588975,-158.0041502,0.0444125,0.0333022122951,0.06896875,0.0273500392767,0.5
2016-04-28 04:00:00,36.57159335,-158.00134325,0.0444125,0.0333022122951,0.06896875,0.0273500392767,0.5
2016-04-28 05:00:00,36.57125585,-158.0016334,0.0444125,0.0333022122951,0.06896875,0.0273500392767,0.5
2016-04-28 06:00:00,36.5743462,-158.00089995,0.0444125,0.0333022122951,0.06896875,0.0273500392767,0.5
2016-04-28 07:00:00,36.502854,-157.999861684,0.0444125,0.0333022122951,0.06896875,0.0273500392767,0.5
2016-04-28 08:00:00,36.3750577,-158.0017825,0.0444125,0.0333022122951,0.06896875,0.0273500392767,0.5
2016-04-28 09:00:00,36.23492155,-157.9996996,0.0192,0.058118327574,0.07924375,0.0309532302181,0.5
2016-04-28 10:00:00,36.0938425,-158.00158925,-0.01160625,0.0575659346831,0.080475,0.0414671179973,0.5
2016-04-28 11:00:00,35.9535553,-157.9998568,-0.01160625,0.0575659346831,0.080475,0.0414671179973,0.5
2016-04-28 12:00:00,35.815863,-157.99993285,-0.02396875,0.0569506992796,0.0608,0.0651594678462,0.5
2016-04-28 13:00:00,35.6738917,-157.99946705,-0.02396875,0.0569506992796,0.0608,0.0651594678462,0.5
2016-04-28 14:00:00,35.5301539,-158.00360145,-0.004225,0.0777001970718,0.01951875,0.0879483884073,0.5
2016-04-28 15:00:00,35.4630913,-157.99344775,-0.004225,0.0777001970718,0.01951875,0.0879483884073,0.5
2016-04-28 16:00:00,35.4746044,-157.98107875,-0.004225,0.0777001970718,0.01951875,0.0879483884073,0.5
2016-04-28 17:00:00,35.48695205,-157.96931805,-0.004225,0.0777001970718,0.01951875,0.0879483884073,0.5
2016-04-28 18:00:00,35.50174435,-157.9563396,-0.004225,0.0777001970718,0.01951875,0.0879483884073,0.5
2016-04-28 19:00:00,35.5195976,-157.94260545,-0.004225,0.0777001970718,0.01951875,0.0879483884073,0.5
2016-04-28 20:00:00,35.53742245,-157.92720805,-0.004225,0.0777001970718,0.01951875,0.0879483884073,0.5
2016-04-28 21:00:00,35.546041,-157.917582,-0.004225,0.0777001970718,0.01951875,0.0879483884073,0.5
2016-04-28 22:00:00,35.568123875,-157.87912675,-0.004225,0.0777001970718,0.01951875,0.0879483884073,0.5
2016-04-28 23:00:00,35.573089,-157.8659754,-0.03764375,0.0614921129978,0.05653125,0.0687945375625,0.5
2016-04-29 00:00:00,35.62264115,-157.95841855,-0.00445,0.0779827945768,0.017125,0.084775213801,0.5
2016-04-29 01:00:00,35.76055925,-158.00026925,-0.02525625,0.0570886368811,0.0578875,0.0613147196336,0.5
2016-04-29 02:00:00,35.91854835,-158.00032215,-0.013875,0.0564607662452,0.0776375,0.0360791815837,0.5
2016-04-29 03:00:00,36.07935755,-158.00023135,-0.013875,0.0564607662452,0.0776375,0.0360791815837,0.5
2016-04-29 04:00:00,36.24314025,-157.99771625,0.01695,0.0576843457968,0.07634375,0.0255911598201,0.5
2016-04-29 05:00:00,36.409954,-158.0005834,0.04333125,0.0338929144282,0.0658375,0.0219883740588,0.5
2016-04-29 06:00:00,36.55380385,-157.99619335,0.04333125,0.0338929144282,0.0658375,0.0219883740588,0.5
2016-04-29 07:00:00,36.5862598,-157.9668177,0.04333125,0.0338929144282,0.0658375,0.0219883740588,0.5
2016-04-29 08:00:00,36.56277555,-157.9509649,0.04333125,0.0338929144282,0.0658375,0.0219883740588,0.5
2016-04-29 09:00:00,36.49042355,-157.95583195,0.04333125,0.0338929144282,0.0658375,0.0219883740588,0.5
2016-04-29 10:00:00,36.4191611053,-157.961576895,0.04333125,0.0338929144282,0.0658375,0.0219883740588,0.5
2016-04-29 11:00:00,36.3499285,-157.97682425,0.01695,0.0576843457968,0.07634375,0.0255911598201,0.5
2016-04-29 12:00:00,36.2807788,-157.99312705,0.01695,0.0576843457968,0.07634375,0.0255911598201,0.5
2016-04-29 13:00:00,36.2100735,-157.99930155,0.01695,0.0576843457968,0.07634375,0.0255911598201,0.5
2016-04-29 14:00:00,36.13828825,-158.0013478,0.01695,0.0576843457968,0.07634375,0.0255911598201,0.5
2016-04-29 15:00:00,36.07094525,-157.99901995,-0.013875,0.0564607662452,0.0776375,0.0360791815837,0.5
2016-04-29 16:00:00,36.0053068,-157.9997937,-0.013875,0.0564607662452,0.0776375,0.0360791815837,0.5
2016-04-29 17:00:00,35.9354734,-158.0008045,-0.013875,0.0564607662452,0.0776375,0.0360791815837,0.5
2016-04-29 18:00:00,35.8627255,-157.9965201,-0.02525625,0.0570886368811,0.0578875,0.0613147196336,0.5
2016-04-29 19:00:00,35.78545535,-157.99284015,-0.02525625,0.0570886368811,0.0578875,0.0613147196336,0.5
2016-04-29 20:00:00,35.6968926,-157.99775735,-0.02525625,0.0570886368811,0.0578875,0.0613147196336,0.5
2016-04-29 21:00:00,35.60226825,-158.00167415,-0.00445,0.0779827945768,0.017125,0.084775213801,0.5
2016-04-29 22:00:00,35.5057152,-158.0012995,-0.00445,0.0779827945768,0.017125,0.084775213801,0.5
2016-04-29 23:00:00,35.40876695,-157.9997381,-0.00445,0.0779827945768,0.017125,0.084775213801,0.5
2016-04-30 00:00:00,35.3094728,-158.00198375,0.033525,0.0828101405324,-0.02431875,0.082682511896,0.5
2016-04-30 01:00:00,35.19324165,-158.0013939,0.033525,0.0828101405324,-0.02431875,0.082682511896,0.5
2016-04-30 02:00:00,35.0358691,-158.0045923,0.0684875,0.0763669420872,-0.043575,0.0633790629861,0.5
2016-04-30 03:00:00,34.87058515,-158.00212425,0.07165625,0.0782521402962,-0.02363125,0.0773773119101,0.5
2016-04-30 04:00:00,34.70644685,-158.0008491,0.07165625,0.0782521402962,-0.02363125,0.0773773119101,0.5
2016-04-30 05:00:00,34.55053455,-158.0008645,0.05095625,0.0824429269916,0.0300375,0.0961195991656,0.5
2016-04-30 06:00:00,34.3924415263,-158.006298895,0.05095625,0.0824429269916,0.0300375,0.0961195991656,0.5
2016-04-30 07:00:00,34.2436259,-158.01103225,0.0342125,0.078140657431,0.0861625,0.0767909571092,0.5
2016-04-30 08:00:00,34.0997304,-158.00673865,0.0392625,0.0766152716092,0.11185,0.0501095300317,0.5
2016-04-30 09:00:00,33.9554516,-158.000635,0.0392625,0.0766152716092,0.11185,0.0501095300317,0.5
2016-04-30 10:00:00,33.8077015,-157.99709265,0.0651125,0.0806185530368,0.0950125,0.0653444802087,0.5
2016-04-30 11:00:00,33.64851205,-158.0001803,0.0651125,0.0806185530368,0.0950125,0.0653444802087,0.5
2016-04-30 12:00:00,33.4853272,-158.00624215,0.09435,0.074388213112,0.0441375,0.0811234312252,0.5
2016-04-30 13:00:00,33.3258757,-158.00582545,0.106625,0.0650312569077,-0.015175,0.0780113172879,0.5
2016-04-30 14:00:00,33.1681207,-158.0001091,0.106625,0.0650312569077,-0.015175,0.0780113172879,0.5
2016-04-30 15:00:00,33.09199525,-158.00853455,0.0947125,0.0594833682112,-0.06025,0.0730511550217,0.5
2016-04-30 16:00:00,33.05518715,-158.01802265,0.0947125,0.0594833682112,-0.06025,0.0730511550217,0.5
2016-04-30 17:00:00,32.91508885,-158.01375595,0.0947125,0.0594833682112,-0.06025,0.0730511550217,0.5
2016-04-30 18:00:00,32.79075915,-157.99801075,0.07075,0.0486777413198,-0.08240625,0.084149602411,0.5
2016-04-30 19:00:00,32.6403098333,-157.985060667,0.07075,0.0486777413198,-0.08240625,0.084149602411,0.5
2016-04-30 20:00:00,32.48336015,-157.9823673,0.04396875,0.0439798919785,-0.07921875,0.0999777676458,0.5
2016-04-30 21:00:00,32.3310101,-157.98557355,0.01555,0.0483700449659,-0.05738125,0.106325456846,0.5
2016-04-30 22:00:00,32.1825344,-157.993853,0.01555,0.0483700449659,-0.05738125,0.106325456846,0.5
2016-04-30 23:00:00,32.03649395,-158.00436935,-0.00683125,0.045285134409,-0.0274,0.0992528651979,0.5
2016-05-01 00:00:00,31.8903203,-158.0078947,-0.00281875,0.0469687292082,-0.0300375,0.0984270343643,0.5
2016-05-01 01:00:00,31.7415054,-158.0020514,-0.0201875,0.0390394812177,-0.001375,0.0776780736437,0.5
2016-05-01 02:00:00,31.58304995,-157.99936945,-0.0244125,0.0305469694692,0.01731875,0.0489243576702,0.5
2016-05-01 03:00:00,31.4285564,-158.00001875,-0.0244125,0.0305469694692,0.01731875,0.0489243576702,0.5
2016-05-01 04:00:00,31.28193865,-158.0001623,0.00325,0.0539112465076,0.01933125,0.0284016002795,0.5
2016-05-01 05:00:00,31.13198205,-157.99972455,0.00325,0.0539112465076,0.01933125,0.0284016002795,0.5
2016-05-01 06:00:00,30.9845903,-157.9941101,0.05480625,0.0825587780671,0.005175,0.0301681848145,0.5
2016-05-01 07:00:00,30.8399357,-157.9901182,0.09624375,0.0691401834025,-0.01765,0.037351823918,0.5
2016-05-01 08:00:00,30.68904015,-157.9985631,0.09624375,0.0691401834025,-0.01765,0.037351823918,0.5
2016-05-01 09:00:00,30.52748335,-158.00472585,0.10664375,0.0575832111899,-0.04173125,0.0517571337927,0.5
2016-05-01 10:00:00,30.3682143,-158.0019985,0.0873625,0.0715318449626,-0.05989375,0.0853749924506,0.5
2016-05-01 11:00:00,30.2169397,-158.00023635,0.0873625,0.0715318449626,-0.05989375,0.0853749924506,0.5
2016-05-01 12:00:00,30.0642616,-158.00016225,0.04626875,0.0598293167973,-0.06369375,0.106340434859,0.5
2016-05-01 13:00:00,29.91129235,-158.00315765,0.04626875,0.0598293167973,-0.06369375,0.106340434859,0.5
2016-05-01 14:00:00,29.7632075,-158.0001107,0.00534375,0.0406354058788,-0.0542625,0.111875119413,0.5
2016-05-01 15:00:00,29.7041959474,-158.001715632,0.00534375,0.0406354058788,-0.0542625,0.111875119413,0.5
2016-05-01 16:00:00,29.70090025,-158.0176361,0.00534375,0.0406354058788,-0.0542625,0.111875119413,0.5
2016-05-01 17:00:00,29.619403,-158.0095917,-0.017125,0.0461216123417,-0.0444875,0.106312281011,0.5
2016-05-01 18:00:00,29.4693361,-157.99983755,-0.017125,0.0461216123417,-0.0444875,0.106312281011,0.5
2016-05-01 19:00:00,29.3166435,-158.00168615,-0.034075,0.0604328191052,-0.048625,0.0899135035743,0.5
2016-05-01 20:00:00,29.18116415,-158.0013392,-0.034075,0.0604328191052,-0.048625,0.0899135035743,0.5
2016-05-01 21:00:00,29.157278,-158.000571,-0.034075,0.0604328191052,-0.048625,0.0899135035743,0.5
2016-05-01 22:00:00,29.157278,-158.000571,-0.034075,0.0604328191052,-0.048625,0.0899135035743,0.5
2016-05-01 23:00:00,29.157278,-158.000571,-0.034075,0.0604328191052,-0.048625,0.0899135035743,0.5
2016-05-02 00:00:00,29.157278,-158.000571,-0.03385,0.0629790540577,-0.04196875,0.08741469212,0.5
2016-05-02 01:00:00,29.157278,-158.000571,-0.03385,0.0629790540577,-0.04196875,0.08741469212,0.5
2016-05-02 02:00:00,28.680008,-158.0005973,-0.04880625,0.0647357848175,-0.11039375,0.0951723795853,0.5
2016-05-02 03:00:00,28.07997895,-158.00020425,-0.01764375,0.0518320842812,-0.14873125,0.184024470923,0.5
2016-05-02 04:00:00,27.91808365,-158.0007096,-0.01764375,0.0518320842812,-0.14873125,0.184024470923,0.5
2016-05-02 05:00:00,27.76116545,-158.00028085,-0.04149375,0.0619066481562,-0.13423125,0.200196836634,0.5
2016-05-02 06:00:00,27.5962765,-158.0038311,-0.07068125,0.0446961158652,-0.12548125,0.194111193066,0.5
2016-05-02 07:00:00,27.4279943684,-158.015656895,-0.07068125,0.0446961158652,-0.12548125,0.194111193066,0.5
2016-05-02 08:00:00,27.2677381,-158.02258165,-0.0762,0.0356121117037,-0.12453125,0.167518441965,0.5
2016-05-02 09:00:00,27.10266665,-158.01502515,-0.04760625,0.0712261053683,-0.11780625,0.137401921697,0.5
2016-05-02 10:00:00,26.95082625,-157.9983577,-0.04760625,0.0712261053683,-0.11780625,0.137401921697,0.5
2016-05-02 11:00:00,26.8057805,-157.99778335,-0.0029625,0.0940517136673,-0.08841875,0.135651558316,0.5
2016-05-02 12:00:00,26.6566832,-157.99859225,-0.0029625,0.0940517136673,-0.08841875,0.135651558316,0.5
2016-05-02 13:00:00,26.50539555,-157.99606595,0.041975,0.0908421398636,-0.0343,0.157319964563,0.5
2016-05-02 14:00:00,26.35293885,-158.00021415,0.0804375,0.0838389741931,0.0313875,0.164170139927,0.5
2016-05-02 15:00:00,26.28721,-158.0010997,0.0804375,0.0838389741931,0.0313875,0.164170139927,0.5
2016-05-02 16:00:00,26.2835158,-158.01849145,0.0804375,0.0838389741931,0.0313875,0.164170139927,0.5
2016-05-02 17:00:00,26.27379415,-158.0393875,0.0804375,0.0838389741931,0.0313875,0.164170139927,0.5
2016-05-02 18:00:00,26.2670889,-158.06408845,0.0804375,0.0838389741931,0.0313875,0.164170139927,0.5
2016-05-02 19:00:00,26.2658151,-158.0914825,0.0804375,0.0838389741931,0.0313875,0.164170139927,0.5
2016-05-02 20:00:00,26.2852127,-158.11441815,0.0804375,0.0838389741931,0.0313875,0.164170139927,0.5
2016-05-02 21:00:00,26.31075975,-158.13296315,0.0252375,0.0847297090385,-0.067925,0.144059742381,0.5
2016-05-02 22:00:00,26.3450315714,-158.140244429,0.0252375,0.0847297090385,-0.067925,0.144059742381,0.5
2016-05-02 23:00:00,26.35282245,-158.1468684,0.0252375,0.0847297090385,-0.067925,0.144059742381,0.5
2016-05-03 00:00:00,26.3581374,-158.15469195,0.0331625,0.0812768638282,-0.06039375,0.146611252419,0.5
2016-05-03 01:00:00,26.36836285,-158.15521825,0.0331625,0.0812768638282,-0.06039375,0.146611252419,0.5
2016-05-03 02:00:00,26.3788229,-158.1509169,-0.0036,0.07258768835,-0.1236125,0.138992314873,0.5
2016-05-03 03:00:00,26.383439,-158.1513465,-0.0036,0.07258768835,-0.1236125,0.138992314873,0.5
2016-05-03 04:00:00,26.3154855,-158.12005375,0.09063125,0.0828031001741,0.0387375,0.159957650157,0.5
2016-05-03 05:00:00,26.18451535,-158.05408095,0.09063125,0.0828031001741,0.0387375,0.159957650157,0.5
2016-05-03 06:00:00,26.04737385,-158.0070308,0.11918125,0.0802422365306,0.09485,0.140596786059,0.5
2016-05-03 07:00:00,25.9019651,-158.00356655,0.11918125,0.0802422365306,0.09485,0.140596786059,0.5
2016-05-03 08:00:00,25.7580299,-158.0035529,0.15596875,0.0790872676127,0.1177375,0.114247039759,0.5
2016-05-03 09:00:00,25.61813595,-158.00335075,0.19235,0.0759854426848,0.103125,0.0980062721207,0.5
2016-05-03 10:00:00,25.4777434,-158.0000032,0.19235,0.0759854426848,0.103125,0.0980062721207,0.5
2016-05-03 11:00:00,25.3339296,-158.0018994,0.19605,0.0895604474643,0.0556875,0.0942079473492,0.5
2016-05-03 12:00:00,25.1887576,-157.99812835,0.19605,0.0895604474643,0.0556875,0.0942079473492,0.5
2016-05-03 13:00:00,25.0424263,-157.9985766,0.15585,0.137976954597,-0.02051875,0.108252761043,0.5
2016-05-03 14:00:00,24.8918846,-158.0010398,0.15585,0.137976954597,-0.02051875,0.108252761043,0.5
2016-05-03 15:00:00,24.74363815,-158.0000233,0.0824125,0.161429020296,-0.11860625,0.132029227203,0.5
2016-05-03 16:00:00,24.691448,-158.000168,0.0824125,0.161429020296,-0.11860625,0.132029227203,0.5
2016-05-03 17:00:00,24.691448,-158.000168,0.0824125,0.161429020296,-0.11860625,0.132029227203,0.5
2016-05-03 18:00:00,24.6414673,-158.0001539,0.0824125,0.161429020296,-0.11860625,0.132029227203,0.5
2016-05-03 19:00:00,24.1014603,-158.00012145,-0.077425,0.0816932639512,-0.37314375,0.065360413944,0.5
2016-05-03 20:00:00,23.99121495,-158.0011418,-0.077425,0.0816932639512,-0.37314375,0.065360413944,0.5
2016-05-03 21:00:00,23.76071905,-157.99961055,-0.0757,0.0559114366655,-0.3841375,0.0569757390803,0.5
2016-05-03 22:00:00,23.5747745,-158.0004767,-0.03524375,0.0873649097804,-0.36039375,0.0729557868571,0.5
2016-05-03 23:00:00,23.3960334,-158.00180025,-0.03524375,0.0873649097804,-0.36039375,0.0729557868571,0.5
2016-05-04 00:00:00,23.2267585,-158.0014324,0.05138125,0.156612735828,-0.3047625,0.102205876024,0.5
2016-05-04 01:00:00,23.06548235,-157.999636,0.14828125,0.180297598496,-0.22688125,0.130845659169,0.5
2016-05-04 02:00:00,22.9490364545,-157.998607727,0.14828125,0.180297598496,-0.22688125,0.130845659169,0.5
