track,time,lat,lon,sst,sst_std,NO3,NO3_std,depth,margin
232449,2014-04-06,47.3451004028,-151.281982422,8.34693815435,0.888301165064,,,0.494024991989,3.0
232449,2014-04-07,47.3277015686,-151.208007812,8.24820551767,0.885520076132,,,0.494024991989,3.0
232449,2014-04-08,47.3371009827,-151.223022461,8.19179926894,0.883381154794,,,0.494024991989,3.0
232449,2014-04-09,47.345500946,-151.103027344,8.19296246336,0.897918368252,,,0.494024991989,3.0
232449,2014-04-10,47.3224983215,-151.111022949,8.10692079861,0.887878605776,,,0.494024991989,3.0
232449,2014-04-11,47.3083000183,-151.182006836,8.10185135427,0.997149927031,,,0.494024991989,3.0
232449,2014-04-12,47.243598938,-151.163024902,8.15200760317,0.945624652906,8.70063553585,2.04817956589,0.494024991989,3.0
232449,2014-04-13,47.2523002625,-151.226013184,8.21926454611,0.906941225848,,,0.494024991989,3.0
232449,2014-04-14,47.2411994934,-151.182983398,8.21827496279,0.912712895488,,,0.494024991989,3.0
232449,2014-04-15,47.1945991516,-151.20300293,8.27195551714,0.967951183695,,,0.494024991989,3.0
232449,2014-04-16,47.1253013611,-150.153015137,8.46428190174,0.917822457482,,,0.494024991989,3.0
232449,2014-04-17,47.1198005676,-150.047973633,8.72034092378,0.959279355326,,,0.494024991989,3.0
232449,2014-04-18,47.0447006226,-150.041015625,8.62957703694,0.965464588342,,,0.494024991989,3.0
232449,2014-04-19,47.0270004272,-149.987976074,8.57909092695,0.921781364932,8.4179586735,1.89867682811,0.494024991989,3.0
232625,2014-04-06,46.7131996155,-154.690002441,7.93152149696,0.987079689748,,,0.494024991989,3.0
232625,2014-04-07,46.6851997375,-154.640014648,7.80280622206,0.974924406734,,,0.494024991989,3.0
232625,2014-04-08,46.6899986267,-154.588012695,7.81679927732,0.95229617141,,,0.494024991989,3.0
232625,2014-04-09,46.651599884,-154.455993652,7.7832228892,0.95599251432,,,0.494024991989,3.0
232625,2014-04-10,46.721698761,-154.612976074,7.72306664054,0.941292209094,,,0.494024991989,3.0
232625,2014-04-11,46.5933990479,-154.16998291,7.91817080281,1.01532137506,,,0.494024991989,3.0
232625,2014-04-12,46.5344009399,-154.111999512,8.00131316208,0.987063252614,8.89851518141,2.02755559387,0.494024991989,3.0
232625,2014-04-13,46.6328010559,-154.393005371,7.78053191703,0.979744162236,,,0.494024991989,3.0
232625,2014-04-14,46.4772987366,-154.29901123,7.97867427369,0.940034758391,,,0.494024991989,3.0
232625,2014-04-15,46.434299469,-154.284973145,8.09070552119,1.00822373469,,,0.494024991989,3.0
232625,2014-04-16,46.4114990234,-154.223022461,8.160132603,0.971724566988,,,0.494024991989,3.0
232625,2014-04-17,46.4449996948,-154.146972656,8.21622635173,0.975345557822,,,0.494024991989,3.0
232625,2014-04-18,46.3958015442,-153.99798584,8.20426454644,0.996094345324,,,0.494024991989,3.0
232625,2014-04-19,46.2671012878,-153.841003418,8.36117426518,1.01833706777,8.39169214832,1.95178814799,0.494024991989,3.0
232625,2014-04-20,46.3669013977,-153.646972656,8.39749370878,1.00987452838,,,0.494024991989,3.0
232625,2014-04-21,46.2966995239,-153.481018066,8.43641731902,0.991557411215,,,0.494024991989,3.0
232625,2014-04-22,46.604801178,-154.041015625,8.11594857619,1.08139060612,,,0.494024991989,3.0
232625,2014-04-23,46.6151008606,-154.065979004,8.08402149356,1.06445236088,,,0.494024991989,3.0
232625,2014-04-24,46.5381011963,-154.060974121,8.16381315843,1.0070918711,,,0.494024991989,3.0
232625,2014-04-25,46.4235992432,-153.992004395,8.01928191168,1.04356361042,,,0.494024991989,3.0
232780,2014-04-06,48.9216003418,-164.538024902,5.11209447669,0.577462138171,,,0.494024991989,3.0
232780,2014-04-07,48.9457015991,-164.588012695,5.02209447868,0.562798210846,,,0.494024991989,3.0
232780,2014-04-08,49.0275001526,-164.640991211,5.01440350663,0.525481133102,,,0.494024991989,3.0
232780,2014-04-09,49.1039009094,-164.681030273,4.99971600695,0.533605860462,,,0.494024991989,3.0
232780,2014-04-10,49.1865005493,-164.737976074,4.96247642446,0.493494625461,,,0.494024991989,3.0
232780,2014-04-11,49.2338981628,-164.755981445,4.9371292028,0.518411564755,,,0.494024991989,3.0
232780,2014-04-12,49.2449989319,-164.744018555,4.9308097585,0.527663445661,13.4414568477,0.908668230441,0.494024991989,3.0
232780,2014-04-13,49.2971000671,-164.794006348,4.93537573063,0.489867967702,,,0.494024991989,3.0
232780,2014-04-14,49.3092002869,-164.833007812,5.01067086783,0.487191471751,,,0.494024991989,3.0
232780,2014-04-15,49.3372001648,-164.906982422,4.99615697925,0.503676939498,,,0.494024991989,3.0
232780,2014-04-16,49.3527984619,-164.968017578,4.98122642403,0.548294140499,,,0.494024991989,3.0
232780,2014-04-17,49.3343009949,-165.023010254,5.0677889221,0.524458632279,,,0.494024991989,3.0
232780,2014-04-18,49.3073997498,-165.052001953,5.15294517021,0.483215275882,,,0.494024991989,3.0
232780,2014-04-19,49.3005981445,-165.065979004,5.19480280816,0.515219112795,13.3312497867,0.920627533293,0.494024991989,3.0
232780,2014-04-20,48.9491996765,-165.132019043,5.18091391958,0.563419689368,,,0.494024991989,3.0
232780,2014-04-21,48.7887992859,-165.119018555,5.28640002833,0.654321885853,,,0.494024991989,3.0
232780,2014-04-22,48.5615005493,-165.072998047,5.30648683343,0.729903272072,,,0.494024991989,3.0
232780,2014-04-23,48.3782997131,-165.046020508,5.27633058414,0.722176128399,,,0.494024991989,3.0
232780,2014-04-24,48.2960014343,-165.038024902,5.42728544185,0.749400642329,,,0.494024991989,3.0
232780,2014-04-25,48.228099823,-165.172973633,5.36587919321,0.767374669895,,,0.494024991989,3.0
232780,2014-04-26,48.1573982239,-165.25,5.26396947327,0.788312208844,12.9161659148,1.37726781361,0.494024991989,3.0
232780,2014-04-27,48.784198761,-164.588989258,5.14931669807,0.687707500756,,,0.494024991989,3.0
232780,2014-04-28,48.7336006165,-164.591003418,5.25473336239,0.65830526788,,,0.494024991989,3.0
232780,2014-04-29,48.7779006958,-164.593017578,5.38603544278,0.702221273608,,,0.494024991989,3.0
232780,2014-04-30,48.817401886,-164.674987793,5.35853544337,0.742279873187,,,0.494024991989,3.0
232897,2014-04-06,44.9406013489,-155.809997559,8.61850064827,0.941108405897,,,0.494024991989,3.0
232897,2014-04-07,44.8978004456,-155.804992676,8.42268468043,0.983186217189,,,0.494024991989,3.0
232897,2014-04-08,44.9025993347,-155.833007812,8.37391732041,0.963815162477,,,0.494024991989,3.0
232897,2014-04-09,44.9598007202,-155.911987305,8.35655620971,0.953453740618,,,0.494024991989,3.0
232897,2014-04-10,45.0200996399,-156.044006348,8.36768468168,0.992112023532,,,0.494024991989,3.0
232897,2014-04-11,45.1189994812,-156.156982422,8.33587912683,1.08857059683,,,0.494024991989,3.0
232897,2014-04-12,45.1890983582,-156.252990723,8.19107010228,1.10142113849,8.21821964118,2.25270304638,0.494024991989,3.0
232897,2014-04-13,45.2582015991,-156.317993164,8.18704232459,1.08052833505,,,0.494024991989,3.0
232897,2014-04-14,45.3353004456,-156.353027344,8.22714649037,1.00553313099,,,0.494024991989,3.0
232897,2014-04-15,45.373500824,-156.382019043,8.30464648865,1.06815021026,,,0.494024991989,3.0
232897,2014-04-16,45.3890991211,-156.418029785,8.2173201017,1.03568070878,,,0.494024991989,3.0
232897,2014-04-17,45.3460006714,-156.369995117,8.46943815161,1.03919232388,,,0.494024991989,3.0
232897,2014-04-18,45.2855987549,-156.348999023,8.46983745717,1.0873924579,,,0.494024991989,3.0
232897,2014-04-19,45.2288017273,-156.383972168,8.41631315283,1.17220591893,8.39629394478,2.29256504837,0.494024991989,3.0
232897,2014-04-20,45.1797981262,-156.377990723,8.46410829062,1.15877890295,,,0.494024991989,3.0
232897,2014-04-21,45.1479988098,-156.445007324,8.49827495654,1.19613388931,,,0.494024991989,3.0
232897,2014-04-22,45.1221008301,-156.443969727,8.68157356356,1.23789275572,,,0.494024991989,3.0
232897,2014-04-23,45.0233001709,-156.390991211,8.63716384231,1.22336517275,,,0.494024991989,3.0
232897,2014-04-24,45.0138015747,-156.395996094,8.67445550815,1.19226288071,,,0.494024991989,3.0
232897,2014-04-25,44.9393997192,-156.374023438,8.55921245517,1.20496343881,,,0.494024991989,3.0
232897,2014-04-26,44.9556999207,-156.361022949,8.47865690141,1.19971013429,8.03079416354,2.17096859488,0.494024991989,3.0
232897,2014-04-27,44.9225006104,-156.346984863,8.4456187077,1.27249561944,,,0.494024991989,3.0
232897,2014-04-28,44.9077987671,-156.317993164,8.48351801243,1.27031643041,,,0.494024991989,3.0
232897,2014-04-29,44.8662986755,-156.307006836,8.77117425599,1.17564943138,,,0.494024991989,3.0
232897,2014-04-30,44.4351005554,-156.04699707,9.14431660878,1.19692061348,,,0.494024991989,3.0
232897,2014-05-01,44.4133987427,-156.04901123,9.19485480209,1.23594494716,,,0.494024991989,3.0
232897,2014-05-02,44.4367980957,-156.038024902,9.14421244208,1.25741419125,,,0.494024991989,3.0
232897,2014-05-03,44.4438018799,-156.062011719,8.90256314193,1.25161944276,7.55058680971,2.01381996853,0.494024991989,3.0
232897,2014-05-04,44.3703994751,-156.062988281,8.97459439031,1.14695155451,,,0.494024991989,3.0
232916,2014-04-06,45.2593994141,-149.443969727,9.36593118712,0.737473571852,,,0.494024991989,3.0
232916,2014-04-07,45.2494010925,-149.456970215,9.30678188289,0.777657734721,,,0.494024991989,3.0
232916,2014-04-08,45.2349014282,-149.481018066,9.24580966204,0.814670057979,,,0.494024991989,3.0
232916,2014-04-09,45.2238998413,-149.521972656,9.22778882912,0.820051623545,,,0.494024991989,3.0
232916,2014-04-10,45.221698761,-149.530029297,9.16733744159,0.877338679489,,,0.494024991989,3.0
232916,2014-04-11,45.2224998474,-149.573974609,9.29275410545,0.886826771695,,,0.494024991989,3.0
232916,2014-04-12,45.2397003174,-149.663024902,9.27240688368,0.847990286229,6.52240871886,1.51228390126,0.494024991989,3.0
232916,2014-04-13,45.2299003601,-149.656005859,9.29586174426,0.79290917274,,,0.494024991989,3.0
232916,2014-04-14,45.259601593,-149.802001953,9.27381313364,0.783737956896,,,0.494024991989,3.0
232916,2014-04-15,45.2653007507,-149.968994141,9.38634785333,0.933138063648,,,0.494024991989,3.0
232916,2014-04-16,45.2490997314,-149.945007324,9.44308396319,0.895620531705,,,0.494024991989,3.0
232916,2014-04-17,45.2412986755,-149.809997559,9.58935132103,0.925574829914,,,0.494024991989,3.0
232916,2014-04-18,45.2505989075,-149.896972656,9.42676451911,0.904585586299,,,0.494024991989,3.0
232916,2014-04-19,45.2262001038,-149.893981934,9.35494160405,0.828140064593,6.5881002744,1.50977200026,0.494024991989,3.0
232916,2014-04-20,45.2024993896,-149.934997559,9.34028882659,0.862051577945,,,0.494024991989,3.0
232916,2014-04-21,45.1836013794,-149.931030273,9.31153882721,0.86265445317,,,0.494024991989,3.0
232916,2014-04-22,45.1386985779,-149.963989258,9.21917771819,0.856415073722,,,0.494024991989,3.0
232916,2014-04-23,45.3003005981,-150.817016602,9.16709438603,0.900255072393,,,0.494024991989,3.0
232916,2014-04-24,45.2872009277,-150.79498291,9.21166035726,0.846392838786,,,0.494024991989,3.0
232916,2014-04-25,45.2468986511,-150.854003906,9.13641730337,0.867372056287,,,0.494024991989,3.0
232916,2014-04-26,45.1540985107,-150.838989258,9.0844902212,0.938978197012,6.87568582098,1.58026727091,0.494024991989,3.0
232916,2014-04-27,45.1218986511,-150.771972656,9.16044508062,0.979266680359,,,0.494024991989,3.0
232916,2014-04-28,44.9961013794,-150.721984863,9.23692077337,0.943616574729,,,0.494024991989,3.0
232916,2014-04-29,44.9359016418,-150.706970215,9.38270202011,0.930978870289,,,0.494024991989,3.0
232916,2014-04-30,44.9179992676,-150.617004395,9.57817076572,0.957524128317,,,0.494024991989,3.0
232916,2014-05-01,44.9215011597,-150.67401123,9.52025410036,0.937255974853,,,0.494024991989,3.0
232916,2014-05-02,45.2318000793,-150.619995117,9.08832702666,0.858090277083,,,0.494024991989,3.0
232916,2014-05-03,45.2919998169,-150.739990234,8.96372633502,0.747800555214,6.83548399806,1.54361374866,0.494024991989,3.0
232916,2014-05-04,45.3646011353,-150.898010254,8.88409092016,0.851573798189,,,0.494024991989,3.0
232916,2014-05-05,45.5974006653,-151.388000488,8.68016731357,0.938020635734,,,0.494024991989,3.0
233188,2014-04-14,43.7503013611,-154.361999512,9.21858744043,0.784568721321,,,0.494024991989,3.0
233188,2014-04-15,43.7710990906,-154.252990723,9.46766729596,0.921125078442,,,0.494024991989,3.0
233188,2014-04-16,43.7947998047,-154.273986816,9.46959437927,0.884682982326,,,0.494024991989,3.0
233188,2014-04-17,43.8263015747,-154.226989746,9.54473326647,0.884444842668,,,0.494024991989,3.0
233188,2014-04-18,43.8119010925,-154.265991211,9.51143465611,0.897145505416,,,0.494024991989,3.0
233188,2014-04-19,43.8356018066,-154.270996094,9.5194728504,0.901541310976,6.61549519499,1.36642965785,0.494024991989,3.0
233188,2014-04-20,43.8602981567,-154.223022461,9.55572284956,0.877368866919,,,0.494024991989,3.0
233188,2014-04-21,43.8097991943,-154.260986328,9.56613951599,0.876612475984,,,0.494024991989,3.0
233188,2014-04-22,43.8231010437,-154.244995117,9.58454229338,0.93341175059,,,0.494024991989,3.0
233188,2014-04-23,43.8232002258,-154.25,9.581660349,0.960660439755,,,0.494024991989,3.0
233188,2014-04-24,43.7818984985,-154.260986328,9.59792770973,0.937629034737,,,0.494024991989,3.0
233188,2014-04-25,43.7924003601,-154.276977539,9.48577493446,0.979924951655,,,0.494024991989,3.0
233188,2014-04-26,43.3460998535,-154.487976074,9.68060131897,1.06158999564,6.39539795452,1.38295246824,0.494024991989,3.0
233188,2014-04-27,43.290599823,-154.507995605,9.69244159649,1.06420300394,,,0.494024991989,3.0
233188,2014-04-28,43.2505989075,-154.536010742,9.72638256796,1.03834338057,,,0.494024991989,3.0
233188,2014-04-29,43.2438011169,-154.570983887,9.81554923264,1.04435092735,,,0.494024991989,3.0
233188,2014-04-30,43.3078994751,-154.591003418,9.99655617304,1.05817789657,,,0.494024991989,3.0
233188,2014-05-01,43.2293014526,-154.585021973,10.0994381152,1.13631440004,,,0.494024991989,3.0
233188,2014-05-02,43.2163009644,-154.573974609,9.98523672884,1.22151305151,,,0.494024991989,3.0
233188,2014-05-03,43.768901825,-154.387023926,9.44221590765,1.22239545095,6.65501470036,1.54489174318,0.494024991989,3.0
233188,2014-05-04,43.7724990845,-154.403015137,9.32940341017,1.14170244031,,,0.494024991989,3.0
233188,2014-05-05,43.7677001953,-154.382995605,9.36501104824,1.15200193668,,,0.494024991989,3.0
233188,2014-05-06,43.7811012268,-154.346984863,9.45075757413,1.10725373735,,,0.494024991989,3.0
233188,2014-05-07,43.8016014099,-154.367004395,9.46060132388,1.1300038126,,,0.494024991989,3.0
233188,2014-05-08,43.8005981445,-154.369995117,9.49171243432,1.15466250606,,,0.494024991989,3.0
233188,2014-05-09,43.7876014709,-154.382019043,9.49100062878,1.13684351929,,,0.494024991989,3.0
233188,2014-05-10,43.8039016724,-154.416992188,9.38681660334,1.07648143115,6.58874681261,1.6164726365,0.494024991989,3.0
233188,2014-05-11,43.8082008362,-154.445007324,9.28620896669,1.14591426613,,,0.494024991989,3.0
233188,2014-05-12,43.8468017578,-154.551025391,9.12211174814,1.26491792126,,,0.494024991989,3.0
233188,2014-05-13,43.8296012878,-154.646972656,9.52891729463,1.60873996934,,,0.494024991989,3.0
233188,2014-05-14,43.8047981262,-154.749023438,9.65058395857,1.69356609894,,,0.494024991989,3.0
233317,2014-04-06,45.6403999329,-161.598022461,6.92740693609,1.22421822944,,,0.494024991989,3.0
233317,2014-04-07,45.7925987244,-161.827026367,6.74712916235,1.14397137378,,,0.494024991989,3.0
233317,2014-04-08,45.7776985168,-162.03302002,6.65299722,1.09185129849,,,0.494024991989,3.0
233317,2014-04-09,45.2211990356,-161.083007812,7.1931360968,1.22209155989,,,0.494024991989,3.0
233317,2014-04-10,45.1769981384,-161.038024902,7.22539304055,1.26961128367,,,0.494024991989,3.0
233317,2014-04-11,45.1896018982,-161.036987305,7.22100067953,1.26542584329,,,0.494024991989,3.0
233317,2014-04-12,45.1861991882,-161.023986816,7.24105276242,1.27082692183,9.98547162943,2.50935960734,0.494024991989,3.0
233317,2014-04-13,45.2281990051,-161.018005371,7.22704234605,1.26906986905,,,0.494024991989,3.0
233317,2014-04-14,45.2412986755,-161.054016113,7.39422984232,1.28299976047,,,0.494024991989,3.0
233317,2014-04-15,45.2233009338,-161.075012207,7.42443817499,1.2861528611,,,0.494024991989,3.0
233317,2014-04-16,45.3044013977,-161.151977539,7.43846595244,1.3114703407,,,0.494024991989,3.0
233317,2014-04-17,45.8876991272,-161.864013672,6.974906935,1.27971447466,,,0.494024991989,3.0
233317,2014-04-18,45.6288986206,-161.676025391,7.05508054434,1.26888623142,,,0.494024991989,3.0
233317,2014-04-19,45.534198761,-161.643005371,7.28768470582,1.26365459504,10.6537289785,2.34827903284,0.494024991989,3.0
233317,2014-04-20,45.4738006592,-161.598999023,7.32874373268,1.3471267029,,,0.494024991989,3.0
233317,2014-04-21,45.3647003174,-161.507995605,7.58530622693,1.42052525,,,0.494024991989,3.0
233317,2014-04-22,45.4005012512,-161.388977051,7.45192081327,1.41473052249,,,0.494024991989,3.0
233317,2014-04-23,45.442401886,-161.236999512,7.46829234067,1.42209061085,,,0.494024991989,3.0
233317,2014-04-24,45.386100769,-161.176025391,7.47501109053,1.38898520995,,,0.494024991989,3.0
233317,2014-04-25,45.3406982422,-161.270019531,7.50641733983,1.44669673444,,,0.494024991989,3.0
233317,2014-04-26,45.367401123,-161.265991211,7.46230275748,1.44691646657,10.117142323,2.45933969354,0.494024991989,3.0
233317,2014-04-27,45.378200531,-161.301025391,7.24495901233,1.43623695893,,,0.494024991989,3.0
233317,2014-04-28,45.5793991089,-161.497009277,7.28172984482,1.43014758212,,,0.494024991989,3.0
233317,2014-04-29,45.513999939,-161.611999512,7.49362220121,1.38236436861,,,0.494024991989,3.0
233317,2014-04-30,45.5693016052,-161.744018555,7.67780622488,1.50079363694,,,0.494024991989,3.0
233317,2014-05-01,45.6283988953,-161.822998047,7.3511222044,1.54436485055,,,0.494024991989,3.0
233317,2014-05-02,45.6716995239,-161.875,7.11114373753,1.38460511004,,,0.494024991989,3.0
233317,2014-05-03,45.7144012451,-161.862976074,7.06969859959,1.31682596337,10.6390784714,2.28544703202,0.494024991989,3.0
233317,2014-05-04,45.7396011353,-161.831970215,6.8045423555,1.57205278102,,,0.494024991989,3.0
233317,2014-05-05,45.7364997864,-161.739990234,6.79396943907,1.58303249507,,,0.494024991989,3.0
233317,2014-05-06,45.7448997498,-161.708007812,6.76600068967,1.43686334888,,,0.494024991989,3.0
233317,2014-05-07,45.7388000488,-161.661987305,7.15876109759,1.09059408959,,,0.494024991989,3.0
233317,2014-05-08,45.689201355,-161.630981445,7.37167775949,1.06071119502,,,0.494024991989,3.0
233317,2014-05-09,45.6489982605,-161.588012695,7.41969859177,1.09023174184,,,0.494024991989,3.0
233317,2014-05-10,45.5597991943,-161.492004395,7.57751108821,1.12825676783,10.4006697337,2.33577162602,0.494024991989,3.0
233317,2014-05-11,45.481098175,-161.465026855,7.59454233787,1.12871489056,,,0.494024991989,3.0
233317,2014-05-12,45.4240989685,-161.434997559,7.63002844818,1.12385591436,,,0.494024991989,3.0
233317,2014-05-13,45.3278999329,-161.401977539,7.76641733401,1.15972500344,,,0.494024991989,3.0
233317,2014-05-14,45.3143997192,-161.445007324,7.67584441936,1.17163085735,,,0.494024991989,3.0
233317,2014-05-15,45.3123016357,-161.435974121,7.33261526036,1.3613527121,,,0.494024991989,3.0
233317,2014-05-16,45.304901123,-161.458984375,7.27775415049,1.52684645225,,,0.494024991989,3.0
233317,2014-05-17,45.4007987976,-161.41998291,7.08827498805,1.49612655878,9.68793185883,2.34106484136,0.494024991989,3.0
233317,2014-05-18,45.457698822,-161.328979492,7.31716387184,1.41254074881,,,0.494024991989,3.0
233317,2014-05-19,45.5889015198,-161.42401123,7.49931664553,1.38448419946,,,0.494024991989,3.0
233650,2014-04-14,43.5040016174,-152.408996582,9.63150409786,0.726649215512,,,0.494024991989,3.0
233650,2014-04-15,43.5564002991,-152.414001465,9.92525409128,0.826410723628,,,0.494024991989,3.0
233650,2014-04-16,43.6030006409,-152.419006348,9.93134784115,0.841129184672,,,0.494024991989,3.0
233650,2014-04-17,43.6255989075,-152.421020508,9.9246290913,0.840424432403,,,0.494024991989,3.0
233650,2014-04-18,43.6188011169,-152.380981445,9.99341381202,0.848788951905,,,0.494024991989,3.0
233650,2014-04-19,43.6318016052,-152.364013672,9.83025409345,0.812197709885,6.02882620527,1.2693027296,0.494024991989,3.0
233650,2014-04-20,43.6912002563,-152.348999023,9.84881312079,0.796968583644,,,0.494024991989,3.0
233650,2014-04-21,43.6711997986,-152.338989258,9.82726798236,0.781115595715,,,0.494024991989,3.0
233650,2014-04-22,43.6521987915,-152.341003418,9.77258048361,0.831024959524,,,0.494024991989,3.0
233650,2014-04-23,43.628200531,-152.328979492,9.77949020567,0.843311625022,,,0.494024991989,3.0
233650,2014-04-24,43.5783004761,-152.372009277,9.84834437081,0.758318871073,,,0.494024991989,3.0
233650,2014-04-25,43.5951004028,-152.395019531,9.75988951166,0.809538544775,,,0.494024991989,3.0
233650,2014-04-26,43.6226005554,-152.426025391,9.77820548346,0.907047035824,6.08204544915,1.33485365738,0.494024991989,3.0
233650,2014-04-27,43.5867004395,-152.456970215,9.79907353855,0.917929798067,,,0.494024991989,3.0
233650,2014-04-28,43.6105995178,-152.469970703,9.84263256538,0.884022593452,,,0.494024991989,3.0
233650,2014-04-29,43.6064987183,-152.484985352,9.95473325732,0.899028209794,,,0.494024991989,3.0
233650,2014-04-30,43.6356010437,-152.513000488,9.96626103483,0.903087509698,,,0.494024991989,3.0
233650,2014-05-01,43.5526008606,-152.50201416,10.1242818646,0.94421173496,,,0.494024991989,3.0
233650,2014-05-02,43.5856018066,-152.494995117,9.85697284282,1.03971226451,,,0.494024991989,3.0
233650,2014-05-03,43.6123008728,-152.530029297,9.68732006885,1.08159966279,6.13395553165,1.33905425687,0.494024991989,3.0
233650,2014-05-04,43.5750007629,-152.479003906,9.65478534736,1.09945278397,,,0.494024991989,3.0
233650,2014-05-05,43.5727996826,-152.445983887,9.77610478906,1.17479089973,,,0.494024991989,3.0
233650,2014-05-06,43.4749984741,-152.349975586,9.89389992533,1.10264194959,,,0.494024991989,3.0
233650,2014-05-07,43.4581985474,-152.369018555,9.94001103539,1.05283342035,,,0.494024991989,3.0
233650,2014-05-08,43.4800987244,-152.348022461,9.939472841,1.05498865864,,,0.494024991989,3.0
233650,2014-05-09,43.4263000488,-152.375,9.93454367443,1.03941267734,,,0.494024991989,3.0
233650,2014-05-10,43.4132995605,-152.37902832,9.84916034301,1.00934966045,5.6141765068,1.14978202376,0.494024991989,3.0
233650,2014-05-11,43.4371986389,-152.403991699,9.57431659915,1.17772108626,,,0.494024991989,3.0
233650,2014-05-12,43.4737014771,-152.45501709,9.36528882605,1.33608715152,,,0.494024991989,3.0
233650,2014-05-13,43.4670982361,-152.489013672,10.1057922817,1.71048701806,,,0.494024991989,3.0
233650,2014-05-14,43.4883995056,-152.513000488,10.2839867222,1.67327387712,,,0.494024991989,3.0
233650,2014-05-15,43.4518013,-152.489013672,10.5028235228,1.64730230987,,,0.494024991989,3.0
233650,2014-05-16,43.4524993896,-152.494995117,10.5471811607,1.70265959181,,,0.494024991989,3.0
233650,2014-05-17,43.4518013,-152.460021973,10.6817124077,1.52090610235,5.47603746752,1.10156833017,0.494024991989,3.0
233650,2014-05-18,43.4393005371,-152.448974609,10.7981186551,1.41828342252,,,0.494024991989,3.0
233650,2014-05-19,43.4244995117,-152.450012207,11.0487262884,1.22324510424,,,0.494024991989,3.0
233650,2014-05-20,43.3989982605,-152.474975586,11.304872116,1.1010892317,,,0.494024991989,3.0
233650,2014-05-21,43.4035987854,-152.492004395,11.392042253,1.03744246983,,,0.494024991989,3.0
233650,2014-05-22,43.388999939,-152.528015137,11.5513998883,0.807462524854,,,0.494024991989,3.0
233650,2014-05-23,43.3736000061,-152.554992676,11.7820248831,0.819488394143,,,0.494024991989,3.0
233650,2014-05-24,43.4107017517,-152.581970215,11.7782575221,0.832824263586,5.45580592089,1.10686793592,0.494024991989,3.0
233650,2014-05-25,43.4434013367,-152.637023926,11.6750804411,0.809052670756,,,0.494024991989,3.0
233650,2014-05-26,43.4751014709,-152.676025391,11.6822332187,0.795148326001,,,0.494024991989,3.0
233650,2014-05-27,43.3852996826,-152.659973145,11.9138825191,0.985013497101,,,0.494024991989,3.0
233650,2014-05-28,43.3630981445,-152.666992188,12.2269380676,1.1056600553,,,0.494024991989,3.0
234113,2014-04-29,46.1259002686,-153.854003906,8.30362218312,0.984723215639,,,0.494024991989,3.0
234113,2014-04-30,46.1664009094,-153.934020996,8.39440343107,1.00529967266,,,0.494024991989,3.0
234113,2014-05-01,46.1152992249,-154.213989258,8.5170249561,1.03088108886,,,0.494024991989,3.0
234113,2014-05-02,46.216999054,-154.036987305,8.14921246434,1.01042885616,,,0.494024991989,3.0
234113,2014-05-03,46.2527008057,-154.023010254,8.00325760647,1.01599421204,8.73070701957,2.05864686752,0.494024991989,3.0
234113,2014-05-04,46.2537002563,-153.992980957,8.01244163407,0.886259190914,,,0.494024991989,3.0
234113,2014-05-05,46.2675018311,-153.99798584,8.02877843923,0.887271468733,,,0.494024991989,3.0
234113,2014-05-06,46.0264015198,-153.07598877,8.43851801343,0.902566605707,,,0.494024991989,3.0
234113,2014-05-07,46.0457000732,-153.179016113,8.37131315381,1.02575763742,,,0.494024991989,3.0
234113,2014-05-08,46.0525016785,-153.184020996,8.37900412587,0.989945726,,,0.494024991989,3.0
234113,2014-05-09,46.037399292,-153.17401123,8.39379579219,0.972294953587,,,0.494024991989,3.0
234113,2014-05-10,46.2280006409,-154.148986816,8.05171246653,0.941662706749,8.70926528838,2.09477496541,0.494024991989,3.0
234113,2014-05-11,46.2270011902,-154.192993164,7.81844858283,0.964981009839,,,0.494024991989,3.0
234113,2014-05-12,46.271900177,-154.030029297,7.61172983745,0.958542952488,,,0.494024991989,3.0
234113,2014-05-13,46.2583007812,-153.956970215,7.80622636089,1.12212383449,,,0.494024991989,3.0
234113,2014-05-14,46.2416000366,-153.793029785,8.00672982863,1.15577343166,,,0.494024991989,3.0
234113,2014-05-15,46.1960983276,-153.700012207,7.99107010678,1.2943110906,,,0.494024991989,3.0
234113,2014-05-16,46.1864013672,-153.507995605,7.75803191751,1.71826778662,,,0.494024991989,3.0
234113,2014-05-17,46.1190986633,-153.53302002,8.18336176913,1.92030802383,8.26582992739,2.02510264125,0.494024991989,3.0
234113,2014-05-18,46.145401001,-153.473022461,8.38030620916,1.77021338101,,,0.494024991989,3.0
234113,2014-05-19,46.1217002869,-153.458984375,9.09391730432,1.55512217917,,,0.494024991989,3.0
234113,2014-05-20,46.1227989197,-153.409973145,9.40648674178,1.64309932302,,,0.494024991989,3.0
234113,2014-05-21,46.1427993774,-153.429016113,9.32061868816,1.7623134475,,,0.494024991989,3.0
234113,2014-05-22,46.1682014465,-153.482971191,9.83990687099,1.51163604828,,,0.494024991989,3.0
234113,2014-05-23,46.162399292,-153.588989258,9.92252839692,1.35882574101,,,0.494024991989,3.0
234113,2014-05-24,46.1590995789,-153.807006836,9.87518464798,1.34517361575,8.20246311691,2.08970096541,0.494024991989,3.0
234113,2014-05-25,46.1568984985,-154.062988281,9.80315339959,1.29742313571,,,0.494024991989,3.0
234113,2014-05-26,46.1775016785,-154.216003418,9.61666034818,1.41497208362,,,0.494024991989,3.0
234113,2014-05-27,46.2545013428,-154.401000977,9.40218118631,1.59025706358,,,0.494024991989,3.0
234113,2014-05-28,46.4793014526,-154.914001465,9.09693813761,1.61438013693,,,0.494024991989,3.0
234113,2014-05-29,46.5828018188,-155.111999512,9.22013257927,1.57853224331,,,0.494024991989,3.0
234113,2014-05-30,46.5624008179,-155.093994141,9.39350063098,1.60284206817,,,0.494024991989,3.0
234113,2014-05-31,46.5521011353,-154.992004395,9.51287562829,1.54051372286,9.21962399615,2.31173676083,0.494024991989,3.0
234113,2014-06-01,46.4569015503,-154.882995605,9.50108743411,1.45209399428,,,0.494024991989,3.0
234113,2014-06-02,46.4361991882,-154.791015625,9.77070548363,1.57386389364,,,0.494024991989,3.0
234113,2014-06-03,46.4241981506,-154.757995605,10.2220422791,1.29332314779,,,0.494024991989,3.0
234113,2014-06-04,45.9761009216,-153.901977539,10.7313825455,1.27494671476,,,0.494024991989,3.0
234113,2014-06-05,45.922000885,-153.526000977,10.7489172673,1.27180740341,,,0.494024991989,3.0
234113,2014-06-06,45.9213981628,-153.460998535,10.6496985196,1.17752253864,,,0.494024991989,3.0
234113,2014-06-07,45.9524002075,-153.427001953,10.6520422695,1.19619872266,7.5200780895,2.12662124393,0.494024991989,3.0
234113,2014-06-08,45.9314002991,-152.973999023,10.7668165725,1.13178754578,,,0.494024991989,3.0
234113,2014-06-09,46.0982017517,-153.388000488,10.8158269881,1.05247052753,,,0.494024991989,3.0
234113,2014-06-10,46.0959014893,-153.380981445,10.8396117097,0.972629507784,,,0.494024991989,3.0
234113,2014-06-11,46.1622009277,-153.492004395,10.6112262982,0.93295006856,,,0.494024991989,3.0
234113,2014-06-12,46.1179008484,-153.453979492,10.4005492196,0.955200137248,,,0.494024991989,3.0
234113,2014-06-13,46.1183013916,-153.463012695,10.1380318643,0.889601046701,,,0.494024991989,3.0
234113,2014-06-14,46.2762985229,-153.697998047,10.7117644904,0.919239924251,8.36492835482,2.36795766999,0.494024991989,3.0
234113,2014-06-15,46.2802009583,-153.778015137,11.1054797594,1.11313988499,,,0.494024991989,3.0
234151,2014-05-10,48.9175987244,-159.573974609,6.34499375464,0.531673310511,13.1819401847,1.26073373927,0.494024991989,3.0
234151,2014-05-11,48.9398994446,-159.536010742,6.33839653258,0.50921614765,,,0.494024991989,3.0
234151,2014-05-12,49.0088996887,-159.557983398,6.37475069844,0.519919992215,,,0.494024991989,3.0
234151,2014-05-13,49.0065002441,-159.601013184,6.4290562528,0.423704345519,,,0.494024991989,3.0
234151,2014-05-14,48.9440994263,-159.671020508,6.38157361496,0.416138475866,,,0.494024991989,3.0
234151,2014-05-15,48.9317016602,-159.749023438,6.29521945021,0.490051575772,,,0.494024991989,3.0
234151,2014-05-16,48.973400116,-159.807006836,6.10961181546,0.693634540557,,,0.494024991989,3.0
234151,2014-05-17,48.9854011536,-159.822998047,5.96784098529,1.0227418423,12.9574781391,1.32732854145,0.494024991989,3.0
234151,2014-05-18,49.0479011536,-159.794006348,6.15969861991,1.17161071926,,,0.494024991989,3.0
234151,2014-05-19,49.0666007996,-159.809020996,6.4059312533,1.07483617685,,,0.494024991989,3.0
234151,2014-05-20,49.1055984497,-159.770019531,6.78678193922,0.675254729967,,,0.494024991989,3.0
234151,2014-05-21,49.1702003479,-159.762023926,6.9515215189,0.480969039249,,,0.494024991989,3.0
234151,2014-05-22,49.2130012512,-159.715026855,7.23089651265,0.543708878225,,,0.494024991989,3.0
234151,2014-05-23,49.2122001648,-159.666015625,7.52766733934,0.52864136844,,,0.494024991989,3.0
234151,2014-05-24,49.2386016846,-159.575012207,7.60138261548,0.519594962579,13.0674547553,1.00793124998,0.494024991989,3.0
234151,2014-05-25,49.2613983154,-159.484008789,7.53141733924,0.482949680803,,,0.494024991989,3.0
234151,2014-05-26,49.2468986511,-159.419006348,7.45162567435,0.4256535871,,,0.494024991989,3.0
234151,2014-05-30,49.1570014954,-159.474975586,7.28096595596,0.660526594071,,,0.494024991989,3.0
234151,2014-05-31,48.8330001831,-160.114013672,7.39631317561,0.767944271162,12.6159081459,1.31107292751,0.494024991989,3.0
234151,2014-06-01,48.8438987732,-160.138977051,7.73025414037,0.750270497857,,,0.494024991989,3.0
234151,2014-06-02,48.8574981689,-160.130981445,8.09829232658,0.780130108422,,,0.494024991989,3.0
234151,2014-06-03,49.2144012451,-160.320983887,8.09836177104,0.699221745534,,,0.494024991989,3.0
234151,2014-06-04,49.4183998108,-160.232971191,8.05028885544,0.629772408355,,,0.494024991989,3.0
234151,2014-06-05,49.6231002808,-160.242004395,8.11850065945,0.608434493548,,,0.494024991989,3.0
234151,2014-06-06,48.9625015259,-160.182983398,8.23858746234,0.583275834787,,,0.494024991989,3.0
235024,2014-06-04,49.3288993835,-165.030029297,7.40582706427,0.622942512563,,,0.494024991989,3.0
235024,2014-06-05,49.3998985291,-164.986022949,7.49744164555,0.590304474815,,,0.494024991989,3.0
235024,2014-06-06,49.460899353,-164.984008789,7.68837914131,0.500561410031,,,0.494024991989,3.0
235024,2014-06-07,49.4819984436,-164.99597168,7.65646941977,0.441838334868,12.634330531,0.847903382049,0.494024991989,3.0
235024,2014-06-08,49.4645004272,-164.979003906,7.63796247574,0.423877994817,,,0.494024991989,3.0
235024,2014-06-09,49.466999054,-165.026000977,7.97749371818,0.399517090908,,,0.494024991989,3.0
235024,2014-06-10,49.4634017944,-165.065979004,8.14275413113,0.411018050154,,,0.494024991989,3.0
235024,2014-06-11,49.5149993896,-165.007019043,8.07459441042,0.48843833136,,,0.494024991989,3.0
235024,2014-06-12,49.5671005249,-164.973999023,8.07348329937,0.31634731429,,,0.494024991989,3.0
235024,2014-06-13,49.5677986145,-165.0,8.06357010512,0.274157779732,,,0.494024991989,3.0
235024,2014-06-14,49.5027008057,-165.080993652,8.09584440997,0.271602590936,12.6946336693,0.597534628314,0.494024991989,3.0
235024,2014-06-15,49.5293998718,-165.101013184,8.36251107068,0.233927704993,,,0.494024991989,3.0
235024,2014-06-16,49.5722007751,-165.065002441,8.42075759714,0.270695278725,,,0.494024991989,3.0
235024,2014-06-17,49.611000061,-165.114013672,8.5061569008,0.271286207814,,,0.494024991989,3.0
235024,2014-06-18,49.5788002014,-165.12097168,8.48511523459,0.293713818938,,,0.494024991989,3.0
235024,2014-06-19,49.564201355,-165.130004883,8.41138259735,0.320434721693,,,0.494024991989,3.0
235024,2014-06-20,49.5331993103,-165.137023926,8.25575760085,0.639836192846,,,0.494024991989,3.0
235024,2014-06-21,49.5554008484,-165.145019531,8.30192079425,0.92529021434,12.5519736475,0.616474074769,0.494024991989,3.0
235024,2014-06-22,49.4441986084,-165.104003906,8.42327495821,1.19322220813,,,0.494024991989,3.0
235024,2014-06-23,49.464099884,-165.052001953,8.55705967743,1.18460230377,,,0.494024991989,3.0
235024,2014-06-24,49.4623985291,-164.950012207,8.41994162496,1.20960048081,,,0.494024991989,3.0
235024,2014-06-25,49.4231987,-164.916992188,8.37737218147,0.97290717834,,,0.494024991989,3.0
235024,2014-06-26,49.4427986145,-164.856018066,8.55815342741,0.859204111323,,,0.494024991989,3.0
235024,2014-06-27,49.4385986328,-164.869018555,8.77775411694,0.789660350651,,,0.494024991989,3.0
235024,2014-06-28,49.2406997681,-164.90802002,8.9298200858,0.673720585811,12.3034290075,0.735079704738,0.494024991989,3.0
235024,2014-06-29,49.5396995544,-164.79901123,9.13181660903,0.649465298595,,,0.494024991989,3.0
235024,2014-06-30,49.5500984192,-164.864013672,9.24357007877,0.623569001997,,,0.494024991989,3.0
235024,2014-07-01,49.5532989502,-164.882019043,9.46495896269,0.61578537984,,,0.494024991989,3.0
235024,2014-07-02,49.5237998962,-164.956970215,9.44096590769,0.732643862438,,,0.494024991989,3.0
235024,2014-07-03,49.5345993042,-165.005004883,9.16468119164,0.941174401419,,,0.494024991989,3.0
235024,2014-07-04,49.5317001343,-165.012023926,9.10704230402,1.03190642924,,,0.494024991989,3.0
235024,2014-07-05,49.5649986267,-164.994018555,9.38226799233,0.879499364288,12.3272344536,0.521888387906,0.494024991989,3.0
235024,2014-07-06,49.5787010193,-165.03302002,9.53794507217,0.90927851129,,,0.494024991989,3.0
235024,2014-07-07,49.5704994202,-164.96697998,9.54301451649,1.08293009418,,,0.494024991989,3.0
235024,2014-07-08,49.6029014587,-164.987976074,9.98806658989,0.700456432977,,,0.494024991989,3.0
235024,2014-07-09,49.6034011841,-164.869995117,10.7263825456,0.464835984787,,,0.494024991989,3.0
235024,2014-07-10,49.6599998474,-164.927001953,10.8502887929,0.306446810511,,,0.494024991989,3.0
235056,2014-07-06,43.1940002441,-151.903015137,14.1349414972,1.30851044053,,,0.494024991989,3.0
235056,2014-07-07,43.198600769,-151.875,14.2862269105,1.38777132184,,,0.494024991989,3.0
235056,2014-07-08,43.2775993347,-151.820983887,14.4231185741,1.4416934014,,,0.494024991989,3.0
235056,2014-07-09,43.2653999329,-151.802001953,14.6489345413,1.3722336001,,,0.494024991989,3.0
235056,2014-07-10,43.3013000488,-151.773986816,14.6045769034,1.17721178648,,,0.494024991989,3.0
235056,2014-07-11,43.3132019043,-151.729980469,14.5433095436,1.00223293369,,,0.494024991989,3.0
235056,2014-07-12,43.2877998352,-151.706970215,14.8037435656,1.36445679726,4.92825104627,1.54853051616,0.494024991989,3.0
235056,2014-07-13,43.3125,-151.708984375,14.8210005096,1.3541247575,,,0.494024991989,3.0
235112,2014-04-06,48.8916015625,-152.976989746,7.25443817877,0.897593886586,,,0.494024991989,3.0
235112,2014-04-07,48.8762016296,-152.973022461,7.18424720811,0.850882365933,,,0.494024991989,3.0
235112,2014-04-08,48.8502006531,-152.921020508,7.24714651228,0.85366046791,,,0.494024991989,3.0
235112,2014-04-09,48.8386001587,-152.918029785,7.15117429219,0.937886036101,,,0.494024991989,3.0
235112,2014-04-10,48.8320999146,-152.927001953,7.11818818181,0.907674813489,,,0.494024991989,3.0
235112,2014-04-11,48.835899353,-152.95300293,7.07457707168,0.917982360672,,,0.494024991989,3.0
235112,2014-04-12,48.8050003052,-152.820007324,7.22202498506,0.845707015811,10.7626205418,2.16646215199,0.494024991989,3.0
235112,2014-04-13,48.7789001465,-152.698974609,7.30039303887,0.845664945245,,,0.494024991989,3.0
235112,2014-04-14,48.7444000244,-152.572998047,7.33567081586,0.830488089278,,,0.494024991989,3.0
235112,2014-04-15,48.7429008484,-152.460998535,7.35454234321,0.836636396684,,,0.494024991989,3.0
235112,2014-04-16,48.7471008301,-152.416992188,7.41643470295,0.855461213185,,,0.494024991989,3.0
235112,2014-04-17,48.7504005432,-152.359008789,7.51028886752,0.86263240262,,,0.494024991989,3.0
235112,2014-04-18,48.7625999451,-152.359008789,7.43407359144,0.82482893598,,,0.494024991989,3.0
235112,2014-04-19,48.7683982849,-152.398986816,7.3609833153,0.843875446861,10.6829147273,2.02827062774,0.494024991989,3.0
235112,2014-04-20,48.7789001465,-152.45098877,7.36638262072,0.841700835701,,,0.494024991989,3.0
235112,2014-04-21,48.7915992737,-152.534973145,7.34563609339,0.864876309932,,,0.494024991989,3.0
235112,2014-04-22,48.8194007874,-152.559020996,7.26152151195,0.867590402456,,,0.494024991989,3.0
235112,2014-04-23,48.8204994202,-152.635009766,7.20634790207,0.857740940753,,,0.494024991989,3.0
235112,2014-04-24,48.8526992798,-152.679992676,7.28815345578,0.888134761646,,,0.494024991989,3.0
235112,2014-04-25,48.8394012451,-152.724975586,7.18742429139,0.850973640422,,,0.494024991989,3.0
235112,2014-04-26,48.8474006653,-152.653015137,7.05808401651,0.85530699344,10.9748804271,2.04734993085,0.494024991989,3.0
235112,2014-04-27,48.8277015686,-152.606018066,7.05402151659,0.797323391069,,,0.494024991989,3.0
235112,2014-04-28,48.8130989075,-152.53302002,7.15744165317,0.825874536128,,,0.494024991989,3.0
235112,2014-04-29,48.7774009705,-152.445007324,7.43841386912,0.742186719946,,,0.494024991989,3.0
235112,2014-04-30,48.7643013,-152.405029297,7.53905622798,0.737521442291,,,0.494024991989,3.0
235112,2014-05-01,48.7555007935,-152.348022461,7.61185136522,0.69291783811,,,0.494024991989,3.0
235112,2014-05-02,48.7352981567,-152.32800293,7.39138262016,0.700543237978,,,0.494024991989,3.0
235112,2014-05-03,48.7300987244,-152.318969727,7.55329233877,0.625602349845,10.6937268343,1.92881616023,0.494024991989,3.0
235112,2014-05-04,48.7187995911,-152.367980957,7.53207706148,0.567115495849,,,0.494024991989,3.0
235112,2014-05-05,48.7056007385,-152.396972656,7.32233748282,0.583919183182,,,0.494024991989,3.0
235112,2014-05-06,48.6977005005,-152.452026367,7.36610484295,0.670067196324,,,0.494024991989,3.0
235112,2014-05-07,48.6943016052,-152.505981445,7.29700762228,0.767320180041,,,0.494024991989,3.0
235112,2014-05-08,48.7128982544,-152.577026367,7.32695553826,0.722819804025,,,0.494024991989,3.0
235112,2014-05-09,48.731300354,-152.655029297,7.34622637117,0.652457979825,,,0.494024991989,3.0
235112,2014-05-10,48.7717018127,-152.728027344,7.34728539893,0.625360508125,10.7388082643,1.99578853187,0.494024991989,3.0
235112,2014-05-11,48.8103981018,-152.818969727,6.99909096227,0.750598967868,,,0.494024991989,3.0
235112,2014-05-12,48.8354988098,-152.903991699,6.66372638644,0.932740751027,,,0.494024991989,3.0
235112,2014-05-13,48.8744010925,-152.942016602,6.66252846978,0.966337482953,,,0.494024991989,3.0
235112,2014-05-14,48.8790016174,-152.963989258,6.65846596986,1.0786777942,,,0.494024991989,3.0
235112,2014-05-15,48.8975982666,-153.005981445,6.57699027725,1.25814733589,,,0.494024991989,3.0
235112,2014-05-16,48.9067993164,-153.026977539,5.94560140246,1.5314093123,,,0.494024991989,3.0
235112,2014-05-17,48.9016990662,-153.030029297,5.98020209614,1.72167001777,10.6450175875,2.06531167881,0.494024991989,3.0
235112,2014-05-18,48.8937988281,-152.984985352,6.65091388671,1.68955941719,,,0.494024991989,3.0
235112,2014-05-19,48.8870010376,-152.945983887,7.31009789976,1.61763204632,,,0.494024991989,3.0
235112,2014-05-20,48.8790016174,-152.913024902,7.55770206089,1.65387035121,,,0.494024991989,3.0
235112,2014-05-21,48.8293991089,-152.79498291,7.88964649791,1.69198255566,,,0.494024991989,3.0
235112,2014-05-22,48.7966995239,-152.737976074,8.3879798201,1.65452517476,,,0.494024991989,3.0
235112,2014-05-23,48.7896995544,-152.744995117,8.6717818971,1.35647587572,,,0.494024991989,3.0
235112,2014-05-24,48.7802009583,-152.781005859,8.67579231367,1.22142710137,10.3640544381,2.00605179826,0.494024991989,3.0
235112,2014-05-25,48.7577018738,-152.796020508,8.72089647935,1.11002506739,,,0.494024991989,3.0
235112,2014-05-26,48.7745018005,-152.867004395,8.59431662106,1.12082896626,,,0.494024991989,3.0
235112,2014-05-27,48.7756004333,-152.968017578,8.437042319,1.25733779627,,,0.494024991989,3.0
235112,2014-05-28,48.7795982361,-153.03302002,8.44218120778,1.30361317286,,,0.494024991989,3.0
235112,2014-05-29,48.7779006958,-153.098999023,8.23955968454,1.28493163348,,,0.494024991989,3.0
235112,2014-05-30,48.7633018494,-153.143005371,8.16631315842,1.35485327299,,,0.494024991989,3.0
235112,2014-05-31,48.7472000122,-153.168029785,8.32225065491,1.28050032602,10.5376621087,2.00572794744,0.494024991989,3.0
235112,2014-06-01,48.742099762,-153.195007324,8.58829231563,1.04424343706,,,0.494024991989,3.0
235112,2014-06-02,48.7583007812,-153.182983398,8.64471592548,1.08066414807,,,0.494024991989,3.0
235112,2014-06-03,48.7159996033,-153.085998535,9.24825757864,1.15668058011,,,0.494024991989,3.0
235112,2014-06-04,48.7304992676,-153.04901123,9.31820549376,1.09732863552,,,0.494024991989,3.0
235112,2014-06-05,48.8068008423,-153.109008789,9.30804924398,1.04305837451,,,0.494024991989,3.0
235112,2014-06-06,48.8384017944,-153.057983398,9.30155618857,0.881794784107,,,0.494024991989,3.0
235112,2014-06-07,48.7929992676,-152.92401123,9.38990688105,0.767359878762,10.4325416088,1.95699118716,0.494024991989,3.0
235112,2014-06-08,48.864200592,-153.020019531,9.540740211,0.720572436273,,,0.494024991989,3.0
235112,2014-06-09,48.8968009949,-153.057983398,9.81230270494,0.61511995192,,,0.494024991989,3.0
235112,2014-06-10,48.8608016968,-153.068969727,9.76940340031,0.667578346279,,,0.494024991989,3.0
235112,2014-06-11,48.8692016602,-153.101013184,9.70440340176,0.632748028706,,,0.494024991989,3.0
235112,2014-06-12,48.854801178,-153.117004395,9.56876104371,0.492697311777,,,0.494024991989,3.0
235112,2014-06-13,48.811000824,-153.125,9.49716035089,0.584691426102,,,0.494024991989,3.0
235112,2014-06-14,48.76720047,-153.111999512,9.86950756476,0.748060041179,10.7335681584,1.90025987045,0.494024991989,3.0
235112,2014-06-15,48.7326011658,-153.116027832,9.96921242363,0.761717662528,,,0.494024991989,3.0
235112,2014-06-16,48.6288986206,-153.059997559,9.82916034345,0.78667642549,,,0.494024991989,3.0
235112,2014-06-17,48.6220016479,-153.072021484,10.0448026997,0.935105440722,,,0.494024991989,3.0
235112,2014-06-18,48.6240997314,-153.091003418,10.1048026984,0.861256675274,,,0.494024991989,3.0
235112,2014-06-19,48.557598114,-153.067993164,10.1651672804,0.906061867111,,,0.494024991989,3.0
235112,2014-06-20,48.5488014221,-153.057006836,9.97955964563,0.82459136022,,,0.494024991989,3.0
235112,2014-06-21,48.5755004883,-153.085021973,10.3676499148,0.714371384155,10.7033923434,1.90454157458,0.494024991989,3.0
235112,2014-06-22,48.6530990601,-153.17199707,10.4816950511,0.72060423836,,,0.494024991989,3.0
235112,2014-06-23,48.7195014954,-153.275024414,10.8023200439,0.952716992791,,,0.494024991989,3.0
235112,2014-06-24,48.7588996887,-153.335021973,10.9186568469,1.05552924455,,,0.494024991989,3.0
235112,2014-06-25,48.78150177,-153.37298584,10.0763651991,1.71675540318,,,0.494024991989,3.0
235112,2014-06-26,48.8087005615,-153.383972168,10.1239693646,1.4179682611,,,0.494024991989,3.0
235112,2014-06-27,48.8496017456,-153.49798584,10.4983790785,1.0420825057,,,0.494024991989,3.0
235112,2014-06-28,48.8946990967,-153.476989746,10.559299216,0.769469503304,10.7000455823,1.8650758809,0.494024991989,3.0
235112,2014-06-29,48.8928985596,-153.45098877,10.8026846272,0.580553140029,,,0.494024991989,3.0
235112,2014-06-30,48.8586006165,-153.445983887,10.8133443492,0.660401751191,,,0.494024991989,3.0
235112,2014-07-01,48.8266983032,-153.45098877,11.0825978154,0.492899297415,,,0.494024991989,3.0
235112,2014-07-02,48.8041000366,-153.432006836,11.0973547595,0.383456102834,,,0.494024991989,3.0
235112,2014-07-03,48.7877998352,-153.271972656,11.1117992037,0.397546208763,,,0.494024991989,3.0
235112,2014-07-04,48.7261009216,-153.244018555,11.2285179511,0.394452491557,,,0.494024991989,3.0
235112,2014-07-05,48.7257995605,-153.226989746,11.3240387822,0.435621834289,10.5043783883,1.90654148444,0.494024991989,3.0
235112,2014-07-06,48.7256011963,-153.236022949,11.5008790561,0.467257014897,,,0.494024991989,3.0
235112,2014-07-07,48.7327003479,-153.255981445,11.6935353018,0.502899710813,,,0.494024991989,3.0
235112,2014-07-08,48.7603988647,-153.286987305,11.7272679399,0.452705519779,,,0.494024991989,3.0
235112,2014-07-09,48.787399292,-153.32800293,11.7657401613,0.511260118034,,,0.494024991989,3.0
235112,2014-07-10,48.826499939,-153.364990234,11.8644207146,0.608584960889,,,0.494024991989,3.0
235112,2014-07-11,48.8485984802,-153.372009277,11.927823491,0.729468864103,,,0.494024991989,3.0
235112,2014-07-12,48.8908996582,-153.406982422,11.8932227973,0.603433054385,10.4602384865,1.86819882354,0.494024991989,3.0
235112,2014-07-13,48.9137992859,-153.393005371,11.9912089062,0.55496108972,,,0.494024991989,3.0
235263,2014-06-22,46.0332984924,-162.708007812,9.92909089678,0.966778879914,,,0.494024991989,3.0
235263,2014-06-23,46.0573005676,-162.638000488,10.1675283915,1.09456433147,,,0.494024991989,3.0
235263,2014-06-24,46.0385017395,-162.674987793,10.220931168,1.33860410596,,,0.494024991989,3.0
235263,2014-06-25,46.0299987793,-162.643981934,10.0831881156,1.45935355997,,,0.494024991989,3.0
235263,2014-06-26,46.0419998169,-162.682006836,10.0520422829,1.49009945718,,,0.494024991989,3.0
235263,2014-06-27,46.0312004089,-162.668029785,10.1683790859,1.44267791153,,,0.494024991989,3.0
235263,2014-06-28,45.9754981995,-162.70300293,10.3309311656,1.41578089818,9.91372914116,1.7089753659,0.494024991989,3.0
235263,2014-06-29,45.9122009277,-162.747009277,10.3780318589,1.35998454955,,,0.494024991989,3.0
235263,2014-06-30,45.9269981384,-162.783996582,10.4401672743,1.28615486261,,,0.494024991989,3.0
235263,2014-07-01,45.9313011169,-162.898986816,10.5031533839,1.22290730627,,,0.494024991989,3.0
235263,2014-07-02,45.9351997375,-162.981018066,10.352007554,1.25184554099,,,0.494024991989,3.0
235263,2014-07-03,46.0550003052,-163.072021484,9.61350062607,1.71210119603,,,0.494024991989,3.0
235263,2014-07-04,46.0960006714,-163.064025879,9.39138257547,1.91213952326,,,0.494024991989,3.0
235263,2014-07-05,46.1473007202,-163.072998047,9.57386521027,1.62659494891,10.2128768696,1.57032128623,0.494024991989,3.0
235263,2014-07-06,46.1576004028,-163.018981934,9.94162561871,1.37776341577,,,0.494024991989,3.0
235263,2014-07-07,46.2352981567,-163.083984375,10.0558096439,1.5306740523,,,0.494024991989,3.0
235263,2014-07-08,46.3675994873,-163.124023438,10.300896444,1.67592687313,,,0.494024991989,3.0
235263,2014-07-09,46.3768005371,-163.039001465,10.8729103201,1.19779439562,,,0.494024991989,3.0
235263,2014-07-10,46.4054985046,-163.015991211,10.914281847,0.819412823598,,,0.494024991989,3.0
235263,2014-07-11,46.3925018311,-162.976013184,10.8587957371,0.677858599642,,,0.494024991989,3.0
235263,2014-07-12,46.4003982544,-162.947998047,10.7966776829,0.682440065234,10.0672277212,1.5792611627,0.494024991989,3.0
235263,2014-07-13,46.3371009827,-162.92199707,10.9918512897,0.832686688317,,,0.494024991989,3.0
235380,2014-06-16,48.7422981262,-157.633972168,9.3465909098,0.585893775411,,,0.494024991989,3.0
235380,2014-06-17,48.7756996155,-157.530029297,9.43008049127,0.595522549534,,,0.494024991989,3.0
235380,2014-06-18,48.7845001221,-157.41998291,9.4814520179,0.606582107473,,,0.494024991989,3.0
235380,2014-06-19,48.7342987061,-157.375976562,9.45433396295,0.632098972791,,,0.494024991989,3.0
235380,2014-06-20,48.7219009399,-157.357971191,9.09521938763,0.431354118337,,,0.494024991989,3.0
235380,2014-06-21,48.6805992126,-157.364013672,9.55355271072,0.502751727979,12.0740534133,1.31822507777,0.494024991989,3.0
235380,2014-06-22,48.6669998169,-157.356018066,9.90574020284,0.704529033239,,,0.494024991989,3.0
235380,2014-06-23,48.6660003662,-157.416015625,10.2582922783,0.743283336977,,,0.494024991989,3.0
235380,2014-06-24,48.6708984375,-157.447021484,10.3301846378,0.918042205459,,,0.494024991989,3.0
235380,2014-06-25,48.70470047,-157.482971191,9.61797979262,1.13286004422,,,0.494024991989,3.0
235380,2014-06-26,48.7480010986,-157.552001953,9.68886520769,1.03659705715,,,0.494024991989,3.0
235380,2014-06-27,48.8398017883,-157.583007812,9.94152145207,0.883046737134,,,0.494024991989,3.0
235380,2014-06-28,48.9802017212,-157.59197998,9.95803186835,0.727692086761,12.035822173,1.2781816034,0.494024991989,3.0
235380,2014-06-29,49.1175994873,-157.512023926,10.3018686662,0.65541114075,,,0.494024991989,3.0
235380,2014-06-30,49.1749000549,-157.508972168,10.3423026931,0.647044139663,,,0.494024991989,3.0
235380,2014-07-01,49.2480010986,-157.474975586,10.5428756053,0.672751914138,,,0.494024991989,3.0
235380,2014-07-02,49.2532997131,-157.476013184,10.5850283821,0.660320854923,,,0.494024991989,3.0
235380,2014-07-03,49.2153015137,-157.494995117,10.3299763045,0.91062222253,,,0.494024991989,3.0
235380,2014-07-04,49.1594009399,-157.460998535,10.2125631127,1.10874842533,,,0.494024991989,3.0
235380,2014-07-05,49.0029983521,-157.439025879,10.4870249121,1.01446357382,12.090536707,0.969818278176,0.494024991989,3.0
235380,2014-07-06,48.8251991272,-157.390014648,10.7543339339,0.823533143264,,,0.494024991989,3.0
235380,2014-07-07,48.6525993347,-157.357971191,10.953326985,0.660561801446,,,0.494024991989,3.0
235380,2014-07-08,48.5433006287,-157.348022461,11.0998200373,0.550235324924,,,0.494024991989,3.0
235380,2014-07-09,48.4878005981,-157.400024414,11.1082748982,0.604219926913,,,0.494024991989,3.0
235380,2014-07-10,48.4606018066,-157.476013184,11.1051672594,0.551737453011,,,0.494024991989,3.0
235380,2014-07-11,48.4702987671,-157.53302002,11.1244207312,0.560948579898,,,0.494024991989,3.0
235380,2014-07-12,48.4990997314,-157.580993652,11.1657228136,0.509921199477,11.2164521416,1.63431206518,0.494024991989,3.0
235380,2014-07-13,48.5358009338,-157.607971191,11.2457054507,0.446127887777,,,0.494024991989,3.0
236181,2014-07-12,44.7881011963,-155.085998535,13.0145074945,1.06313730541,7.08701575465,2.34463725916,0.494024991989,3.0
236181,2014-07-13,45.0035018921,-155.111999512,12.8675977755,1.01358088187,,,0.494024991989,3.0
236680,2014-05-23,47.3376998901,-151.523986816,9.79259784426,1.61789397536,,,0.494024991989,3.0
236680,2014-05-24,47.3319015503,-151.523010254,9.78768464993,1.55258290657,8.45732709766,1.96803869784,0.494024991989,3.0
236680,2014-05-25,47.3188018799,-151.390014648,9.79549714977,1.485515924,,,0.494024991989,3.0
236680,2014-05-26,47.2914009094,-151.054992676,9.72719854017,1.4598414119,,,0.494024991989,3.0
236680,2014-05-27,47.297000885,-151.020019531,9.68719854107,1.56267092258,,,0.494024991989,3.0
236680,2014-05-28,47.2463989258,-151.107971191,9.71615687374,1.56937692278,,,0.494024991989,3.0
236680,2014-05-29,47.2326011658,-151.088012695,9.73067076232,1.59335804578,,,0.494024991989,3.0
236680,2014-05-30,47.2176017761,-151.164978027,9.72311867916,1.62198359899,,,0.494024991989,3.0
236680,2014-05-31,47.2006988525,-151.143981934,9.83945548211,1.5011374674,8.2496485677,1.92218584112,0.494024991989,3.0
236680,2014-06-01,47.1894989014,-151.20300293,9.93848325766,1.46526111681,,,0.494024991989,3.0
236680,2014-06-02,47.1884994507,-151.301025391,9.93240686892,1.50271064506,,,0.494024991989,3.0
236680,2014-06-03,47.229801178,-151.29699707,10.3773547756,1.27580245646,,,0.494024991989,3.0
236680,2014-06-04,47.2764015198,-151.755981445,10.3212610269,1.31567072024,,,0.494024991989,3.0
236680,2014-06-05,47.2947006226,-151.768981934,10.3115735271,1.23696347913,,,0.494024991989,3.0
236680,2014-06-06,47.2878990173,-151.757019043,10.2078756127,0.996284218625,,,0.494024991989,3.0
236680,2014-06-07,47.3330993652,-152.202026367,10.1280839479,1.01278855078,8.68690103624,2.22709401085,0.494024991989,3.0
236680,2014-06-08,47.3497009277,-152.367004395,10.1538651973,0.954347528619,,,0.494024991989,3.0
236680,2014-06-09,47.3567008972,-152.463012695,10.2989519996,0.904777036163,,,0.494024991989,3.0
236680,2014-06-10,47.3259010315,-152.437011719,10.3383269987,0.917101841954,,,0.494024991989,3.0
236680,2014-06-11,47.2658004761,-152.385986328,10.2732054724,0.889233316923,,,0.494024991989,3.0
236680,2014-06-12,47.2228012085,-152.291992188,10.0234138113,0.763927548726,,,0.494024991989,3.0
236680,2014-06-13,47.1049003601,-151.749023438,10.0567818662,0.923280857222,,,0.494024991989,3.0
236680,2014-06-14,47.206199646,-152.116027832,10.5590214382,0.930447141987,8.76914467083,2.26764328074,0.494024991989,3.0
236680,2014-06-15,47.228099823,-151.992004395,10.8259137934,1.0256166631,,,0.494024991989,3.0
236680,2014-06-16,47.1679000854,-151.599975586,10.8181012936,1.11562842915,,,0.494024991989,3.0
236680,2014-06-17,47.2112998962,-151.783996582,10.8935005974,1.15135737052,,,0.494024991989,3.0
236680,2014-06-18,47.1627006531,-151.981994629,10.8975283751,1.12782689592,,,0.494024991989,3.0
236680,2014-06-19,47.1711997986,-151.643005371,11.018396428,1.13931672673,,,0.494024991989,3.0
236680,2014-06-20,47.1586990356,-151.710998535,10.891070042,1.17436213746,,,0.494024991989,3.0
236680,2014-06-21,47.1649017334,-151.719970703,11.0114867059,0.920406426485,8.54617646999,2.19576161532,0.494024991989,3.0
236680,2014-06-22,47.167098999,-151.809020996,11.0960700374,0.822054388628,,,0.494024991989,3.0
236680,2014-06-23,47.1893005371,-151.789978027,11.3938998918,0.81530201804,,,0.494024991989,3.0
236680,2014-06-24,47.2108001709,-151.992004395,11.5089346114,0.837880385734,,,0.494024991989,3.0
236680,2014-06-25,47.2275009155,-152.114013672,11.2590040615,1.25905257356,,,0.494024991989,3.0
236680,2014-06-26,47.2187995911,-152.236022949,11.2179797568,1.1915450163,,,0.494024991989,3.0
236680,2014-06-27,47.2271003723,-152.257019043,11.362406837,0.98543684482,,,0.494024991989,3.0
236680,2014-06-28,47.1936988831,-152.361022949,11.3973547529,0.941776643029,8.82369323572,2.29462735012,0.494024991989,3.0
236680,2014-06-29,47.1806983948,-152.401977539,11.4456533629,0.815565882193,,,0.494024991989,3.0
236680,2014-06-30,47.1693992615,-152.320983887,11.4417123908,0.817417759465,,,0.494024991989,3.0
236680,2014-07-01,47.1581001282,-152.038024902,11.5702193323,0.689646738078,,,0.494024991989,3.0
236680,2014-07-02,47.1587982178,-151.986999512,11.5624068325,0.694424920979,,,0.494024991989,3.0
236680,2014-07-03,47.0875015259,-151.867980957,11.6473373862,0.781797282992,,,0.494024991989,3.0
236680,2014-07-04,47.0942001343,-151.87902832,11.6965040517,0.784164878523,,,0.494024991989,3.0
236680,2014-07-05,47.1006011963,-151.854003906,11.8853582141,0.909233123778,8.51098191738,2.17068728019,0.494024991989,3.0
236680,2014-07-06,47.1635017395,-151.809997559,11.9722505733,0.800705829373,,,0.494024991989,3.0
236680,2014-07-07,47.1721000671,-151.844970703,12.1299936253,0.750508911998,,,0.494024991989,3.0
236680,2014-07-08,47.1800994873,-151.856994629,12.1748200132,0.733121223532,,,0.494024991989,3.0
236680,2014-07-09,47.1936988831,-151.851989746,12.3060700103,0.868809793792,,,0.494024991989,3.0
236680,2014-07-10,47.2010993958,-151.822998047,12.5467644494,0.829643586186,,,0.494024991989,3.0
236680,2014-07-11,47.1948013306,-151.815002441,12.744906806,0.864931438771,,,0.494024991989,3.0
236680,2014-07-12,47.1805000305,-151.836975098,12.7638130556,0.804610822011,8.48442020019,2.20589741375,0.494024991989,3.0
236680,2014-07-13,47.1426010132,-151.809020996,12.8193512488,0.766836354864,,,0.494024991989,3.0
237805,2014-04-19,43.6915016174,-163.58001709,8.24567079552,1.2386067183,9.04009332922,1.8043200507,0.494024991989,3.0
237805,2014-04-20,44.1552009583,-163.033996582,8.00372635648,1.35450361688,,,0.494024991989,3.0
237805,2014-04-21,44.2014007568,-163.036987305,8.12735482593,1.3813995045,,,0.494024991989,3.0
237805,2014-04-22,44.2947998047,-163.052001953,8.19315343559,1.39265139647,,,0.494024991989,3.0
237805,2014-04-23,44.3278007507,-163.04498291,8.1808791303,1.4171280184,,,0.494024991989,3.0
237805,2014-04-24,44.3456993103,-163.059997559,8.1607749641,1.42551964359,,,0.494024991989,3.0
237805,2014-04-25,44.3539009094,-163.062011719,8.06370899401,1.4812833407,,,0.494024991989,3.0
237805,2014-04-26,43.3856010437,-163.726989746,8.52968120585,1.51624575536,8.64286807841,1.71875110473,0.494024991989,3.0
237805,2014-04-27,43.3778991699,-163.71697998,8.48440342907,1.3696773032,,,0.494024991989,3.0
237805,2014-04-28,43.3410987854,-163.698974609,8.70435134081,1.30475979371,,,0.494024991989,3.0
237805,2014-04-29,43.3097000122,-163.664978027,8.78329231127,1.27458125493,,,0.494024991989,3.0
237805,2014-04-30,43.2756004333,-163.679016113,8.92561869697,1.3661715005,,,0.494024991989,3.0
237805,2014-05-01,43.2697982788,-163.62902832,8.91379578058,1.49837460674,,,0.494024991989,3.0
237805,2014-05-02,43.2879981995,-163.67401123,8.74553189544,1.61794983845,,,0.494024991989,3.0
237805,2014-05-03,43.3097991943,-163.578979492,8.78249370017,1.63859968369,8.53765109181,1.71535562427,0.494024991989,3.0
237805,2014-05-04,43.314201355,-163.528991699,8.7176152294,1.69268193053,,,0.494024991989,3.0
237805,2014-05-05,43.3483009338,-163.458984375,8.65067078647,1.58143609562,,,0.494024991989,3.0
237805,2014-05-06,43.3487014771,-163.351989746,8.55396939972,1.47934811694,,,0.494024991989,3.0
237805,2014-05-07,43.34400177,-163.302978516,8.74383050659,1.50076198778,,,0.494024991989,3.0
237805,2014-05-08,43.3235015869,-163.293029785,8.87560133701,1.49713856332,,,0.494024991989,3.0
237805,2014-05-09,43.3023986816,-163.315979004,8.88636522564,1.48464550583,,,0.494024991989,3.0
237805,2014-05-10,43.2695999146,-163.255004883,8.90975064178,1.48475892308,8.30253893799,1.75464657265,0.494024991989,3.0
237805,2014-05-11,43.2472000122,-163.270996094,8.93603536344,1.47987021681,,,0.494024991989,3.0
237805,2014-05-12,43.2182998657,-163.203979492,8.96907355715,1.46784844434,,,0.494024991989,3.0
237805,2014-05-13,43.2034988403,-163.192993164,8.96652147383,1.41016040064,,,0.494024991989,3.0
237805,2014-05-14,43.2571983337,-163.224975586,8.93013258578,1.42027709302,,,0.494024991989,3.0
237805,2014-05-15,43.2962989807,-163.262023926,8.73697286786,1.6590436601,,,0.494024991989,3.0
237805,2014-05-16,43.3149986267,-163.333007812,8.75534092303,1.82637623859,,,0.494024991989,3.0
237805,2014-05-17,43.3319015503,-163.418029785,8.79278883883,1.82246546552,8.16847699218,1.74988699163,0.494024991989,3.0
237805,2014-05-18,43.3436012268,-163.50201416,8.88521939232,1.84671717331,,,0.494024991989,3.0
237805,2014-05-19,43.3400001526,-163.536010742,8.74056661779,1.81638016808,,,0.494024991989,3.0
237805,2014-05-20,43.3278999329,-163.562011719,8.88455967014,1.65366071974,,,0.494024991989,3.0
237805,2014-05-21,43.3566017151,-163.551025391,9.07433397142,1.47534773696,,,0.494024991989,3.0
237805,2014-05-22,43.3357009888,-163.539001465,9.40830965842,1.46962450749,,,0.494024991989,3.0
237805,2014-05-23,43.3210983276,-163.530029297,9.54304923872,1.43520443584,,,0.494024991989,3.0
237805,2014-05-24,43.3092002869,-163.603027344,9.63207701452,1.39303150817,8.13741661774,1.72564023158,0.494024991989,3.0
237805,2014-05-25,43.3064994812,-163.687988281,9.21212910723,1.5038196095,,,0.494024991989,3.0
237805,2014-05-26,43.3213996887,-163.757019043,9.19643466315,1.48923578125,,,0.494024991989,3.0
237805,2014-05-27,43.3325996399,-163.867980957,9.33270202121,1.4466559467,,,0.494024991989,3.0
237805,2014-05-28,43.3429985046,-163.916015625,9.72964645678,1.61192710145,,,0.494024991989,3.0
237805,2014-05-29,43.3591995239,-163.958007812,9.80134784408,1.62979938773,,,0.494024991989,3.0
237805,2014-05-30,43.3996009827,-163.973999023,9.72299715135,1.51479362635,,,0.494024991989,3.0
237805,2014-05-31,43.3964996338,-163.942016602,10.0990388096,1.51289800568,8.02373876837,1.71965687902,0.494024991989,3.0
237805,2014-06-01,43.3875007629,-163.857971191,10.2572332506,1.50099170289,,,0.494024991989,3.0
237805,2014-06-02,43.3852996826,-163.833984375,10.2667645003,1.5772851358,,,0.494024991989,3.0
237805,2014-06-03,43.3773994446,-163.815002441,10.2266776957,1.61596303195,,,0.494024991989,3.0
237805,2014-06-04,43.3566017151,-163.932006836,10.656035325,1.47445596105,,,0.494024991989,3.0
237805,2014-06-05,43.3800010681,-164.093994141,10.6168165758,1.42978200429,,,0.494024991989,3.0
237805,2014-06-06,43.3353004456,-164.16998291,10.8170075436,1.43999408849,,,0.494024991989,3.0
237805,2014-06-07,43.2951011658,-164.231994629,10.8280839322,1.40746287209,7.96827921934,1.7278400737,0.494024991989,3.0
237805,2014-06-08,43.2849006653,-164.132019043,10.8332749043,1.4225092627,,,0.494024991989,3.0
237805,2014-06-09,43.2732009888,-164.065979004,10.9498547628,1.4460822847,,,0.494024991989,3.0
237805,2014-06-10,43.2496986389,-163.987976074,10.9102714304,1.46646673885,,,0.494024991989,3.0
237805,2014-06-11,43.2425003052,-163.874023438,10.8573026816,1.31184257058,,,0.494024991989,3.0
237805,2014-06-12,43.2210998535,-163.809997559,10.5473894941,1.13751235864,,,0.494024991989,3.0
237805,2014-06-13,43.1823997498,-163.710021973,10.5461742163,1.17831402143,,,0.494024991989,3.0
237805,2014-06-14,43.1865005493,-163.744995117,10.7709311557,1.28133955147,7.76478895876,1.72257153337,0.494024991989,3.0
237805,2014-06-15,43.1966018677,-163.771972656,11.0346117054,1.44889574866,,,0.494024991989,3.0
237805,2014-06-16,43.1543998718,-163.922973633,11.0595943437,1.39285353536,,,0.494024991989,3.0
237805,2014-06-17,43.1506996155,-164.046020508,11.0832401765,1.40813893709,,,0.494024991989,3.0
237805,2014-06-18,43.1561012268,-164.093994141,11.3136221158,1.4429247249,,,0.494024991989,3.0
237805,2014-06-19,43.1806983948,-164.192016602,11.5166255835,1.5440848167,,,0.494024991989,3.0
237805,2014-06-20,43.1707992554,-164.185974121,11.4906360008,1.58098802243,,,0.494024991989,3.0
237805,2014-06-21,43.1731987,-164.20300293,11.3199415601,1.45038036653,7.70643603471,1.71427848655,0.494024991989,3.0
237805,2014-06-22,43.177898407,-164.185974121,11.395028364,1.52900350569,,,0.494024991989,3.0
237805,2014-06-23,43.1347999573,-164.260009766,11.6021116927,1.7845833196,,,0.494024991989,3.0
237805,2014-07-09,43.1335983276,-164.039978027,13.0546463825,1.83839270238,,,0.494024991989,3.0
237805,2014-07-10,43.1398010254,-164.020019531,12.7176498622,1.48270568158,,,0.494024991989,3.0
239434,2014-04-06,44.7582015991,-157.706970215,8.31587912728,1.07888035241,,,0.494024991989,3.0
239434,2014-04-07,44.7682991028,-157.781005859,8.07263260492,1.08857797822,,,0.494024991989,3.0
239434,2014-04-08,44.7537002563,-157.872009277,8.0162610784,1.08732719323,,,0.494024991989,3.0
239434,2014-04-09,44.8044013977,-158.047973633,8.04764996661,1.09463887645,,,0.494024991989,3.0
239434,2014-04-10,44.7429008484,-158.109008789,8.10365690979,1.15492528374,,,0.494024991989,3.0
239434,2014-04-11,44.8004989624,-158.234985352,8.02766732816,1.17442977631,,,0.494024991989,3.0
239434,2014-04-12,44.7961997986,-158.327026367,8.03476802244,1.15640547749,8.59243718783,2.3274545614,0.494024991989,3.0
239434,2014-04-13,44.8959999084,-158.429992676,7.81969858281,1.17600503865,,,0.494024991989,3.0
239434,2014-04-14,44.8900985718,-158.468994141,7.94317080227,1.10289236707,,,0.494024991989,3.0
239434,2014-04-15,44.9075012207,-158.49798584,8.01020205077,1.10217409167,,,0.494024991989,3.0
239434,2014-04-16,44.8512992859,-158.476013184,8.18891732456,1.04870811157,,,0.494024991989,3.0
239434,2014-04-17,44.8568000793,-158.456970215,8.26586176728,1.11482931745,,,0.494024991989,3.0
239434,2014-04-18,44.856300354,-158.448974609,8.26093121184,1.20018669323,,,0.494024991989,3.0
239434,2014-04-19,44.867099762,-158.479980469,8.31723329394,1.22652969071,8.72016640173,2.34802569134,0.494024991989,3.0
239434,2014-04-20,44.879901886,-158.492004395,8.20112218539,1.25369819964,,,0.494024991989,3.0
239434,2014-04-21,44.9253005981,-158.536010742,8.24483746221,1.31598819965,,,0.494024991989,3.0
239434,2014-04-22,44.9388008118,-158.536010742,8.31061871074,1.33962404126,,,0.494024991989,3.0
239434,2014-04-23,44.9249000549,-158.523986816,8.29103537784,1.3387383606,,,0.494024991989,3.0
239434,2014-04-24,44.9179000854,-158.512023926,8.31716384948,1.32950349797,,,0.494024991989,3.0
239434,2014-04-25,44.8880004883,-158.424987793,8.16799718615,1.38305104109,,,0.494024991989,3.0
239434,2014-04-26,44.8330993652,-158.362976074,8.3648027373,1.3822598572,8.80432824293,2.40972871974,0.494024991989,3.0
239434,2014-04-27,44.7885017395,-158.318969727,8.27549718374,1.37209025282,,,0.494024991989,3.0
239434,2014-04-28,44.7369995117,-158.249023438,8.30771940523,1.3682784312,,,0.494024991989,3.0
239434,2014-04-29,44.6988983154,-158.226013184,8.4305839858,1.27593768244,,,0.494024991989,3.0
239434,2014-04-30,44.6701011658,-158.197021484,8.62310134264,1.36374719672,,,0.494024991989,3.0
239434,2014-05-01,44.6692008972,-158.221984863,8.61749370389,1.45494535716,,,0.494024991989,3.0
239434,2014-05-02,44.6470985413,-158.216003418,8.59169509333,1.40190831562,,,0.494024991989,3.0
239434,2014-05-03,44.6713981628,-158.255004883,8.40416037531,1.34609021818,8.6858191424,2.42082347607,0.494024991989,3.0
239434,2014-05-04,44.6794013977,-158.260009766,8.30131315535,1.36506215773,,,0.494024991989,3.0
239434,2014-05-05,44.6724014282,-158.236999512,8.33174718244,1.36465997113,,,0.494024991989,3.0
239434,2014-05-06,44.6733016968,-158.234008789,8.20690343526,1.26071439958,,,0.494024991989,3.0
239434,2014-05-07,44.6701011658,-158.24597168,8.26744162835,1.19110756784,,,0.494024991989,3.0
239434,2014-05-08,44.6813011169,-158.284973145,8.41674718057,1.21033217956,,,0.494024991989,3.0
239434,2014-05-09,44.688999176,-158.328979492,8.45752842967,1.20522836512,,,0.494024991989,3.0
239434,2014-05-10,44.7080001831,-158.341003418,8.42466384708,1.17841861732,8.58354636033,2.43060513538,0.494024991989,3.0
239434,2014-05-11,44.7246017456,-158.348022461,8.42514995818,1.18906346018,,,0.494024991989,3.0
239434,2014-05-12,44.7368011475,-158.351013184,8.44697287435,1.18970460882,,,0.494024991989,3.0
239434,2014-05-13,44.7335014343,-158.343017578,8.35353537645,1.28219359098,,,0.494024991989,3.0
239434,2014-05-14,44.7471008301,-158.369995117,8.17332704714,1.4571421377,,,0.494024991989,3.0
239434,2014-05-15,44.7574005127,-158.390991211,7.68089650258,1.54106528345,,,0.494024991989,3.0
239434,2014-05-16,44.7639007568,-158.426025391,7.68282358589,1.55600951437,,,0.494024991989,3.0
239434,2014-05-17,44.7755012512,-158.458007812,7.75285830654,1.58161871355,8.38641430934,2.37880593293,0.494024991989,3.0
239434,2014-05-18,44.792098999,-158.508972168,8.26516732286,1.51604354849,,,0.494024991989,3.0
239434,2014-05-19,44.7944984436,-158.523986816,8.83483744901,1.44286835849,,,0.494024991989,3.0
239434,2014-05-20,44.7872009277,-158.565002441,8.84509786541,1.49934358736,,,0.494024991989,3.0
239434,2014-05-21,44.7919998169,-158.570983887,8.91355272503,1.52179376108,,,0.494024991989,3.0
239434,2014-05-22,44.7761993408,-158.541992188,9.33133049345,1.38103277147,,,0.494024991989,3.0
239434,2014-05-23,44.8193016052,-158.518981934,9.50211173964,1.24754421442,,,0.494024991989,3.0
239434,2014-05-24,44.7720985413,-158.523010254,9.53482007225,1.21845500494,8.4296274715,2.3734103127,0.494024991989,3.0
239434,2014-05-25,44.7417984009,-158.583007812,9.44650410202,1.22135252723,,,0.494024991989,3.0
239434,2014-05-26,44.7647018433,-158.606994629,9.46824021263,1.30534825285,,,0.494024991989,3.0
239434,2014-05-27,44.7747993469,-158.601013184,9.48164299011,1.37106146429,,,0.494024991989,3.0
239434,2014-05-28,44.7411003113,-158.583984375,9.63143465342,1.43840349349,,,0.494024991989,3.0
239434,2014-05-29,44.7193984985,-158.564025879,9.80067076075,1.48839252593,,,0.494024991989,3.0
239434,2014-05-30,44.6974983215,-158.562011719,9.93369159112,1.40865348745,,,0.494024991989,3.0
239434,2014-05-31,44.6926002502,-158.565979004,10.0118513116,1.27849059802,8.29044749008,2.34690543631,0.494024991989,3.0
239434,2014-06-01,44.7060012817,-158.575012207,10.0766603379,1.18541290834,,,0.494024991989,3.0
239434,2014-06-02,44.7139015198,-158.581970215,10.4576151905,1.32054784197,,,0.494024991989,3.0
239434,2014-06-03,44.7344017029,-158.598999023,10.4267818579,1.2987744824,,,0.494024991989,3.0
239434,2014-06-04,44.7491989136,-158.607971191,10.4116603304,1.27284997466,,,0.494024991989,3.0
239434,2014-06-05,44.7746009827,-158.62701416,10.3500283873,1.13711745872,,,0.494024991989,3.0
239434,2014-06-06,44.8116989136,-158.625,10.3462769986,1.11921685766,,,0.494024991989,3.0
239434,2014-06-07,44.8236999512,-158.643981934,10.4016429695,1.08693546289,8.21874256598,2.36428668584,0.494024991989,3.0
239434,2014-06-08,44.8345985413,-158.664001465,10.2901325554,0.998329877766,,,0.494024991989,3.0
239434,2014-06-09,44.8078994751,-158.651000977,10.4647853292,0.960170230662,,,0.494024991989,3.0
239434,2014-06-10,44.7881011963,-158.653015137,10.5800978267,0.960486805954,,,0.494024991989,3.0
239434,2014-06-11,44.7463989258,-158.62902832,10.6198721314,1.0102709626,,,0.494024991989,3.0
239434,2014-06-12,44.6952018738,-158.581970215,10.3715561647,0.870805897876,,,0.494024991989,3.0
239434,2014-06-13,44.5891990662,-158.500976562,10.3789519978,0.791607894687,,,0.494024991989,3.0
239434,2014-06-14,44.5223999023,-158.471008301,10.9964693451,1.12012772055,8.00699401233,2.36840892655,0.494024991989,3.0
239434,2014-06-15,44.4510002136,-158.456970215,11.4009485028,1.37433640985,,,0.494024991989,3.0
239434,2014-06-16,44.5351982117,-158.505004883,11.514507528,1.4612326,,,0.494024991989,3.0
239434,2014-06-17,44.5597991943,-158.539001465,11.5850804431,1.53116297682,,,0.494024991989,3.0
239434,2014-06-18,44.5980987549,-158.585998535,11.4807401676,1.48388557066,,,0.494024991989,3.0
239434,2014-06-19,44.6094017029,-158.648010254,11.2585005893,1.56821252594,,,0.494024991989,3.0
239434,2014-06-20,44.6352005005,-158.736999512,10.5554450494,1.70668048395,,,0.494024991989,3.0
239434,2014-06-21,44.6455001831,-158.809997559,10.5599589382,1.66918398583,8.05855878194,2.35137849185,0.494024991989,3.0
239434,2014-06-22,44.6483001709,-158.867004395,10.886538792,1.5778299687,,,0.494024991989,3.0
239434,2014-06-23,44.6441993713,-158.934020996,11.3057054494,1.27103235455,,,0.494024991989,3.0
239434,2014-06-24,44.6488990784,-158.989013672,11.9111915469,1.74924172131,,,0.494024991989,3.0
239434,2014-06-25,44.654800415,-159.052978516,11.9335700186,1.91227673941,,,0.494024991989,3.0
239434,2014-06-26,44.6309013367,-159.057983398,11.9190734912,2.04721091482,,,0.494024991989,3.0
239434,2014-06-27,44.6063995361,-159.057006836,12.2142297346,2.03571064715,,,0.494024991989,3.0
239434,2014-06-28,44.5822982788,-159.038024902,12.2476151505,2.01443285242,8.16674952706,2.30052985141,0.494024991989,3.0
239434,2014-06-29,44.5484008789,-159.005981445,12.4604970902,1.82749534853,,,0.494024991989,3.0
239434,2014-06-30,44.5382003784,-158.986999512,12.4841602841,1.77915696626,,,0.494024991989,3.0
239434,2014-07-01,44.5415000916,-158.939025879,12.427858202,1.75848294004,,,0.494024991989,3.0
239434,2014-07-02,44.532699585,-158.95098877,11.9775977954,1.51869900528,,,0.494024991989,3.0
239434,2014-07-03,44.557800293,-158.916992188,11.3845596142,1.89536065129,,,0.494024991989,3.0
239434,2014-07-04,44.556098938,-158.926025391,11.2727019779,1.99058115752,,,0.494024991989,3.0
239434,2014-07-05,44.5905990601,-158.921020508,11.4081707248,1.8781847366,7.85593311654,2.25015571409,0.494024991989,3.0
239434,2014-07-06,44.6136016846,-158.932006836,11.6445422473,1.69419233489,,,0.494024991989,3.0
239434,2014-07-07,44.6194992065,-158.986022949,11.7471116895,1.65121833592,,,0.494024991989,3.0
239434,2014-07-08,44.6049003601,-159.013977051,12.3104970935,1.49080806621,,,0.494024991989,3.0
239434,2014-07-09,44.596698761,-159.049987793,12.3988130638,1.5472952759,,,0.494024991989,3.0
239434,2014-07-10,44.5830001831,-159.104980469,12.3546463981,1.39259175372,,,0.494024991989,3.0
239434,2014-07-11,44.5788002014,-159.151977539,12.3261568154,1.2938870172,,,0.494024991989,3.0
239434,2014-07-12,44.6032981873,-159.177978516,12.1129276535,1.03599858477,7.92849972182,2.12504079359,0.494024991989,3.0
239434,2014-07-13,44.6319007874,-159.187011719,12.1226845977,1.08242264419,,,0.494024991989,3.0
241761,2014-04-06,44.785900116,-165.987976074,6.93756318585,1.08341374088,,,0.494024991989,3.0
241761,2014-04-07,44.8129997253,-165.99798584,6.80044513338,1.11109585615,,,0.494024991989,3.0
241761,2014-04-08,44.9384994507,-165.947021484,6.67362221953,1.01866774872,,,0.494024991989,3.0
241761,2014-04-09,45.0853004456,-165.79901123,6.72421249616,1.05138055828,,,0.494024991989,3.0
241761,2014-04-10,45.2509994507,-165.62298584,6.65223333113,1.093168017,,,0.494024991989,3.0
241761,2014-04-11,45.4117012024,-165.322998047,6.55520208331,1.07288764793,,,0.494024991989,3.0
241761,2014-04-12,45.6186981201,-165.309997559,6.56061874985,1.10130005692,11.0736417307,1.81485381006,0.494024991989,3.0
241761,2014-04-13,45.6063995361,-165.312011719,6.50113958451,1.11811223798,,,0.494024991989,3.0
241761,2014-04-14,45.5788993835,-165.372009277,6.6738999973,1.1814023171,,,0.494024991989,3.0
241761,2014-04-15,45.5018005371,-165.479003906,6.70303194112,1.17511127885,,,0.494024991989,3.0
241761,2014-04-16,45.3293991089,-165.625,6.95427707436,1.25693671243,,,0.494024991989,3.0
241761,2014-04-17,45.2352981567,-165.723999023,7.05110485001,1.25968046195,,,0.494024991989,3.0
241761,2014-04-18,45.1605987549,-165.79901123,7.03223332263,1.17679681327,,,0.494024991989,3.0
241761,2014-04-19,45.0694999695,-165.900024414,7.21898679068,1.16925452344,10.8026578029,1.65797500213,0.494024991989,3.0
241761,2014-04-20,44.9796981812,-165.986999512,7.17636526386,1.2312317463,,,0.494024991989,3.0
241761,2014-04-21,44.8991012573,-166.059020996,7.27711178938,1.27567446722,,,0.494024991989,3.0
241761,2014-04-22,44.9276008606,-166.072998047,7.27730276162,1.3162207324,,,0.494024991989,3.0
241761,2014-04-23,44.9533996582,-166.114013672,7.23141734597,1.31388900877,,,0.494024991989,3.0
241761,2014-04-24,44.9711990356,-166.151000977,7.21258054083,1.27987635515,,,0.494024991989,3.0
241761,2014-04-25,44.9318008423,-166.236999512,7.22303192947,1.28542812402,,,0.494024991989,3.0
241761,2014-04-26,44.929599762,-166.335998535,7.19780623562,1.31144884999,10.5740780797,1.60090608793,0.494024991989,3.0
241761,2014-04-27,44.8684005737,-166.395019531,7.44105275796,1.27035346844,,,0.494024991989,3.0
241761,2014-04-28,44.8861999512,-166.431030273,7.33051456597,1.26544070521,,,0.494024991989,3.0
241761,2014-04-29,44.9006996155,-166.341003418,7.37291039837,1.28138800951,,,0.494024991989,3.0
241761,2014-04-30,44.9346008301,-166.244995117,7.29051456686,1.33053503344,,,0.494024991989,3.0
241761,2014-05-01,45.0102005005,-166.179016113,7.14502845901,1.48484046433,,,0.494024991989,3.0
241761,2014-05-02,45.0335998535,-166.031982422,7.03806665585,1.58233064018,,,0.494024991989,3.0
241761,2014-05-03,45.3390007019,-165.950012207,6.82322291063,1.53486661832,10.828477992,1.66975597013,0.494024991989,3.0
241761,2014-05-04,44.9818992615,-165.895019531,6.9921812402,1.60911694779,,,0.494024991989,3.0
241761,2014-05-05,44.9592018127,-166.002990723,6.94068818579,1.68440749446,,,0.494024991989,3.0
241761,2014-05-06,44.915599823,-166.140991211,6.88096596489,1.64500465758,,,0.494024991989,3.0
241761,2014-05-07,44.9034996033,-166.223022461,7.07105276619,1.4275878114,,,0.494024991989,3.0
241761,2014-05-08,44.9266014099,-166.325012207,7.19574026345,1.33187859049,,,0.494024991989,3.0
241761,2014-05-09,44.9073982239,-166.380981445,7.21577498519,1.2821648854,,,0.494024991989,3.0
241761,2014-05-10,44.9071006775,-166.431030273,7.28113956707,1.19271732662,10.2890927957,1.67410383204,0.494024991989,3.0
241761,2014-05-11,44.9140014648,-166.435974121,7.30160831664,1.19423030463,,,0.494024991989,3.0
241761,2014-05-12,44.9429016113,-166.411010742,7.32252845505,1.19724630604,,,0.494024991989,3.0
241761,2014-05-13,44.9836006165,-166.427978516,7.4050458143,1.16889673982,,,0.494024991989,3.0
241761,2014-05-14,45.029499054,-166.405029297,7.5407402557,1.15902113459,,,0.494024991989,3.0
241761,2014-05-15,45.0192985535,-166.390991211,7.57065344948,1.18238235069,,,0.494024991989,3.0
241761,2014-05-16,44.9933013916,-166.359985352,7.61976803174,1.24836646697,,,0.494024991989,3.0
241761,2014-05-17,45.0037002563,-166.525024414,7.71162566856,1.19022732909,10.6276484794,1.67222310307,0.494024991989,3.0
241761,2014-05-18,44.9938011169,-166.543029785,7.74238955675,1.16461156716,,,0.494024991989,3.0
241761,2014-05-19,44.9695014954,-166.565002441,7.62504580937,1.0337763369,,,0.494024991989,3.0
241761,2014-06-09,44.8768005371,-166.50201416,9.4116603528,1.09417474894,,,0.494024991989,3.0
241761,2014-06-10,44.8965988159,-166.427978516,9.3888652144,1.04177335313,,,0.494024991989,3.0
241761,2014-06-11,44.8933982849,-166.310974121,9.40947285285,1.04880952429,,,0.494024991989,3.0
241761,2014-06-12,44.901599884,-166.270996094,9.28211174456,0.993101414004,,,0.494024991989,3.0
241761,2014-06-13,44.9276008606,-166.276977539,9.27707702247,0.998878218066,,,0.494024991989,3.0
241761,2014-06-14,44.9095993042,-166.37097168,9.36624368712,1.04182972162,9.48213826285,1.82065800982,0.494024991989,3.0
241761,2014-06-15,44.9241981506,-166.479003906,9.44815340752,1.07396366197,,,0.494024991989,3.0
