time,lat,lon,sst,margin
2017-04-30,18.125,-162.625,26.209993311,0.2
2017-04-30,18.125,-162.375,26.21999331,0.2
2017-04-30,18.125,-160.875,26.22999331,0.2
2017-04-30,18.125,-160.625,26.159993312,0.2
2017-04-30,18.125,-160.375,26.139993312,0.2
2017-04-30,18.125,-160.125,26.069993314,0.2
2017-04-30,18.125,-159.875,26.099993313,0.2
2017-04-30,18.125,-159.625,26.159993312,0.2
2017-04-30,18.125,-159.375,26.199993311,0.2
2017-04-30,18.125,-159.125,26.24999331,0.2
2017-04-30,18.125,-158.875,26.289993309,0.2
2017-04-30,18.125,-158.625,26.189993311,0.2
2017-04-30,18.125,-158.375,26.079993314,0.2
2017-04-30,18.125,-158.125,25.949993316,0.2
2017-04-30,18.125,-157.875,25.869993318,0.2
2017-04-30,18.125,-157.375,25.669993323,0.2
2017-04-30,18.125,-157.125,25.689993322,0.2
2017-04-30,18.125,-156.875,25.719993322,0.2
2017-04-30,18.125,-156.625,25.749993321,0.2
2017-04-30,18.125,-156.375,25.729993321,0.2
2017-04-30,18.125,-156.125,25.739993321,0.2
2017-04-30,18.125,-155.875,25.759993321,0.2
2017-04-30,18.125,-155.625,25.749993321,0.2
2017-04-30,18.125,-153.125,25.569993325,0.2
2017-04-30,18.125,-152.875,25.579993325,0.2
2017-04-30,18.125,-152.625,25.619993324,0.2
2017-04-30,18.125,-152.375,25.639993323,0.2
2017-04-30,18.125,-149.625,25.579993325,0.2
2017-04-30,18.125,-149.375,25.669993323,0.2
2017-04-30,18.125,-149.125,25.669993323,0.2
2017-04-30,18.125,-148.875,25.589993325,0.2
2017-04-30,18.375,-162.625,26.179993311,0.2
2017-04-30,18.375,-161.625,26.349993308,0.2
2017-04-30,18.375,-159.375,26.199993311,0.2
2017-04-30,18.375,-159.125,26.269993309,0.2
2017-04-30,18.375,-158.875,26.309993308,0.2
2017-04-30,18.375,-158.625,26.189993311,0.2
2017-04-30,18.375,-158.375,26.079993314,0.2
2017-04-30,18.375,-158.125,25.939993317,0.2
2017-04-30,18.375,-157.875,25.78999332,0.2
2017-04-30,18.375,-157.625,25.659993323,0.2
2017-04-30,18.375,-157.375,25.529993326,0.2
2017-04-30,18.375,-157.125,25.579993325,0.2
2017-04-30,18.375,-156.875,25.629993324,0.2
2017-04-30,18.375,-156.625,25.689993322,0.2
2017-04-30,18.375,-156.375,25.709993322,0.2
2017-04-30,18.375,-156.125,25.709993322,0.2
2017-04-30,18.375,-155.875,25.719993322,0.2
2017-04-30,18.375,-155.625,25.699993322,0.2
2017-04-30,18.375,-152.625,25.599993324,0.2
2017-04-30,18.375,-152.375,25.619993324,0.2
2017-04-30,18.375,-149.625,25.589993325,0.2
2017-04-30,18.375,-149.375,25.619993324,0.2
2017-04-30,18.375,-149.125,25.589993325,0.2
2017-04-30,18.375,-148.875,25.499993327,0.2
2017-04-30,18.375,-148.625,25.34999333,0.2
2017-04-30,18.375,-146.375,25.029993337,0.2
2017-04-30,18.375,-146.125,24.979993338,0.2
2017-04-30,18.375,-145.875,24.949993339,0.2
2017-04-30,18.625,-161.875,26.159993312,0.2
2017-04-30,18.625,-161.625,26.21999331,0.2
2017-04-30,18.625,-159.375,26.179993311,0.2
2017-04-30,18.625,-159.125,26.24999331,0.2
2017-04-30,18.625,-158.125,25.999993315,0.2
2017-04-30,18.625,-157.875,25.819993319,0.2
2017-04-30,18.625,-157.625,25.649993323,0.2
2017-04-30,18.625,-157.375,25.479993327,0.2
2017-04-30,18.625,-156.125,25.609993324,0.2
2017-04-30,18.625,-155.875,25.609993324,0.2
2017-04-30,18.625,-155.625,25.609993324,0.2
2017-04-30,18.625,-155.375,25.599993324,0.2
2017-04-30,18.625,-152.875,25.609993324,0.2
2017-04-30,18.625,-149.625,25.629993324,0.2
2017-04-30,18.625,-149.375,25.569993325,0.2
2017-04-30,18.625,-148.875,25.389993329,0.2
2017-04-30,18.625,-148.625,25.229993333,0.2
2017-04-30,18.625,-146.375,25.009993337,0.2
2017-04-30,18.625,-146.125,24.989993338,0.2
2017-04-30,18.625,-145.875,25.009993337,0.2
2017-04-30,18.875,-161.875,26.029993315,0.2
2017-04-30,18.875,-161.625,26.089993313,0.2
2017-04-30,18.875,-159.375,26.149993312,0.2
2017-04-30,18.875,-159.125,26.22999331,0.2
2017-04-30,18.875,-158.125,26.129993312,0.2
2017-04-30,18.875,-157.875,25.919993317,0.2
2017-04-30,18.875,-156.125,25.449993328,0.2
2017-04-30,18.875,-155.875,25.469993327,0.2
2017-04-30,18.875,-155.625,25.479993327,0.2
2017-04-30,18.875,-155.375,25.469993327,0.2
2017-04-30,18.875,-152.875,25.639993323,0.2
2017-04-30,18.875,-152.625,25.609993324,0.2
2017-04-30,18.875,-152.375,25.569993325,0.2
2017-04-30,18.875,-152.125,25.499993327,0.2
2017-04-30,18.875,-151.875,25.459993327,0.2
2017-04-30,18.875,-151.625,25.439993328,0.2
2017-04-30,18.875,-151.375,25.459993327,0.2
2017-04-30,18.875,-149.875,25.589993325,0.2
2017-04-30,18.875,-149.625,25.509993326,0.2
2017-04-30,18.875,-149.375,25.449993328,0.2
2017-04-30,18.875,-147.375,24.979993338,0.2
2017-04-30,18.875,-147.125,25.009993337,0.2
2017-04-30,18.875,-145.875,25.059993336,0.2
2017-04-30,19.125,-161.875,25.979993316,0.2
2017-04-30,19.125,-161.625,25.999993315,0.2
2017-04-30,19.125,-161.125,26.079993314,0.2
2017-04-30,19.125,-160.875,26.089993313,0.2
2017-04-30,19.125,-159.375,26.119993313,0.2
2017-04-30,19.125,-159.125,26.189993311,0.2
2017-04-30,19.125,-158.125,26.25999331,0.2
2017-04-30,19.125,-157.875,26.059993314,0.2
2017-04-30,19.125,-156.125,25.34999333,0.2
2017-04-30,19.125,-155.875,25.32999333,0.2
2017-04-30,19.125,-153.625,25.649993323,0.2
2017-04-30,19.125,-152.875,25.659993323,0.2
2017-04-30,19.125,-152.625,25.639993323,0.2
2017-04-30,19.125,-152.375,25.589993325,0.2
2017-04-30,19.125,-152.125,25.459993327,0.2
2017-04-30,19.125,-151.875,25.34999333,0.2
2017-04-30,19.125,-151.625,25.309993331,0.2
2017-04-30,19.125,-151.375,25.319993331,0.2
2017-04-30,19.125,-151.125,25.379993329,0.2
2017-04-30,19.125,-150.875,25.469993327,0.2
2017-04-30,19.125,-149.875,25.469993327,0.2
2017-04-30,19.125,-149.625,25.389993329,0.2
2017-04-30,19.125,-147.375,24.90999334,0.2
2017-04-30,19.125,-147.125,24.929993339,0.2
2017-04-30,19.125,-145.875,25.109993335,0.2
2017-04-30,19.375,-162.125,25.919993317,0.2
2017-04-30,19.375,-161.875,25.979993316,0.2
2017-04-30,19.375,-161.625,26.009993315,0.2
2017-04-30,19.375,-161.375,26.029993315,0.2
2017-04-30,19.375,-161.125,26.039993314,0.2
2017-04-30,19.375,-160.875,26.039993314,0.2
2017-04-30,19.375,-159.625,26.049993314,0.2
2017-04-30,19.375,-159.375,26.079993314,0.2
2017-04-30,19.375,-159.125,26.149993312,0.2
2017-04-30,19.375,-157.875,26.179993311,0.2
2017-04-30,19.375,-157.625,25.969993316,0.2
2017-04-30,19.375,-153.625,25.599993324,0.2
2017-04-30,19.375,-151.125,25.269993332,0.2
2017-04-30,19.375,-150.875,25.33999333,0.2
2017-04-30,19.375,-146.125,25.179993334,0.2
2017-04-30,19.375,-145.875,25.189993333,0.2
2017-04-30,19.625,-162.375,25.829993319,0.2
2017-04-30,19.625,-162.125,25.919993317,0.2
2017-04-30,19.625,-161.875,25.999993315,0.2
2017-04-30,19.625,-161.625,26.029993315,0.2
2017-04-30,19.625,-161.375,26.029993315,0.2
2017-04-30,19.625,-161.125,26.029993315,0.2
2017-04-30,19.625,-160.375,25.949993316,0.2
2017-04-30,19.625,-160.125,25.979993316,0.2
2017-04-30,19.625,-159.625,26.019993315,0.2
2017-04-30,19.625,-159.375,26.069993314,0.2
2017-04-30,19.625,-159.125,26.189993311,0.2
2017-04-30,19.625,-157.875,26.279993309,0.2
2017-04-30,19.625,-157.625,26.099993313,0.2
2017-04-30,19.625,-146.875,24.979993338,0.2
2017-04-30,19.625,-146.625,25.029993337,0.2
2017-04-30,19.625,-146.125,25.169993334,0.2
2017-04-30,19.625,-145.875,25.149993334,0.2
2017-04-30,19.625,-143.375,24.619993346,0.2
2017-04-30,19.625,-143.125,24.619993346,0.2
2017-04-30,19.875,-162.625,25.76999332,0.2
2017-04-30,19.875,-162.375,25.829993319,0.2
2017-04-30,19.875,-162.125,25.929993317,0.2
2017-04-30,19.875,-161.625,26.039993314,0.2
2017-04-30,19.875,-161.375,26.039993314,0.2
2017-04-30,19.875,-161.125,26.059993314,0.2
2017-04-30,19.875,-160.625,25.949993316,0.2
2017-04-30,19.875,-160.375,25.869993318,0.2
2017-04-30,19.875,-160.125,25.819993319,0.2
2017-04-30,19.875,-159.875,25.869993318,0.2
2017-04-30,19.875,-159.625,25.929993317,0.2
2017-04-30,19.875,-159.375,26.029993315,0.2
2017-04-30,19.875,-159.125,26.179993311,0.2
2017-04-30,19.875,-157.875,26.25999331,0.2
2017-04-30,19.875,-157.625,26.099993313,0.2
2017-04-30,19.875,-157.375,25.879993318,0.2
2017-04-30,19.875,-156.625,25.639993323,0.2
2017-04-30,19.875,-156.375,25.549993325,0.2
2017-04-30,19.875,-147.125,24.979993338,0.2
2017-04-30,19.875,-146.875,24.979993338,0.2
2017-04-30,19.875,-143.375,24.489993349,0.2
2017-04-30,19.875,-143.125,24.489993349,0.2
2017-04-30,19.875,-142.875,24.499993349,0.2
2017-04-30,20.125,-162.625,25.689993322,0.2
2017-04-30,20.125,-162.375,25.78999332,0.2
2017-04-30,20.125,-161.875,25.939993317,0.2
2017-04-30,20.125,-161.625,25.989993316,0.2
2017-04-30,20.125,-161.375,26.029993315,0.2
2017-04-30,20.125,-160.625,25.819993319,0.2
2017-04-30,20.125,-160.375,25.739993321,0.2
2017-04-30,20.125,-160.125,25.689993322,0.2
2017-04-30,20.125,-159.875,25.699993322,0.2
2017-04-30,20.125,-159.625,25.79999332,0.2
2017-04-30,20.125,-159.375,25.939993317,0.2
2017-04-30,20.125,-159.125,26.109993313,0.2
2017-04-30,20.125,-158.875,26.269993309,0.2
2017-04-30,20.125,-157.875,26.319993308,0.2
2017-04-30,20.125,-157.625,26.179993311,0.2
2017-04-30,20.125,-157.375,26.009993315,0.2
2017-04-30,20.125,-156.625,25.689993322,0.2
2017-04-30,20.125,-156.375,25.539993326,0.2
2017-04-30,20.125,-155.875,25.299993331,0.2
2017-04-30,20.125,-147.125,25.009993337,0.2
2017-04-30,20.125,-146.875,24.989993338,0.2
2017-04-30,20.125,-143.125,24.289993354,0.2
2017-04-30,20.125,-142.875,24.349993352,0.2
2017-04-30,20.125,-142.625,24.379993352,0.2
2017-04-30,20.125,-142.375,24.379993352,0.2
2017-04-30,20.375,-162.125,25.849993319,0.2
2017-04-30,20.375,-161.875,25.909993317,0.2
2017-04-30,20.375,-161.625,25.949993316,0.2
2017-04-30,20.375,-160.875,25.859993318,0.2
2017-04-30,20.375,-160.625,25.739993321,0.2
2017-04-30,20.375,-160.375,25.629993324,0.2
2017-04-30,20.375,-160.125,25.589993325,0.2
2017-04-30,20.375,-159.125,26.039993314,0.2
2017-04-30,20.375,-158.875,26.22999331,0.2
2017-04-30,20.375,-158.625,26.349993308,0.2
2017-04-30,20.375,-158.375,26.459993305,0.2
2017-04-30,20.375,-158.125,26.439993306,0.2
2017-04-30,20.375,-157.875,26.319993308,0.2
2017-04-30,20.375,-157.625,26.209993311,0.2
2017-04-30,20.375,-157.375,26.129993312,0.2
2017-04-30,20.375,-157.125,26.059993314,0.2
2017-04-30,20.375,-156.875,25.879993318,0.2
2017-04-30,20.375,-156.625,25.699993322,0.2
2017-04-30,20.375,-156.375,25.469993327,0.2
2017-04-30,20.375,-155.875,25.199993333,0.2
2017-04-30,20.375,-154.875,25.489993327,0.2
2017-04-30,20.375,-142.875,24.209993355,0.2
2017-04-30,20.375,-142.625,24.299993353,0.2
2017-04-30,20.375,-142.375,24.329993353,0.2
2017-04-30,20.625,-162.375,25.79999332,0.2
2017-04-30,20.625,-162.125,25.829993319,0.2
2017-04-30,20.625,-161.875,25.869993318,0.2
2017-04-30,20.625,-160.875,25.709993322,0.2
2017-04-30,20.625,-160.625,25.639993323,0.2
2017-04-30,20.625,-160.375,25.579993325,0.2
2017-04-30,20.625,-159.375,25.739993321,0.2
2017-04-30,20.625,-159.125,25.939993317,0.2
2017-04-30,20.625,-158.875,26.139993312,0.2
2017-04-30,20.625,-158.625,26.279993309,0.2
2017-04-30,20.625,-158.375,26.379993307,0.2
2017-04-30,20.625,-158.125,26.409993306,0.2
2017-04-30,20.625,-157.875,26.299993309,0.2
2017-04-30,20.625,-157.625,26.24999331,0.2
2017-04-30,20.625,-157.375,26.199993311,0.2
2017-04-30,20.625,-157.125,26.119993313,0.2
2017-04-30,20.625,-156.875,25.899993318,0.2
2017-04-30,20.625,-156.625,25.649993323,0.2
2017-04-30,20.625,-155.125,25.379993329,0.2
2017-04-30,20.625,-154.875,25.429993328,0.2
2017-04-30,20.625,-142.875,24.159993356,0.2
2017-04-30,20.875,-162.625,25.76999332,0.2
2017-04-30,20.875,-162.375,25.739993321,0.2
2017-04-30,20.875,-162.125,25.739993321,0.2
2017-04-30,20.875,-160.875,25.579993325,0.2
2017-04-30,20.875,-160.625,25.569993325,0.2
2017-04-30,20.875,-160.375,25.599993324,0.2
2017-04-30,20.875,-159.375,25.739993321,0.2
2017-04-30,20.875,-159.125,25.859993318,0.2
2017-04-30,20.875,-158.875,25.989993316,0.2
2017-04-30,20.875,-158.625,26.119993313,0.2
2017-04-30,20.875,-158.375,26.22999331,0.2
2017-04-30,20.875,-158.125,26.24999331,0.2
2017-04-30,20.875,-157.875,26.149993312,0.2
2017-04-30,20.875,-155.125,25.319993331,0.2
2017-04-30,20.875,-154.875,25.369993329,0.2
2017-04-30,20.875,-153.875,25.489993327,0.2
2017-04-30,20.875,-153.625,25.499993327,0.2
2017-04-30,20.875,-151.875,25.489993327,0.2
2017-04-30,20.875,-151.625,25.519993326,0.2
2017-04-30,20.875,-142.875,24.099993358,0.2
2017-04-30,20.875,-142.625,24.239993355,0.2
2017-04-30,20.875,-142.375,24.359993352,0.2
2017-04-30,21.125,-162.625,25.76999332,0.2
2017-04-30,21.125,-162.375,25.699993322,0.2
2017-04-30,21.125,-161.125,25.569993325,0.2
2017-04-30,21.125,-160.875,25.599993324,0.2
2017-04-30,21.125,-160.625,25.619993324,0.2
2017-04-30,21.125,-160.375,25.709993322,0.2
2017-04-30,21.125,-159.125,25.79999332,0.2
2017-04-30,21.125,-158.875,25.859993318,0.2
2017-04-30,21.125,-158.375,25.999993315,0.2
2017-04-30,21.125,-158.125,25.979993316,0.2
2017-04-30,21.125,-155.375,25.199993333,0.2
2017-04-30,21.125,-155.125,25.279993331,0.2
2017-04-30,21.125,-154.875,25.32999333,0.2
2017-04-30,21.125,-153.875,25.389993329,0.2
2017-04-30,21.125,-153.625,25.429993328,0.2
2017-04-30,21.125,-153.375,25.489993327,0.2
2017-04-30,21.125,-153.125,25.529993326,0.2
2017-04-30,21.125,-151.875,25.499993327,0.2
2017-04-30,21.125,-151.625,25.519993326,0.2
2017-04-30,21.125,-142.875,23.97999336,0.2
2017-04-30,21.125,-142.625,24.119993357,0.2
2017-04-30,21.125,-142.375,24.269993354,0.2
2017-04-30,21.375,-162.625,25.77999332,0.2
2017-04-30,21.375,-161.125,25.619993324,0.2
2017-04-30,21.375,-160.875,25.659993323,0.2
2017-04-30,21.375,-160.625,25.669993323,0.2
2017-04-30,21.375,-160.375,25.76999332,0.2
2017-04-30,21.375,-159.125,25.78999332,0.2
2017-04-30,21.375,-158.875,25.80999332,0.2
2017-04-30,21.375,-158.375,25.709993322,0.2
2017-04-30,21.375,-158.125,25.649993323,0.2
2017-04-30,21.375,-155.375,25.219993333,0.2
2017-04-30,21.375,-155.125,25.299993331,0.2
2017-04-30,21.375,-153.625,25.319993331,0.2
2017-04-30,21.375,-153.375,25.409993329,0.2
2017-04-30,21.375,-153.125,25.479993327,0.2
2017-04-30,21.375,-152.875,25.559993325,0.2
2017-04-30,21.375,-151.875,25.449993328,0.2
2017-04-30,21.375,-150.875,25.439993328,0.2
2017-04-30,21.375,-150.625,25.35999333,0.2
2017-04-30,21.375,-150.375,25.289993331,0.2
2017-04-30,21.375,-150.125,25.249993332,0.2
2017-04-30,21.375,-142.375,24.069993358,0.2
2017-04-30,21.625,-162.625,25.78999332,0.2
2017-04-30,21.625,-161.125,25.739993321,0.2
2017-04-30,21.625,-160.875,25.77999332,0.2
2017-04-30,21.625,-160.625,25.629993324,0.2
2017-04-30,21.625,-159.875,25.749993321,0.2
2017-04-30,21.625,-159.625,25.879993318,0.2
2017-04-30,21.625,-159.375,25.959993316,0.2
2017-04-30,21.625,-159.125,25.869993318,0.2
2017-04-30,21.625,-158.875,25.729993321,0.2
2017-04-30,21.625,-158.375,25.469993327,0.2
2017-04-30,21.625,-158.125,25.369993329,0.2
2017-04-30,21.625,-157.875,25.33999333,0.2
2017-04-30,21.625,-156.375,25.219993333,0.2
2017-04-30,21.625,-156.125,25.149993334,0.2
2017-04-30,21.625,-155.875,25.159993334,0.2
2017-04-30,21.625,-155.625,25.209993333,0.2
2017-04-30,21.625,-155.375,25.269993332,0.2
2017-04-30,21.625,-155.125,25.289993331,0.2
2017-04-30,21.625,-153.125,25.389993329,0.2
2017-04-30,21.625,-152.875,25.479993327,0.2
2017-04-30,21.625,-152.625,25.469993327,0.2
2017-04-30,21.625,-150.875,25.279993331,0.2
2017-04-30,21.625,-150.625,25.239993332,0.2
2017-04-30,21.625,-150.375,25.199993333,0.2
2017-04-30,21.625,-150.125,25.189993333,0.2
2017-04-30,21.625,-149.875,25.159993334,0.2
2017-04-30,21.625,-146.125,24.489993349,0.2
2017-04-30,21.875,-162.625,25.839993319,0.2
2017-04-30,21.875,-161.125,25.79999332,0.2
2017-04-30,21.875,-160.875,25.719993322,0.2
2017-04-30,21.875,-160.375,25.389993329,0.2
2017-04-30,21.875,-160.125,25.369993329,0.2
2017-04-30,21.875,-159.875,25.509993326,0.2
2017-04-30,21.875,-159.625,25.819993319,0.2
2017-04-30,21.875,-159.375,25.999993315,0.2
2017-04-30,21.875,-159.125,25.869993318,0.2
2017-04-30,21.875,-158.375,25.219993333,0.2
2017-04-30,21.875,-158.125,25.139993335,0.2
2017-04-30,21.875,-157.875,25.179993334,0.2
2017-04-30,21.875,-157.625,25.309993331,0.2
2017-04-30,21.875,-156.125,25.269993332,0.2
2017-04-30,21.875,-155.875,25.229993333,0.2
2017-04-30,21.875,-155.625,25.239993332,0.2
2017-04-30,21.875,-155.375,25.259993332,0.2
2017-04-30,21.875,-152.875,25.299993331,0.2
2017-04-30,21.875,-152.625,25.289993331,0.2
2017-04-30,21.875,-152.375,25.219993333,0.2
2017-04-30,21.875,-150.125,25.029993337,0.2
2017-04-30,21.875,-149.875,25.039993337,0.2
2017-04-30,21.875,-149.625,25.079993336,0.2
2017-04-30,21.875,-149.125,25.079993336,0.2
2017-04-30,21.875,-148.875,25.019993337,0.2
2017-04-30,21.875,-146.625,24.619993346,0.2
2017-04-30,21.875,-146.375,24.579993347,0.2
2017-04-30,21.875,-146.125,24.45999335,0.2
2017-04-30,22.125,-161.125,25.619993324,0.2
2017-04-30,22.125,-160.875,25.439993328,0.2
2017-04-30,22.125,-160.625,25.119993335,0.2
2017-04-30,22.125,-160.375,24.969993338,0.2
2017-04-30,22.125,-160.125,24.959993339,0.2
2017-04-30,22.125,-159.875,25.109993335,0.2
2017-04-30,22.125,-158.125,24.959993339,0.2
2017-04-30,22.125,-157.875,25.059993336,0.2
2017-04-30,22.125,-157.625,25.199993333,0.2
2017-04-30,22.125,-156.375,25.32999333,0.2
2017-04-30,22.125,-156.125,25.269993332,0.2
2017-04-30,22.125,-155.875,25.219993333,0.2
2017-04-30,22.125,-155.625,25.199993333,0.2
2017-04-30,22.125,-155.375,25.199993333,0.2
2017-04-30,22.125,-155.125,25.139993335,0.2
2017-04-30,22.125,-154.875,25.029993337,0.2
2017-04-30,22.125,-153.375,25.169993334,0.2
2017-04-30,22.125,-152.625,25.059993336,0.2
2017-04-30,22.125,-152.375,24.969993338,0.2
2017-04-30,22.125,-149.875,24.929993339,0.2
2017-04-30,22.125,-149.625,24.989993338,0.2
2017-04-30,22.125,-149.125,24.969993338,0.2
2017-04-30,22.125,-148.875,24.87999334,0.2
2017-04-30,22.125,-146.875,24.609993346,0.2
2017-04-30,22.125,-146.625,24.619993346,0.2
2017-04-30,22.125,-146.375,24.589993347,0.2
2017-04-30,22.125,-146.125,24.479993349,0.2
2017-04-30,22.375,-160.875,24.939993339,0.2
2017-04-30,22.375,-160.625,24.569993347,0.2
2017-04-30,22.375,-160.375,24.369993352,0.2
2017-04-30,22.375,-157.875,25.019993337,0.2
2017-04-30,22.375,-157.625,25.149993334,0.2
2017-04-30,22.375,-157.375,25.219993333,0.2
2017-04-30,22.375,-156.625,25.129993335,0.2
2017-04-30,22.375,-156.375,25.129993335,0.2
2017-04-30,22.375,-156.125,25.129993335,0.2
2017-04-30,22.375,-155.875,25.129993335,0.2
2017-04-30,22.375,-155.625,25.109993335,0.2
2017-04-30,22.375,-155.375,25.089993336,0.2
2017-04-30,22.375,-155.125,25.049993337,0.2
2017-04-30,22.375,-154.875,24.979993338,0.2
2017-04-30,22.375,-154.625,24.969993338,0.2
2017-04-30,22.375,-153.875,25.219993333,0.2
2017-04-30,22.375,-153.625,25.189993333,0.2
2017-04-30,22.375,-153.375,25.079993336,0.2
2017-04-30,22.375,-152.625,24.849993341,0.2
2017-04-30,22.375,-152.375,24.769993343,0.2
2017-04-30,22.375,-149.875,24.829993341,0.2
2017-04-30,22.375,-149.625,24.859993341,0.2
2017-04-30,22.375,-149.375,24.87999334,0.2
2017-04-30,22.375,-146.875,24.639993346,0.2
2017-04-30,22.375,-146.625,24.629993346,0.2
2017-04-30,22.375,-146.375,24.559993348,0.2
2017-04-30,22.625,-161.125,24.87999334,0.2
2017-04-30,22.625,-160.875,24.43999335,0.2
2017-04-30,22.625,-160.625,24.059993359,0.2
2017-04-30,22.625,-160.375,23.969993361,0.2
2017-04-30,22.625,-160.125,24.149993357,0.2
2017-04-30,22.625,-159.875,24.579993347,0.2
2017-04-30,22.625,-159.625,24.949993339,0.2
2017-04-30,22.625,-157.625,25.119993335,0.2
2017-04-30,22.625,-157.375,25.089993336,0.2
2017-04-30,22.625,-156.625,24.929993339,0.2
2017-04-30,22.625,-156.375,24.929993339,0.2
2017-04-30,22.625,-154.875,24.949993339,0.2
2017-04-30,22.625,-154.625,25.009993337,0.2
2017-04-30,22.625,-154.375,25.149993334,0.2
2017-04-30,22.625,-154.125,25.249993332,0.2
2017-04-30,22.625,-153.875,25.239993332,0.2
2017-04-30,22.625,-153.625,25.139993335,0.2
2017-04-30,22.625,-153.375,24.989993338,0.2
2017-04-30,22.625,-152.875,24.759993343,0.2
2017-04-30,22.625,-152.625,24.719993344,0.2
2017-04-30,22.625,-152.375,24.709993344,0.2
2017-04-30,22.625,-149.625,24.749993343,0.2
2017-04-30,22.625,-149.375,24.739993344,0.2
2017-04-30,22.625,-147.375,24.599993347,0.2
2017-04-30,22.625,-147.125,24.609993346,0.2
2017-04-30,22.625,-146.875,24.599993347,0.2
2017-04-30,22.625,-146.625,24.559993348,0.2
2017-04-30,22.625,-144.625,24.049993359,0.2
2017-04-30,22.625,-144.375,23.97999336,0.2
2017-04-30,22.875,-161.375,24.839993341,0.2
2017-04-30,22.875,-161.125,24.43999335,0.2
2017-04-30,22.875,-160.875,24.049993359,0.2
2017-04-30,22.875,-160.625,23.839993364,0.2
2017-04-30,22.875,-160.375,23.879993363,0.2
2017-04-30,22.875,-160.125,24.159993356,0.2
2017-04-30,22.875,-159.875,24.579993347,0.2
2017-04-30,22.875,-159.625,25.029993337,0.2
2017-04-30,22.875,-157.625,25.129993335,0.2
2017-04-30,22.875,-157.375,25.099993335,0.2
2017-04-30,22.875,-157.125,24.939993339,0.2
2017-04-30,22.875,-154.625,24.919993339,0.2
2017-04-30,22.875,-154.375,25.079993336,0.2
2017-04-30,22.875,-154.125,25.189993333,0.2
2017-04-30,22.875,-153.875,25.159993334,0.2
2017-04-30,22.875,-152.875,24.679993345,0.2
2017-04-30,22.875,-152.625,24.679993345,0.2
2017-04-30,22.875,-152.375,24.719993344,0.2
2017-04-30,22.875,-147.625,24.45999335,0.2
2017-04-30,22.875,-147.375,24.489993349,0.2
2017-04-30,22.875,-147.125,24.489993349,0.2
2017-04-30,22.875,-146.875,24.489993349,0.2
2017-04-30,22.875,-144.875,23.929993362,0.2
2017-04-30,22.875,-144.625,23.889993363,0.2
2017-04-30,22.875,-144.375,23.869993363,0.2
2017-04-30,22.875,-142.625,23.839993364,0.2
2017-04-30,22.875,-142.375,23.869993363,0.2
2017-04-30,23.125,-162.625,25.099993335,0.2
2017-04-30,23.125,-162.375,24.999993338,0.2
2017-04-30,23.125,-162.125,24.859993341,0.2
2017-04-30,23.125,-161.875,24.799993342,0.2
2017-04-30,23.125,-161.625,24.679993345,0.2
2017-04-30,23.125,-161.375,24.419993351,0.2
2017-04-30,23.125,-161.125,24.119993357,0.2
2017-04-30,23.125,-160.625,23.889993363,0.2
2017-04-30,23.125,-160.375,24.00999336,0.2
2017-04-30,23.125,-159.875,24.649993346,0.2
2017-04-30,23.125,-159.625,25.029993337,0.2
2017-04-30,23.125,-159.375,25.35999333,0.2
2017-04-30,23.125,-159.125,25.539993326,0.2
2017-04-30,23.125,-158.875,25.499993327,0.2
2017-04-30,23.125,-157.375,25.109993335,0.2
2017-04-30,23.125,-157.125,24.949993339,0.2
2017-04-30,23.125,-154.625,24.769993343,0.2
2017-04-30,23.125,-154.375,24.919993339,0.2
2017-04-30,23.125,-154.125,25.029993337,0.2
2017-04-30,23.125,-153.875,25.009993337,0.2
2017-04-30,23.125,-152.875,24.639993346,0.2
2017-04-30,23.125,-152.625,24.659993345,0.2
2017-04-30,23.125,-149.375,24.489993349,0.2
2017-04-30,23.125,-149.125,24.479993349,0.2
2017-04-30,23.125,-148.875,24.44999335,0.2
2017-04-30,23.125,-147.625,24.269993354,0.2
2017-04-30,23.125,-147.375,24.269993354,0.2
2017-04-30,23.125,-147.125,24.269993354,0.2
2017-04-30,23.125,-146.875,24.269993354,0.2
2017-04-30,23.125,-146.625,24.259993354,0.2
2017-04-30,23.125,-146.375,24.189993356,0.2
2017-04-30,23.125,-144.875,23.779993365,0.2
2017-04-30,23.125,-144.625,23.749993366,0.2
2017-04-30,23.125,-144.375,23.739993366,0.2
2017-04-30,23.125,-144.125,23.739993366,0.2
2017-04-30,23.125,-143.125,23.749993366,0.2
2017-04-30,23.125,-142.875,23.819993364,0.2
2017-04-30,23.125,-142.625,23.829993364,0.2
2017-04-30,23.125,-142.375,23.829993364,0.2
2017-04-30,23.375,-162.625,24.979993338,0.2
2017-04-30,23.375,-162.375,24.809993342,0.2
2017-04-30,23.375,-162.125,24.639993346,0.2
2017-04-30,23.375,-161.875,24.489993349,0.2
2017-04-30,23.375,-161.625,24.389993351,0.2
2017-04-30,23.375,-161.375,24.179993356,0.2
2017-04-30,23.375,-161.125,23.969993361,0.2
2017-04-30,23.375,-160.875,23.879993363,0.2
2017-04-30,23.375,-159.625,24.839993341,0.2
2017-04-30,23.375,-159.375,25.099993335,0.2
2017-04-30,23.375,-159.125,25.34999333,0.2
2017-04-30,23.375,-158.875,25.409993329,0.2
2017-04-30,23.375,-158.625,25.419993328,0.2
2017-04-30,23.375,-157.875,25.32999333,0.2
2017-04-30,23.375,-157.625,25.259993332,0.2
2017-04-30,23.375,-154.625,24.669993345,0.2
2017-04-30,23.375,-154.375,24.759993343,0.2
2017-04-30,23.375,-154.125,24.849993341,0.2
2017-04-30,23.375,-153.875,24.87999334,0.2
2017-04-30,23.375,-152.875,24.639993346,0.2
2017-04-30,23.375,-152.625,24.609993346,0.2
2017-04-30,23.375,-149.375,24.419993351,0.2
2017-04-30,23.375,-149.125,24.42999335,0.2
2017-04-30,23.375,-148.875,24.379993352,0.2
2017-04-30,23.375,-147.875,24.059993359,0.2
2017-04-30,23.375,-147.625,24.029993359,0.2
2017-04-30,23.375,-147.375,24.00999336,0.2
2017-04-30,23.375,-147.125,23.99999336,0.2
2017-04-30,23.375,-146.875,24.01999336,0.2
2017-04-30,23.375,-146.625,24.049993359,0.2
2017-04-30,23.375,-146.375,24.039993359,0.2
2017-04-30,23.375,-146.125,24.039993359,0.2
2017-04-30,23.375,-145.875,23.99999336,0.2
2017-04-30,23.375,-144.625,23.679993367,0.2
2017-04-30,23.375,-144.375,23.699993367,0.2
2017-04-30,23.375,-144.125,23.709993367,0.2
2017-04-30,23.375,-143.375,23.649993368,0.2
2017-04-30,23.375,-143.125,23.699993367,0.2
2017-04-30,23.375,-142.875,23.809993364,0.2
2017-04-30,23.625,-161.625,24.349993352,0.2
2017-04-30,23.625,-161.375,24.179993356,0.2
2017-04-30,23.625,-161.125,24.059993359,0.2
2017-04-30,23.625,-160.875,24.01999336,0.2
2017-04-30,23.625,-160.625,24.139993357,0.2
2017-04-30,23.625,-159.625,24.599993347,0.2
2017-04-30,23.625,-159.375,24.739993344,0.2
2017-04-30,23.625,-159.125,24.919993339,0.2
2017-04-30,23.625,-158.875,25.059993336,0.2
2017-04-30,23.625,-158.625,25.219993333,0.2
2017-04-30,23.625,-158.375,25.32999333,0.2
2017-04-30,23.625,-157.875,25.319993331,0.2
2017-04-30,23.625,-157.625,25.239993332,0.2
2017-04-30,23.625,-157.375,25.129993335,0.2
2017-04-30,23.625,-155.375,24.849993341,0.2
2017-04-30,23.625,-155.125,24.709993344,0.2
2017-04-30,23.625,-153.875,24.789993342,0.2
2017-04-30,23.625,-153.625,24.809993342,0.2
2017-04-30,23.625,-152.875,24.609993346,0.2
2017-04-30,23.625,-152.625,24.499993349,0.2
2017-04-30,23.625,-150.125,24.409993351,0.2
2017-04-30,23.625,-149.875,24.379993352,0.2
2017-04-30,23.625,-149.625,24.349993352,0.2
2017-04-30,23.625,-149.375,24.349993352,0.2
2017-04-30,23.625,-147.875,23.899993362,0.2
2017-04-30,23.625,-147.625,23.839993364,0.2
2017-04-30,23.625,-147.375,23.799993365,0.2
2017-04-30,23.625,-147.125,23.759993365,0.2
2017-04-30,23.625,-146.875,23.749993366,0.2
2017-04-30,23.625,-146.375,23.869993363,0.2
2017-04-30,23.625,-146.125,23.909993362,0.2
2017-04-30,23.625,-145.875,23.919993362,0.2
2017-04-30,23.625,-145.625,23.899993362,0.2
2017-04-30,23.625,-144.875,23.699993367,0.2
2017-04-30,23.625,-144.625,23.669993367,0.2
2017-04-30,23.625,-144.375,23.679993367,0.2
2017-04-30,23.625,-144.125,23.659993368,0.2
2017-04-30,23.625,-143.625,23.53999337,0.2
2017-04-30,23.625,-143.375,23.509993371,0.2
2017-04-30,23.625,-143.125,23.599993369,0.2
2017-04-30,23.875,-161.125,24.239993355,0.2
2017-04-30,23.875,-160.875,24.189993356,0.2
2017-04-30,23.875,-160.625,24.159993356,0.2
2017-04-30,23.875,-160.375,24.119993357,0.2
2017-04-30,23.875,-159.625,24.279993354,0.2
2017-04-30,23.875,-159.375,24.349993352,0.2
2017-04-30,23.875,-158.625,24.799993342,0.2
2017-04-30,23.875,-158.375,25.019993337,0.2
2017-04-30,23.875,-158.125,25.149993334,0.2
2017-04-30,23.875,-157.875,25.199993333,0.2
2017-04-30,23.875,-155.875,24.88999334,0.2
2017-04-30,23.875,-155.625,24.839993341,0.2
2017-04-30,23.875,-155.375,24.809993342,0.2
2017-04-30,23.875,-155.125,24.679993345,0.2
2017-04-30,23.875,-154.875,24.599993347,0.2
2017-04-30,23.875,-150.375,24.379993352,0.2
2017-04-30,23.875,-150.125,24.389993351,0.2
2017-04-30,23.875,-149.875,24.339993352,0.2
2017-04-30,23.875,-148.125,24.00999336,0.2
2017-04-30,23.875,-147.875,23.909993362,0.2
2017-04-30,23.875,-147.625,23.799993365,0.2
2017-04-30,23.875,-147.375,23.689993367,0.2
2017-04-30,23.875,-147.125,23.609993369,0.2
2017-04-30,23.875,-145.875,23.789993365,0.2
2017-04-30,23.875,-145.625,23.809993364,0.2
2017-04-30,23.875,-145.125,23.669993367,0.2
2017-04-30,23.875,-144.875,23.629993368,0.2
2017-04-30,23.875,-144.625,23.609993369,0.2
2017-04-30,23.875,-144.375,23.599993369,0.2
2017-04-30,23.875,-144.125,23.579993369,0.2
2017-04-30,23.875,-143.875,23.53999337,0.2
2017-04-30,23.875,-143.625,23.469993372,0.2
2017-04-30,23.875,-143.375,23.469993372,0.2
2017-04-30,23.875,-143.125,23.55999337,0.2
2017-04-30,24.125,-160.875,24.239993355,0.2
2017-04-30,24.125,-160.625,24.069993358,0.2
2017-04-30,24.125,-160.375,23.929993362,0.2
2017-04-30,24.125,-160.125,23.879993363,0.2
2017-04-30,24.125,-159.625,23.969993361,0.2
2017-04-30,24.125,-158.625,24.399993351,0.2
2017-04-30,24.125,-158.375,24.679993345,0.2
2017-04-30,24.125,-158.125,24.89999334,0.2
2017-04-30,24.125,-157.875,25.039993337,0.2
2017-04-30,24.125,-157.625,25.049993337,0.2
2017-04-30,24.125,-156.125,25.009993337,0.2
2017-04-30,24.125,-155.875,24.929993339,0.2
2017-04-30,24.125,-155.625,24.849993341,0.2
2017-04-30,24.125,-155.375,24.809993342,0.2
2017-04-30,24.125,-155.125,24.699993344,0.2
2017-04-30,24.125,-154.875,24.609993346,0.2
2017-04-30,24.125,-154.625,24.559993348,0.2
2017-04-30,24.125,-150.375,24.319993353,0.2
2017-04-30,24.125,-150.125,24.309993353,0.2
2017-04-30,24.125,-148.375,24.159993356,0.2
2017-04-30,24.125,-148.125,24.089993358,0.2
2017-04-30,24.125,-147.875,23.969993361,0.2
2017-04-30,24.125,-147.625,23.819993364,0.2
2017-04-30,24.125,-147.375,23.679993367,0.2
2017-04-30,24.125,-145.875,23.649993368,0.2
2017-04-30,24.125,-145.625,23.629993368,0.2
2017-04-30,24.125,-145.125,23.529993371,0.2
2017-04-30,24.125,-144.875,23.499993371,0.2
2017-04-30,24.125,-144.625,23.499993371,0.2
2017-04-30,24.125,-144.375,23.519993371,0.2
2017-04-30,24.125,-144.125,23.509993371,0.2
2017-04-30,24.125,-143.875,23.459993372,0.2
2017-04-30,24.125,-143.625,23.439993373,0.2
2017-04-30,24.125,-143.375,23.499993371,0.2
2017-04-30,24.125,-143.125,23.609993369,0.2
2017-04-30,24.375,-162.625,24.699993344,0.2
2017-04-30,24.375,-162.375,24.599993347,0.2
2017-04-30,24.375,-160.625,23.959993361,0.2
2017-04-30,24.375,-160.375,23.769993365,0.2
2017-04-30,24.375,-160.125,23.689993367,0.2
2017-04-30,24.375,-159.625,23.779993365,0.2
2017-04-30,24.375,-159.375,23.759993365,0.2
2017-04-30,24.375,-158.625,24.099993358,0.2
2017-04-30,24.375,-158.375,24.389993351,0.2
2017-04-30,24.375,-158.125,24.669993345,0.2
2017-04-30,24.375,-157.875,24.859993341,0.2
2017-04-30,24.375,-157.625,24.979993338,0.2
2017-04-30,24.375,-157.375,25.039993337,0.2
2017-04-30,24.375,-156.375,25.069993336,0.2
2017-04-30,24.375,-156.125,25.079993336,0.2
2017-04-30,24.375,-155.875,25.009993337,0.2
2017-04-30,24.375,-155.625,24.929993339,0.2
2017-04-30,24.375,-155.125,24.749993343,0.2
2017-04-30,24.375,-154.875,24.659993345,0.2
2017-04-30,24.375,-154.625,24.589993347,0.2
2017-04-30,24.375,-154.375,24.549993348,0.2
2017-04-30,24.375,-154.125,24.569993347,0.2
2017-04-30,24.375,-152.625,24.399993351,0.2
2017-04-30,24.375,-152.375,24.299993353,0.2
2017-04-30,24.375,-152.125,24.339993352,0.2
2017-04-30,24.375,-150.625,24.279993354,0.2
2017-04-30,24.375,-150.375,24.279993354,0.2
2017-04-30,24.375,-150.125,24.239993355,0.2
2017-04-30,24.375,-149.625,24.189993356,0.2
2017-04-30,24.375,-149.375,24.249993354,0.2
2017-04-30,24.375,-148.375,24.259993354,0.2
2017-04-30,24.375,-148.125,24.179993356,0.2
2017-04-30,24.375,-144.875,23.379993374,0.2
2017-04-30,24.375,-144.625,23.409993373,0.2
2017-04-30,24.375,-144.375,23.429993373,0.2
2017-04-30,24.375,-143.375,23.509993371,0.2
2017-04-30,24.375,-143.125,23.619993369,0.2
2017-04-30,24.625,-162.625,24.619993346,0.2
2017-04-30,24.625,-162.375,24.559993348,0.2
2017-04-30,24.625,-160.375,23.769993365,0.2
2017-04-30,24.625,-160.125,23.689993367,0.2
2017-04-30,24.625,-159.875,23.709993367,0.2
2017-04-30,24.625,-159.625,23.749993366,0.2
2017-04-30,24.625,-159.375,23.739993366,0.2
2017-04-30,24.625,-158.375,24.249993354,0.2
2017-04-30,24.625,-158.125,24.519993348,0.2
2017-04-30,24.625,-157.875,24.749993343,0.2
2017-04-30,24.625,-157.625,24.939993339,0.2
2017-04-30,24.625,-157.375,25.039993337,0.2
2017-04-30,24.625,-157.125,25.089993336,0.2
2017-04-30,24.625,-156.875,25.079993336,0.2
2017-04-30,24.625,-156.625,25.079993336,0.2
2017-04-30,24.625,-156.375,25.039993337,0.2
2017-04-30,24.625,-156.125,25.039993337,0.2
2017-04-30,24.625,-155.875,24.959993339,0.2
2017-04-30,24.625,-154.625,24.629993346,0.2
2017-04-30,24.625,-154.375,24.579993347,0.2
2017-04-30,24.625,-154.125,24.579993347,0.2
2017-04-30,24.625,-152.875,24.559993348,0.2
2017-04-30,24.625,-152.625,24.389993351,0.2
2017-04-30,24.625,-152.375,24.279993354,0.2
2017-04-30,24.625,-150.625,24.209993355,0.2
2017-04-30,24.625,-150.375,24.199993356,0.2
2017-04-30,24.625,-149.625,24.119993357,0.2
2017-04-30,24.625,-149.375,24.179993356,0.2
2017-04-30,24.625,-149.125,24.269993354,0.2
2017-04-30,24.625,-144.625,23.309993375,0.2
2017-04-30,24.625,-144.375,23.309993375,0.2
2017-04-30,24.625,-144.125,23.249993377,0.2
2017-04-30,24.625,-143.875,23.229993377,0.2
2017-04-30,24.625,-143.625,23.289993376,0.2
2017-04-30,24.625,-143.375,23.429993373,0.2
2017-04-30,24.625,-143.125,23.55999337,0.2
2017-04-30,24.875,-162.625,24.519993348,0.2
2017-04-30,24.875,-160.125,23.819993364,0.2
2017-04-30,24.875,-159.875,23.829993364,0.2
2017-04-30,24.875,-159.625,23.849993363,0.2
2017-04-30,24.875,-159.375,23.889993363,0.2
2017-04-30,24.875,-159.125,23.899993362,0.2
2017-04-30,24.875,-158.125,24.489993349,0.2
2017-04-30,24.875,-157.875,24.659993345,0.2
2017-04-30,24.875,-157.625,24.819993342,0.2
2017-04-30,24.875,-157.375,24.949993339,0.2
2017-04-30,24.875,-157.125,25.009993337,0.2
2017-04-30,24.875,-156.875,25.039993337,0.2
2017-04-30,24.875,-156.625,25.009993337,0.2
2017-04-30,24.875,-156.375,24.949993339,0.2
2017-04-30,24.875,-156.125,24.949993339,0.2
2017-04-30,24.875,-154.375,24.589993347,0.2
2017-04-30,24.875,-154.125,24.549993348,0.2
2017-04-30,24.875,-153.875,24.559993348,0.2
2017-04-30,24.875,-153.125,24.609993346,0.2
2017-04-30,24.875,-152.875,24.519993348,0.2
2017-04-30,24.875,-152.625,24.409993351,0.2
2017-04-30,24.875,-150.875,24.139993357,0.2
2017-04-30,24.875,-150.625,24.089993358,0.2
2017-04-30,24.875,-150.375,24.039993359,0.2
2017-04-30,24.875,-149.375,24.069993358,0.2
2017-04-30,24.875,-149.125,24.179993356,0.2
2017-04-30,24.875,-148.875,24.269993354,0.2
2017-04-30,24.875,-144.375,23.149993379,0.2
2017-04-30,24.875,-144.125,23.079993381,0.2
2017-04-30,24.875,-143.875,23.049993381,0.2
2017-04-30,24.875,-143.625,23.10999338,0.2
2017-04-30,24.875,-143.375,23.209993378,0.2
2017-04-30,24.875,-143.125,23.309993375,0.2
2017-04-30,25.125,-162.625,24.42999335,0.2
2017-04-30,25.125,-162.375,24.359993352,0.2
2017-04-30,25.125,-162.125,24.299993353,0.2
2017-04-30,25.125,-161.625,24.169993356,0.2
2017-04-30,25.125,-161.375,24.139993357,0.2
2017-04-30,25.125,-161.125,24.109993358,0.2
2017-04-30,25.125,-160.875,24.189993356,0.2
2017-04-30,25.125,-160.625,24.219993355,0.2
2017-04-30,25.125,-160.375,24.179993356,0.2
2017-04-30,25.125,-160.125,24.029993359,0.2
2017-04-30,25.125,-159.875,23.969993361,0.2
2017-04-30,25.125,-159.625,24.00999336,0.2
2017-04-30,25.125,-159.375,24.039993359,0.2
2017-04-30,25.125,-159.125,24.059993359,0.2
2017-04-30,25.125,-158.875,24.099993358,0.2
2017-04-30,25.125,-158.625,24.239993355,0.2
2017-04-30,25.125,-158.125,24.519993348,0.2
2017-04-30,25.125,-157.875,24.599993347,0.2
2017-04-30,25.125,-157.125,24.839993341,0.2
2017-04-30,25.125,-156.875,24.90999334,0.2
2017-04-30,25.125,-156.625,24.919993339,0.2
2017-04-30,25.125,-156.375,24.869993341,0.2
2017-04-30,25.125,-156.125,24.869993341,0.2
2017-04-30,25.125,-154.625,24.45999335,0.2
2017-04-30,25.125,-154.375,24.42999335,0.2
2017-04-30,25.125,-154.125,24.43999335,0.2
2017-04-30,25.125,-153.875,24.46999335,0.2
2017-04-30,25.125,-153.375,24.489993349,0.2
2017-04-30,25.125,-153.125,24.529993348,0.2
2017-04-30,25.125,-152.875,24.519993348,0.2
2017-04-30,25.125,-151.375,24.189993356,0.2
2017-04-30,25.125,-151.125,24.149993357,0.2
2017-04-30,25.125,-150.875,24.069993358,0.2
2017-04-30,25.125,-150.625,23.929993362,0.2
2017-04-30,25.125,-149.125,24.089993358,0.2
2017-04-30,25.125,-148.875,24.159993356,0.2
2017-04-30,25.125,-148.625,24.209993355,0.2
2017-04-30,25.125,-148.375,24.279993354,0.2
2017-04-30,25.125,-148.125,24.249993354,0.2
2017-04-30,25.125,-147.875,24.189993356,0.2
2017-04-30,25.125,-147.625,24.00999336,0.2
2017-04-30,25.125,-143.625,22.929993384,0.2
2017-04-30,25.125,-143.375,22.979993383,0.2
2017-04-30,25.375,-162.375,24.199993356,0.2
2017-04-30,25.375,-162.125,24.149993357,0.2
2017-04-30,25.375,-161.875,24.079993358,0.2
2017-04-30,25.375,-161.625,24.00999336,0.2
2017-04-30,25.375,-161.375,23.97999336,0.2
2017-04-30,25.375,-161.125,24.069993358,0.2
2017-04-30,25.375,-160.875,24.279993354,0.2
2017-04-30,25.375,-160.625,24.419993351,0.2
2017-04-30,25.375,-160.375,24.43999335,0.2
2017-04-30,25.375,-160.125,24.339993352,0.2
2017-04-30,25.375,-159.875,24.219993355,0.2
2017-04-30,25.375,-159.625,24.159993356,0.2
2017-04-30,25.375,-159.125,24.109993358,0.2
2017-04-30,25.375,-158.875,24.179993356,0.2
2017-04-30,25.375,-158.625,24.319993353,0.2
2017-04-30,25.375,-158.375,24.43999335,0.2
2017-04-30,25.375,-158.125,24.519993348,0.2
2017-04-30,25.375,-157.875,24.549993348,0.2
2017-04-30,25.375,-156.875,24.729993344,0.2
2017-04-30,25.375,-156.625,24.719993344,0.2
2017-04-30,25.375,-156.375,24.649993346,0.2
2017-04-30,25.375,-156.125,24.599993347,0.2
2017-04-30,25.375,-154.125,24.339993352,0.2
2017-04-30,25.375,-153.875,24.349993352,0.2
2017-04-30,25.375,-153.625,24.379993352,0.2
2017-04-30,25.375,-152.375,24.389993351,0.2
2017-04-30,25.375,-152.125,24.319993353,0.2
2017-04-30,25.375,-151.875,24.289993354,0.2
2017-04-30,25.375,-151.625,24.279993354,0.2
2017-04-30,25.375,-151.375,24.269993354,0.2
2017-04-30,25.375,-151.125,24.209993355,0.2
2017-04-30,25.375,-150.875,24.049993359,0.2
2017-04-30,25.375,-148.875,23.99999336,0.2
2017-04-30,25.375,-148.625,24.099993358,0.2
2017-04-30,25.375,-148.375,24.169993356,0.2
2017-04-30,25.375,-148.125,24.219993355,0.2
2017-04-30,25.375,-147.875,24.209993355,0.2
2017-04-30,25.375,-147.625,24.059993359,0.2
2017-04-30,25.375,-147.375,23.839993364,0.2
2017-04-30,25.375,-147.125,23.649993368,0.2
2017-04-30,25.375,-146.875,23.53999337,0.2
2017-04-30,25.375,-143.875,22.809993387,0.2
2017-04-30,25.375,-143.625,22.799993387,0.2
2017-04-30,25.375,-143.375,22.789993387,0.2
2017-04-30,25.625,-162.625,24.079993358,0.2
2017-04-30,25.625,-162.375,23.919993362,0.2
2017-04-30,25.625,-162.125,23.769993365,0.2
2017-04-30,25.625,-161.125,23.859993363,0.2
2017-04-30,25.625,-160.875,24.149993357,0.2
2017-04-30,25.625,-160.625,24.42999335,0.2
2017-04-30,25.625,-160.375,24.609993346,0.2
2017-04-30,25.625,-160.125,24.589993347,0.2
2017-04-30,25.625,-159.875,24.45999335,0.2
2017-04-30,25.625,-159.625,24.339993352,0.2
2017-04-30,25.625,-159.375,24.159993356,0.2
2017-04-30,25.625,-158.625,24.279993354,0.2
2017-04-30,25.625,-158.375,24.43999335,0.2
2017-04-30,25.625,-158.125,24.519993348,0.2
2017-04-30,25.625,-157.125,24.629993346,0.2
2017-04-30,25.625,-156.875,24.649993346,0.2
2017-04-30,25.625,-156.625,24.569993347,0.2
2017-04-30,25.625,-156.375,24.44999335,0.2
2017-04-30,25.625,-156.125,24.319993353,0.2
2017-04-30,25.625,-154.125,24.309993353,0.2
2017-04-30,25.625,-153.875,24.319993353,0.2
2017-04-30,25.625,-153.625,24.319993353,0.2
2017-04-30,25.625,-152.375,24.219993355,0.2
2017-04-30,25.625,-152.125,24.209993355,0.2
2017-04-30,25.625,-151.875,24.249993354,0.2
2017-04-30,25.625,-151.625,24.309993353,0.2
2017-04-30,25.625,-151.375,24.369993352,0.2
2017-04-30,25.625,-147.375,23.799993365,0.2
2017-04-30,25.625,-147.125,23.579993369,0.2
2017-04-30,25.625,-146.875,23.419993373,0.2
2017-04-30,25.625,-143.875,22.789993387,0.2
2017-04-30,25.625,-143.625,22.699993389,0.2
2017-04-30,25.875,-162.625,23.869993363,0.2
2017-04-30,25.875,-162.375,23.53999337,0.2
2017-04-30,25.875,-162.125,23.229993377,0.2
2017-04-30,25.875,-161.875,23.059993381,0.2
2017-04-30,25.875,-161.125,23.389993374,0.2
2017-04-30,25.875,-160.875,23.779993365,0.2
2017-04-30,25.875,-160.625,24.189993356,0.2
2017-04-30,25.875,-160.375,24.499993349,0.2
2017-04-30,25.875,-160.125,24.509993349,0.2
2017-04-30,25.875,-159.875,24.399993351,0.2
2017-04-30,25.875,-159.625,24.299993353,0.2
2017-04-30,25.875,-159.375,24.139993357,0.2
2017-04-30,25.875,-158.875,24.129993357,0.2
2017-04-30,25.875,-158.625,24.169993356,0.2
2017-04-30,25.875,-158.375,24.289993354,0.2
2017-04-30,25.875,-157.625,24.649993346,0.2
2017-04-30,25.875,-157.375,24.699993344,0.2
2017-04-30,25.875,-157.125,24.689993345,0.2
2017-04-30,25.875,-156.875,24.629993346,0.2
2017-04-30,25.875,-156.625,24.46999335,0.2
2017-04-30,25.875,-156.375,24.309993353,0.2
2017-04-30,25.875,-156.125,24.119993357,0.2
2017-04-30,25.875,-153.125,24.239993355,0.2
2017-04-30,25.875,-152.875,24.139993357,0.2
2017-04-30,25.875,-152.625,23.97999336,0.2
2017-04-30,25.875,-152.375,23.869993363,0.2
2017-04-30,25.875,-152.125,23.919993362,0.2
2017-04-30,25.875,-151.875,24.069993358,0.2
2017-04-30,25.875,-151.625,24.269993354,0.2
2017-04-30,25.875,-144.125,22.909993384,0.2
2017-04-30,25.875,-143.875,22.799993387,0.2
2017-04-30,25.875,-143.625,22.689993389,0.2
2017-04-30,25.875,-143.375,22.539993393,0.2
2017-04-30,25.875,-143.125,22.409993396,0.2
2017-04-30,26.125,-162.625,23.53999337,0.2
2017-04-30,26.125,-162.125,22.769993388,0.2
2017-04-30,26.125,-161.875,22.629993391,0.2
2017-04-30,26.125,-160.625,23.879993363,0.2
2017-04-30,26.125,-160.375,24.369993352,0.2
2017-04-30,26.125,-160.125,24.44999335,0.2
2017-04-30,26.125,-159.875,24.46999335,0.2
2017-04-30,26.125,-159.625,24.399993351,0.2
2017-04-30,26.125,-159.375,24.299993353,0.2
2017-04-30,26.125,-159.125,24.189993356,0.2
2017-04-30,26.125,-158.875,24.089993358,0.2
2017-04-30,26.125,-158.625,24.099993358,0.2
2017-04-30,26.125,-158.375,24.169993356,0.2
2017-04-30,26.125,-158.125,24.309993353,0.2
2017-04-30,26.125,-157.875,24.46999335,0.2
2017-04-30,26.125,-157.625,24.639993346,0.2
2017-04-30,26.125,-157.375,24.729993344,0.2
2017-04-30,26.125,-157.125,24.759993343,0.2
2017-04-30,26.125,-156.375,24.289993354,0.2
2017-04-30,26.125,-156.125,24.059993359,0.2
2017-04-30,26.125,-155.875,23.819993364,0.2
2017-04-30,26.125,-153.875,23.97999336,0.2
2017-04-30,26.125,-153.625,24.01999336,0.2
2017-04-30,26.125,-153.375,24.01999336,0.2
2017-04-30,26.125,-153.125,23.899993362,0.2
2017-04-30,26.125,-152.875,23.739993366,0.2
2017-04-30,26.125,-152.625,23.54999337,0.2
2017-04-30,26.125,-152.375,23.479993372,0.2
2017-04-30,26.125,-152.125,23.579993369,0.2
2017-04-30,26.125,-151.875,23.819993364,0.2
2017-04-30,26.125,-151.625,24.069993358,0.2
2017-04-30,26.125,-151.375,24.199993356,0.2
2017-04-30,26.125,-151.125,24.159993356,0.2
2017-04-30,26.125,-150.875,23.909993362,0.2
2017-04-30,26.125,-144.375,22.889993385,0.2
2017-04-30,26.125,-144.125,22.809993387,0.2
2017-04-30,26.125,-143.875,22.769993388,0.2
2017-04-30,26.125,-143.625,22.67999339,0.2
2017-04-30,26.125,-143.375,22.539993393,0.2
2017-04-30,26.125,-143.125,22.349993397,0.2
2017-04-30,26.125,-142.875,22.2299934,0.2
2017-04-30,26.125,-142.625,22.119993402,0.2
2017-04-30,26.375,-162.625,23.289993376,0.2
2017-04-30,26.375,-160.625,23.519993371,0.2
2017-04-30,26.375,-160.375,23.97999336,0.2
2017-04-30,26.375,-160.125,24.219993355,0.2
2017-04-30,26.375,-159.875,24.359993352,0.2
2017-04-30,26.375,-159.625,24.299993353,0.2
2017-04-30,26.375,-159.375,24.199993356,0.2
2017-04-30,26.375,-159.125,24.169993356,0.2
2017-04-30,26.375,-158.875,24.039993359,0.2
2017-04-30,26.375,-158.625,23.97999336,0.2
2017-04-30,26.375,-158.375,24.039993359,0.2
2017-04-30,26.375,-158.125,24.149993357,0.2
2017-04-30,26.375,-157.875,24.309993353,0.2
2017-04-30,26.375,-156.125,24.139993357,0.2
2017-04-30,26.375,-155.875,23.799993365,0.2
2017-04-30,26.375,-155.375,23.189993378,0.2
2017-04-30,26.375,-155.125,23.139993379,0.2
2017-04-30,26.375,-154.125,23.56999337,0.2
2017-04-30,26.375,-153.875,23.54999337,0.2
2017-04-30,26.375,-153.625,23.599993369,0.2
2017-04-30,26.375,-153.375,23.629993368,0.2
2017-04-30,26.375,-151.625,23.889993363,0.2
2017-04-30,26.375,-151.375,24.00999336,0.2
2017-04-30,26.375,-151.125,23.969993361,0.2
2017-04-30,26.375,-150.875,23.699993367,0.2
2017-04-30,26.375,-144.375,22.63999339,0.2
2017-04-30,26.375,-144.125,22.559993392,0.2
2017-04-30,26.375,-143.875,22.579993392,0.2
2017-04-30,26.375,-143.375,22.509993393,0.2
2017-04-30,26.375,-143.125,22.359993397,0.2
2017-04-30,26.375,-142.875,22.1899934,0.2
2017-04-30,26.375,-142.625,22.009993405,0.2
2017-04-30,26.375,-142.375,21.899993407,0.2
2017-04-30,26.625,-162.625,23.079993381,0.2
2017-04-30,26.625,-160.125,23.769993365,0.2
2017-04-30,26.625,-159.875,23.879993363,0.2
2017-04-30,26.625,-159.625,23.859993363,0.2
2017-04-30,26.625,-159.375,23.869993363,0.2
2017-04-30,26.625,-158.125,23.99999336,0.2
2017-04-30,26.625,-157.875,24.139993357,0.2
2017-04-30,26.625,-157.625,24.339993352,0.2
2017-04-30,26.625,-157.375,24.549993348,0.2
2017-04-30,26.625,-156.125,24.349993352,0.2
2017-04-30,26.625,-155.875,23.859993363,0.2
2017-04-30,26.625,-155.375,22.979993383,0.2
2017-04-30,26.625,-155.125,22.799993387,0.2
2017-04-30,26.625,-154.625,23.019993382,0.2
2017-04-30,26.625,-154.375,23.129993379,0.2
2017-04-30,26.625,-154.125,23.139993379,0.2
2017-04-30,26.625,-153.875,23.129993379,0.2
2017-04-30,26.625,-150.875,23.389993374,0.2
2017-04-30,26.625,-150.625,22.979993383,0.2
2017-04-30,26.625,-145.125,22.889993385,0.2
2017-04-30,26.625,-144.875,22.769993388,0.2
2017-04-30,26.625,-144.375,22.389993396,0.2
2017-04-30,26.625,-144.125,22.309993398,0.2
2017-04-30,26.625,-143.375,22.439993395,0.2
2017-04-30,26.625,-142.875,22.1999934,0.2
2017-04-30,26.625,-142.625,21.999993405,0.2
2017-04-30,26.625,-142.375,21.829993409,0.2
2017-04-30,26.875,-162.625,22.859993386,0.2
2017-04-30,26.875,-159.625,23.269993376,0.2
2017-04-30,26.875,-159.375,23.319993375,0.2
2017-04-30,26.875,-159.125,23.519993371,0.2
2017-04-30,26.875,-158.625,23.579993369,0.2
2017-04-30,26.875,-158.375,23.719993366,0.2
2017-04-30,26.875,-158.125,23.829993364,0.2
2017-04-30,26.875,-157.875,23.879993363,0.2
2017-04-30,26.875,-157.625,24.029993359,0.2
2017-04-30,26.875,-157.375,24.219993355,0.2
2017-04-30,26.875,-157.125,24.42999335,0.2
2017-04-30,26.875,-156.875,24.509993349,0.2
2017-04-30,26.875,-156.625,24.599993347,0.2
2017-04-30,26.875,-156.125,24.45999335,0.2
2017-04-30,26.875,-155.875,24.029993359,0.2
2017-04-30,26.875,-155.375,22.899993385,0.2
2017-04-30,26.875,-155.125,22.579993392,0.2
2017-04-30,26.875,-154.875,22.539993393,0.2
2017-04-30,26.875,-154.625,22.689993389,0.2
2017-04-30,26.875,-154.375,22.819993386,0.2
2017-04-30,26.875,-153.875,22.899993385,0.2
2017-04-30,26.875,-153.625,23.019993382,0.2
2017-04-30,26.875,-153.375,23.149993379,0.2
2017-04-30,26.875,-153.125,23.219993377,0.2
2017-04-30,26.875,-150.875,23.159993379,0.2
2017-04-30,26.875,-150.625,22.719993389,0.2
2017-04-30,26.875,-145.125,22.67999339,0.2
2017-04-30,26.875,-144.875,22.609993391,0.2
2017-04-30,26.875,-144.625,22.479993394,0.2
2017-04-30,26.875,-144.375,22.379993396,0.2
2017-04-30,26.875,-142.375,21.809993409,0.2
2017-04-30,27.125,-161.375,22.039993404,0.2
2017-04-30,27.125,-161.125,22.129993402,0.2
2017-04-30,27.125,-159.375,22.979993383,0.2
2017-04-30,27.125,-159.125,23.179993378,0.2
2017-04-30,27.125,-158.875,23.229993377,0.2
2017-04-30,27.125,-158.625,23.329993375,0.2
2017-04-30,27.125,-158.375,23.429993373,0.2
2017-04-30,27.125,-158.125,23.429993373,0.2
2017-04-30,27.125,-157.875,23.339993375,0.2
2017-04-30,27.125,-157.375,23.509993371,0.2
2017-04-30,27.125,-157.125,23.679993367,0.2
2017-04-30,27.125,-156.875,23.869993363,0.2
2017-04-30,27.125,-156.625,24.129993357,0.2
2017-04-30,27.125,-156.375,24.419993351,0.2
2017-04-30,27.125,-156.125,24.43999335,0.2
2017-04-30,27.125,-155.875,24.099993358,0.2
2017-04-30,27.125,-155.625,23.54999337,0.2
2017-04-30,27.125,-155.375,22.989993383,0.2
2017-04-30,27.125,-155.125,22.589993392,0.2
2017-04-30,27.125,-154.875,22.499993394,0.2
2017-04-30,27.125,-154.625,22.609993391,0.2
2017-04-30,27.125,-154.375,22.709993389,0.2
2017-04-30,27.125,-153.875,22.919993384,0.2
2017-04-30,27.125,-153.625,23.079993381,0.2
2017-04-30,27.125,-153.375,23.229993377,0.2
2017-04-30,27.125,-153.125,23.259993377,0.2
2017-04-30,27.125,-144.875,22.63999339,0.2
2017-04-30,27.125,-144.625,22.599993391,0.2
2017-04-30,27.125,-144.375,22.559993392,0.2
2017-04-30,27.125,-144.125,22.429993395,0.2
2017-04-30,27.375,-161.625,22.009993405,0.2
2017-04-30,27.375,-161.375,22.159993401,0.2
2017-04-30,27.375,-161.125,22.289993398,0.2
2017-04-30,27.375,-159.375,22.869993385,0.2
2017-04-30,27.375,-159.125,23.09999338,0.2
2017-04-30,27.375,-158.875,23.11999338,0.2
2017-04-30,27.375,-158.625,23.10999338,0.2
2017-04-30,27.375,-158.125,22.859993386,0.2
2017-04-30,27.375,-157.875,22.759993388,0.2
2017-04-30,27.375,-156.875,23.209993378,0.2
2017-04-30,27.375,-156.625,23.55999337,0.2
2017-04-30,27.375,-156.375,23.97999336,0.2
2017-04-30,27.375,-156.125,24.189993356,0.2
2017-04-30,27.375,-155.875,24.049993359,0.2
2017-04-30,27.375,-155.625,23.579993369,0.2
2017-04-30,27.375,-155.375,23.049993381,0.2
2017-04-30,27.375,-155.125,22.66999339,0.2
2017-04-30,27.375,-154.875,22.499993394,0.2
2017-04-30,27.375,-154.625,22.569993392,0.2
2017-04-30,27.375,-154.375,22.689993389,0.2
2017-04-30,27.375,-149.625,22.629993391,0.2
2017-04-30,27.375,-149.375,22.899993385,0.2
2017-04-30,27.375,-149.125,23.019993382,0.2
2017-04-30,27.375,-144.625,22.859993386,0.2
2017-04-30,27.375,-144.375,22.719993389,0.2
2017-04-30,27.375,-144.125,22.549993392,0.2
2017-04-30,27.625,-161.625,21.979993405,0.2
2017-04-30,27.625,-158.125,22.399993396,0.2
2017-04-30,27.625,-157.875,22.269993399,0.2
2017-04-30,27.625,-156.375,23.54999337,0.2
2017-04-30,27.625,-156.125,23.839993364,0.2
2017-04-30,27.625,-155.875,23.819993364,0.2
2017-04-30,27.625,-155.375,23.079993381,0.2
2017-04-30,27.625,-155.125,22.749993388,0.2
2017-04-30,27.625,-154.875,22.559993392,0.2
2017-04-30,27.625,-151.375,23.359993374,0.2
2017-04-30,27.625,-151.125,23.239993377,0.2
2017-04-30,27.625,-149.875,22.319993398,0.2
2017-04-30,27.625,-149.625,22.63999339,0.2
2017-04-30,27.625,-149.375,22.979993383,0.2
2017-04-30,27.625,-148.375,22.359993397,0.2
2017-04-30,27.625,-148.125,22.099993403,0.2
2017-04-30,27.625,-147.375,22.2199934,0.2
2017-04-30,27.625,-147.125,22.259993399,0.2
2017-04-30,27.625,-143.875,22.429993395,0.2
2017-04-30,27.625,-143.625,22.239993399,0.2
2017-04-30,27.875,-158.125,22.2099934,0.2
2017-04-30,27.875,-157.875,22.079993403,0.2
2017-04-30,27.875,-157.375,22.259993399,0.2
2017-04-30,27.875,-157.125,22.359993397,0.2
2017-04-30,27.875,-156.875,22.549993392,0.2
2017-04-30,27.875,-156.125,23.499993371,0.2
2017-04-30,27.875,-155.875,23.55999337,0.2
2017-04-30,27.875,-155.125,22.819993386,0.2
2017-04-30,27.875,-154.875,22.63999339,0.2
2017-04-30,27.875,-154.125,22.769993388,0.2
2017-04-30,27.875,-153.875,23.019993382,0.2
2017-04-30,27.875,-153.625,23.169993379,0.2
2017-04-30,27.875,-151.375,23.08999338,0.2
2017-04-30,27.875,-151.125,22.939993384,0.2
2017-04-30,27.875,-149.875,22.339993397,0.2
2017-04-30,27.875,-149.625,22.66999339,0.2
2017-04-30,27.875,-149.375,22.969993383,0.2
2017-04-30,27.875,-148.375,22.039993404,0.2
2017-04-30,27.875,-148.125,21.669993412,0.2
2017-04-30,27.875,-147.875,21.559993415,0.2
2017-04-30,27.875,-147.375,21.829993409,0.2
2017-04-30,27.875,-147.125,22.029993404,0.2
2017-04-30,27.875,-146.875,22.399993396,0.2
2017-04-30,27.875,-144.125,22.609993391,0.2
2017-04-30,27.875,-143.875,22.409993396,0.2
2017-04-30,27.875,-143.625,22.2199934,0.2
2017-04-30,28.125,-158.375,22.519993393,0.2
2017-04-30,28.125,-158.125,22.2299934,0.2
2017-04-30,28.125,-157.875,22.129993402,0.2
2017-04-30,28.125,-157.625,22.249993399,0.2
2017-04-30,28.125,-157.375,22.499993394,0.2
2017-04-30,28.125,-157.125,22.63999339,0.2
2017-04-30,28.125,-156.875,22.769993388,0.2
2017-04-30,28.125,-156.125,23.269993376,0.2
2017-04-30,28.125,-155.875,23.329993375,0.2
2017-04-30,28.125,-155.625,23.259993377,0.2
2017-04-30,28.125,-155.375,23.039993382,0.2
2017-04-30,28.125,-155.125,22.829993386,0.2
2017-04-30,28.125,-154.875,22.629993391,0.2
2017-04-30,28.125,-154.125,22.509993393,0.2
2017-04-30,28.125,-153.875,22.719993389,0.2
2017-04-30,28.125,-153.625,22.909993384,0.2
2017-04-30,28.125,-151.125,22.609993391,0.2
2017-04-30,28.125,-150.875,22.379993396,0.2
2017-04-30,28.125,-150.375,22.139993402,0.2
2017-04-30,28.125,-150.125,22.169993401,0.2
2017-04-30,28.125,-149.875,22.329993397,0.2
2017-04-30,28.125,-149.625,22.589993392,0.2
2017-04-30,28.125,-148.125,21.569993414,0.2
2017-04-30,28.125,-147.875,21.449993417,0.2
2017-04-30,28.125,-147.625,21.579993414,0.2
2017-04-30,28.125,-147.125,22.059993403,0.2
2017-04-30,28.125,-146.875,22.239993399,0.2
2017-04-30,28.125,-145.625,21.949993406,0.2
2017-04-30,28.125,-145.375,21.889993407,0.2
2017-04-30,28.125,-145.125,22.089993403,0.2
2017-04-30,28.125,-144.875,22.319993398,0.2
2017-04-30,28.125,-144.125,22.439993395,0.2
2017-04-30,28.125,-143.875,22.289993398,0.2
2017-04-30,28.375,-159.125,22.689993389,0.2
2017-04-30,28.375,-158.875,22.849993386,0.2
2017-04-30,28.375,-158.625,22.819993386,0.2
2017-04-30,28.375,-158.375,22.619993391,0.2
2017-04-30,28.375,-158.125,22.359993397,0.2
2017-04-30,28.375,-157.875,22.2299934,0.2
2017-04-30,28.375,-157.625,22.339993397,0.2
2017-04-30,28.375,-157.375,22.63999339,0.2
2017-04-30,28.375,-155.875,23.129993379,0.2
2017-04-30,28.375,-155.625,23.09999338,0.2
2017-04-30,28.375,-155.375,22.959993383,0.2
2017-04-30,28.375,-155.125,22.759993388,0.2
2017-04-30,28.375,-154.875,22.539993393,0.2
2017-04-30,28.375,-154.375,22.179993401,0.2
2017-04-30,28.375,-154.125,22.269993399,0.2
2017-04-30,28.375,-153.875,22.419993395,0.2
2017-04-30,28.375,-150.375,22.029993404,0.2
2017-04-30,28.375,-150.125,22.099993403,0.2
2017-04-30,28.375,-149.875,22.259993399,0.2
2017-04-30,28.375,-147.125,21.849993408,0.2
2017-04-30,28.375,-146.875,21.839993408,0.2
2017-04-30,28.375,-145.625,21.149993424,0.2
2017-04-30,28.375,-145.375,21.139993424,0.2
2017-04-30,28.375,-145.125,21.31999342,0.2
2017-04-30,28.375,-144.875,21.589993414,0.2
2017-04-30,28.375,-144.125,22.049993404,0.2
2017-04-30,28.625,-159.125,22.249993399,0.2
2017-04-30,28.625,-158.875,22.509993393,0.2
2017-04-30,28.625,-158.625,22.63999339,0.2
2017-04-30,28.625,-158.375,22.549993392,0.2
2017-04-30,28.625,-158.125,22.359993397,0.2
2017-04-30,28.625,-155.875,23.049993381,0.2
2017-04-30,28.625,-155.625,22.949993384,0.2
2017-04-30,28.625,-154.625,22.1899934,0.2
2017-04-30,28.625,-154.375,21.999993405,0.2
2017-04-30,28.625,-154.125,22.049993404,0.2
2017-04-30,28.625,-150.625,22.019993404,0.2
2017-04-30,28.625,-150.375,22.009993405,0.2
2017-04-30,28.625,-150.125,22.059993403,0.2
2017-04-30,28.625,-147.125,21.659993412,0.2
2017-04-30,28.625,-146.875,21.469993417,0.2
2017-04-30,28.875,-159.125,21.799993409,0.2
2017-04-30,28.875,-158.875,22.099993403,0.2
2017-04-30,28.875,-158.625,22.289993398,0.2
2017-04-30,28.875,-158.375,22.299993398,0.2
2017-04-30,28.875,-158.125,22.319993398,0.2
2017-04-30,28.875,-155.875,23.029993382,0.2
2017-04-30,28.875,-155.625,22.889993385,0.2
2017-04-30,28.875,-154.625,22.069993403,0.2
2017-04-30,28.875,-154.375,21.869993408,0.2
2017-04-30,28.875,-154.125,21.919993407,0.2
2017-04-30,28.875,-150.625,22.009993405,0.2
2017-04-30,28.875,-150.375,21.949993406,0.2
2017-04-30,28.875,-147.125,21.459993417,0.2
2017-04-30,28.875,-146.875,21.109993425,0.2
2017-04-30,28.875,-143.625,21.429993417,0.2
2017-04-30,28.875,-143.375,21.549993415,0.2
2017-04-30,29.125,-158.625,21.899993407,0.2
2017-04-30,29.125,-158.375,21.949993406,0.2
2017-04-30,29.125,-158.125,22.089993403,0.2
2017-04-30,29.125,-155.875,22.789993387,0.2
2017-04-30,29.125,-155.625,22.689993389,0.2
2017-04-30,29.125,-154.625,21.979993405,0.2
2017-04-30,29.125,-154.375,21.789993409,0.2
2017-04-30,29.125,-150.625,22.039993404,0.2
2017-04-30,29.125,-150.375,21.909993407,0.2
2017-04-30,29.125,-147.125,21.349993419,0.2
2017-04-30,29.125,-146.875,20.929993429,0.2
2017-04-30,29.125,-143.875,21.389993418,0.2
2017-04-30,29.125,-143.625,21.549993415,0.2
2017-04-30,29.125,-143.375,21.679993412,0.2
2017-04-30,29.375,-162.375,20.809993431,0.2
2017-04-30,29.375,-162.125,21.219993422,0.2
2017-04-30,29.375,-161.875,21.589993414,0.2
2017-04-30,29.375,-160.875,21.099993425,0.2
2017-04-30,29.375,-160.625,20.659993435,0.2
2017-04-30,29.375,-154.625,21.889993407,0.2
2017-04-30,29.375,-151.125,22.269993399,0.2
2017-04-30,29.375,-150.875,22.299993398,0.2
2017-04-30,29.375,-150.625,22.049993404,0.2
2017-04-30,29.375,-150.375,21.949993406,0.2
2017-04-30,29.375,-147.125,21.339993419,0.2
2017-04-30,29.375,-146.875,20.919993429,0.2
2017-04-30,29.375,-143.875,21.609993413,0.2
2017-04-30,29.375,-143.625,21.709993411,0.2
2017-04-30,29.625,-162.375,21.019993427,0.2
2017-04-30,29.625,-162.125,21.489993416,0.2
2017-04-30,29.625,-160.875,20.779993432,0.2
2017-04-30,29.625,-160.625,20.209993445,0.2
2017-04-30,29.625,-160.375,19.759993455,0.2
2017-04-30,29.625,-155.875,21.739993411,0.2
2017-04-30,29.625,-155.625,21.829993409,0.2
2017-04-30,29.625,-155.375,21.869993408,0.2
2017-04-30,29.625,-151.625,21.869993408,0.2
2017-04-30,29.625,-151.375,21.889993407,0.2
2017-04-30,29.625,-151.125,22.069993403,0.2
2017-04-30,29.625,-150.875,22.139993402,0.2
2017-04-30,29.625,-150.625,22.039993404,0.2
2017-04-30,29.625,-149.125,22.869993385,0.2
2017-04-30,29.625,-147.125,21.489993416,0.2
2017-04-30,29.625,-146.875,21.119993424,0.2
2017-04-30,29.625,-143.875,21.719993411,0.2
2017-04-30,29.625,-143.625,21.709993411,0.2
2017-04-30,29.875,-160.625,19.889993452,0.2
2017-04-30,29.875,-160.375,19.419993462,0.2
2017-04-30,29.875,-160.125,19.019993471,0.2
2017-04-30,29.875,-155.875,21.009993427,0.2
2017-04-30,29.875,-155.625,20.989993427,0.2
2017-04-30,29.875,-155.375,20.969993428,0.2
2017-04-30,29.875,-155.125,20.939993428,0.2
2017-04-30,29.875,-154.875,20.929993429,0.2
2017-04-30,29.875,-151.875,21.249993422,0.2
2017-04-30,29.875,-151.625,21.249993422,0.2
2017-04-30,29.875,-151.375,21.419993418,0.2
2017-04-30,29.875,-151.125,21.719993411,0.2
2017-04-30,29.875,-149.125,22.769993388,0.2
2017-04-30,29.875,-148.875,22.799993387,0.2
2017-04-30,30.125,-160.375,19.239993466,0.2
2017-04-30,30.125,-160.125,18.789993476,0.2
2017-04-30,30.125,-155.375,20.349993442,0.2
2017-04-30,30.125,-155.125,20.269993443,0.2
2017-04-30,30.125,-154.875,20.259993444,0.2
2017-04-30,30.125,-154.625,20.339993442,0.2
2017-04-30,30.125,-152.375,20.549993437,0.2
2017-04-30,30.125,-152.125,20.42999344,0.2
2017-04-30,30.125,-151.875,20.359993441,0.2
2017-04-30,30.125,-151.625,20.459993439,0.2
2017-04-30,30.125,-151.375,20.85999343,0.2
2017-04-30,30.125,-151.125,21.29999342,0.2
2017-04-30,30.125,-150.875,21.549993415,0.2
2017-04-30,30.125,-150.625,21.629993413,0.2
2017-04-30,30.125,-149.875,21.619993413,0.2
2017-04-30,30.125,-149.625,21.829993409,0.2
2017-04-30,30.125,-149.125,22.369993396,0.2
2017-04-30,30.125,-148.875,22.499993394,0.2
2017-04-30,30.125,-148.625,22.499993394,0.2
2017-04-30,30.125,-148.375,22.439993395,0.2
2017-04-30,30.375,-154.875,19.809993454,0.2
2017-04-30,30.375,-154.625,19.899993452,0.2
2017-04-30,30.375,-153.875,19.579993459,0.2
2017-04-30,30.375,-153.625,19.709993456,0.2
2017-04-30,30.375,-152.375,19.659993457,0.2
2017-04-30,30.375,-152.125,19.679993457,0.2
2017-04-30,30.375,-151.875,19.799993454,0.2
2017-04-30,30.375,-151.625,19.999993449,0.2
2017-04-30,30.375,-151.375,20.469993439,0.2
2017-04-30,30.375,-150.875,21.249993422,0.2
2017-04-30,30.375,-150.625,21.29999342,0.2
2017-04-30,30.375,-149.875,21.169993423,0.2
2017-04-30,30.375,-149.625,21.339993419,0.2
2017-04-30,30.375,-148.875,21.919993407,0.2
2017-04-30,30.375,-148.625,21.929993406,0.2
2017-04-30,30.375,-148.375,21.879993407,0.2
2017-04-30,30.375,-148.125,21.839993408,0.2
2017-04-30,30.375,-147.875,21.819993409,0.2
2017-04-30,30.625,-154.875,19.54999346,0.2
2017-04-30,30.625,-154.625,19.639993457,0.2
2017-04-30,30.625,-153.875,19.369993464,0.2
2017-04-30,30.625,-153.625,19.499993461,0.2
2017-04-30,30.625,-153.375,19.459993462,0.2
2017-04-30,30.625,-149.875,20.919993429,0.2
2017-04-30,30.625,-149.625,20.979993428,0.2
2017-04-30,30.625,-148.375,21.259993421,0.2
2017-04-30,30.625,-148.125,21.229993422,0.2
2017-04-30,30.625,-147.875,21.249993422,0.2
2017-04-30,30.625,-147.625,21.239993422,0.2
2017-04-30,30.875,-154.875,19.439993462,0.2
2017-04-30,30.875,-154.625,19.499993461,0.2
2017-04-30,30.875,-153.625,19.559993459,0.2
2017-04-30,30.875,-153.375,19.459993462,0.2
2017-04-30,30.875,-151.875,19.899993452,0.2
2017-04-30,30.875,-148.125,20.88999343,0.2
2017-04-30,30.875,-147.875,20.829993431,0.2
2017-04-30,30.875,-147.625,20.779993432,0.2
2017-04-30,30.875,-147.375,20.709993434,0.2
2017-04-30,31.125,-154.875,19.379993463,0.2
2017-04-30,31.125,-154.625,19.439993462,0.2
2017-04-30,31.125,-153.625,19.679993457,0.2
2017-04-30,31.125,-153.375,19.639993457,0.2
2017-04-30,31.125,-149.875,20.40999344,0.2
2017-04-30,31.125,-149.625,20.40999344,0.2
2017-04-30,31.125,-147.875,20.579993436,0.2
2017-04-30,31.125,-147.625,20.509993438,0.2
2017-04-30,31.125,-147.375,20.40999344,0.2
2017-04-30,31.125,-147.125,20.159993446,0.2
2017-04-30,31.125,-146.125,19.759993455,0.2
2017-04-30,31.375,-154.875,19.159993468,0.2
2017-04-30,31.375,-154.625,19.309993465,0.2
2017-04-30,31.375,-154.375,19.609993458,0.2
2017-04-30,31.375,-153.625,19.869993452,0.2
2017-04-30,31.375,-153.375,19.859993453,0.2
2017-04-30,31.375,-151.375,20.389993441,0.2
2017-04-30,31.375,-151.125,20.379993441,0.2
2017-04-30,31.375,-149.875,20.129993447,0.2
2017-04-30,31.375,-149.625,20.069993448,0.2
2017-04-30,31.375,-147.375,20.309993443,0.2
2017-04-30,31.375,-147.125,20.089993447,0.2
2017-04-30,31.375,-146.125,19.579993459,0.2
2017-04-30,31.625,-154.875,19.009993472,0.2
2017-04-30,31.625,-154.625,19.269993466,0.2
2017-04-30,31.625,-154.375,19.629993458,0.2
2017-04-30,31.625,-151.625,19.97999345,0.2
2017-04-30,31.625,-151.375,20.009993449,0.2
2017-04-30,31.625,-151.125,20.049993448,0.2
2017-04-30,31.625,-150.125,20.079993448,0.2
2017-04-30,31.625,-149.875,19.879993452,0.2
2017-04-30,31.625,-149.625,19.749993455,0.2
2017-04-30,31.625,-147.375,20.369993441,0.2
2017-04-30,31.625,-147.125,20.199993445,0.2
2017-04-30,31.875,-156.875,18.359993486,0.2
2017-04-30,31.875,-156.625,18.919993474,0.2
2017-04-30,31.875,-155.125,18.519993483,0.2
2017-04-30,31.875,-154.875,18.759993477,0.2
2017-04-30,31.875,-154.625,19.09999347,0.2
2017-04-30,31.875,-151.625,19.369993464,0.2
2017-04-30,31.875,-151.375,19.439993462,0.2
2017-04-30,31.875,-147.375,20.539993437,0.2
2017-04-30,31.875,-147.125,20.389993441,0.2
