time_X,NO3,NO3_std_X,time_Y,PO4,PO4_std_Y,lat1,lat2,lon1,lon2,depth,
2015-01-01,,,2015-01-01,,,43.0,53.0,-160.0,-150.0,0.494024991989,
2015-01-02,,,2015-01-02,,,43.0,53.0,-160.0,-150.0,0.494024991989,
2015-01-03,11.8186797771,2.68078141085,2015-01-03,1.14315147086,0.200266462112,43.0,53.0,-160.0,-150.0,0.494024991989,
2015-01-04,,,2015-01-04,,,43.0,53.0,-160.0,-150.0,0.494024991989,
2015-01-05,,,2015-01-05,,,43.0,53.0,-160.0,-150.0,0.494024991989,
2015-01-06,,,2015-01-06,,,43.0,53.0,-160.0,-150.0,0.494024991989,
2015-01-07,,,2015-01-07,,,43.0,53.0,-160.0,-150.0,0.494024991989,
2015-01-08,,,2015-01-08,,,43.0,53.0,-160.0,-150.0,0.494024991989,
2015-01-09,,,2015-01-09,,,43.0,53.0,-160.0,-150.0,0.494024991989,
2015-01-10,11.8765170926,2.69514746729,2015-01-10,1.14424902498,0.201258622132,43.0,53.0,-160.0,-150.0,0.494024991989,
2015-01-11,,,2015-01-11,,,43.0,53.0,-160.0,-150.0,0.494024991989,
2015-01-12,,,2015-01-12,,,43.0,53.0,-160.0,-150.0,0.494024991989,
2015-01-13,,,2015-01-13,,,43.0,53.0,-160.0,-150.0,0.494024991989,
2015-01-14,,,2015-01-14,,,43.0,53.0,-160.0,-150.0,0.494024991989,
2015-01-15,,,2015-01-15,,,43.0,53.0,-160.0,-150.0,0.494024991989,
2015-01-16,,,2015-01-16,,,43.0,53.0,-160.0,-150.0,0.494024991989,
2015-01-17,11.911334014,2.66934848667,2015-01-17,1.14512003482,0.198699987724,43.0,53.0,-160.0,-150.0,0.494024991989,
2015-01-18,,,2015-01-18,,,43.0,53.0,-160.0,-150.0,0.494024991989,
2015-01-19,,,2015-01-19,,,43.0,53.0,-160.0,-150.0,0.494024991989,
2015-01-20,,,2015-01-20,,,43.0,53.0,-160.0,-150.0,0.494024991989,
2015-01-21,,,2015-01-21,,,43.0,53.0,-160.0,-150.0,0.494024991989,
2015-01-22,,,2015-01-22,,,43.0,53.0,-160.0,-150.0,0.494024991989,
2015-01-23,,,2015-01-23,,,43.0,53.0,-160.0,-150.0,0.494024991989,
2015-01-24,11.9323481421,2.66725750542,2015-01-24,1.14564115458,0.197759448107,43.0,53.0,-160.0,-150.0,0.494024991989,
2015-01-25,,,2015-01-25,,,43.0,53.0,-160.0,-150.0,0.494024991989,
2015-01-26,,,2015-01-26,,,43.0,53.0,-160.0,-150.0,0.494024991989,
2015-01-27,,,2015-01-27,,,43.0,53.0,-160.0,-150.0,0.494024991989,
2015-01-28,,,2015-01-28,,,43.0,53.0,-160.0,-150.0,0.494024991989,
2015-01-29,,,2015-01-29,,,43.0,53.0,-160.0,-150.0,0.494024991989,
2015-01-30,,,2015-01-30,,,43.0,53.0,-160.0,-150.0,0.494024991989,
2015-01-31,11.9942974828,2.66228460542,2015-01-31,1.14844483881,0.196754215718,43.0,53.0,-160.0,-150.0,0.494024991989,
2015-02-01,,,2015-02-01,,,43.0,53.0,-160.0,-150.0,0.494024991989,
2015-02-02,,,2015-02-02,,,43.0,53.0,-160.0,-150.0,0.494024991989,
2015-02-03,,,2015-02-03,,,43.0,53.0,-160.0,-150.0,0.494024991989,
2015-02-04,,,2015-02-04,,,43.0,53.0,-160.0,-150.0,0.494024991989,
2015-02-05,,,2015-02-05,,,43.0,53.0,-160.0,-150.0,0.494024991989,
2015-02-06,,,2015-02-06,,,43.0,53.0,-160.0,-150.0,0.494024991989,
2015-02-07,11.9891017743,2.66300869267,2015-02-07,1.14732004685,0.196538597751,43.0,53.0,-160.0,-150.0,0.494024991989,
2015-02-08,,,2015-02-08,,,43.0,53.0,-160.0,-150.0,0.494024991989,
2015-02-09,,,2015-02-09,,,43.0,53.0,-160.0,-150.0,0.494024991989,
2015-02-10,,,2015-02-10,,,43.0,53.0,-160.0,-150.0,0.494024991989,
2015-02-11,,,2015-02-11,,,43.0,53.0,-160.0,-150.0,0.494024991989,
2015-02-12,,,2015-02-12,,,43.0,53.0,-160.0,-150.0,0.494024991989,
2015-02-13,,,2015-02-13,,,43.0,53.0,-160.0,-150.0,0.494024991989,
2015-02-14,11.9327795176,2.65385679304,2015-02-14,1.14387766223,0.195690486042,43.0,53.0,-160.0,-150.0,0.494024991989,
2015-02-15,,,2015-02-15,,,43.0,53.0,-160.0,-150.0,0.494024991989,
2015-02-16,,,2015-02-16,,,43.0,53.0,-160.0,-150.0,0.494024991989,
2015-02-17,,,2015-02-17,,,43.0,53.0,-160.0,-150.0,0.494024991989,
2015-02-18,,,2015-02-18,,,43.0,53.0,-160.0,-150.0,0.494024991989,
2015-02-19,,,2015-02-19,,,43.0,53.0,-160.0,-150.0,0.494024991989,
2015-02-20,,,2015-02-20,,,43.0,53.0,-160.0,-150.0,0.494024991989,
2015-02-21,11.8553052154,2.66581836863,2015-02-21,1.13933020573,0.196305985166,43.0,53.0,-160.0,-150.0,0.494024991989,
2015-02-22,,,2015-02-22,,,43.0,53.0,-160.0,-150.0,0.494024991989,
2015-02-23,,,2015-02-23,,,43.0,53.0,-160.0,-150.0,0.494024991989,
2015-02-24,,,2015-02-24,,,43.0,53.0,-160.0,-150.0,0.494024991989,
2015-02-25,,,2015-02-25,,,43.0,53.0,-160.0,-150.0,0.494024991989,
2015-02-26,,,2015-02-26,,,43.0,53.0,-160.0,-150.0,0.494024991989,
2015-02-27,,,2015-02-27,,,43.0,53.0,-160.0,-150.0,0.494024991989,
2015-02-28,11.7678314369,2.67969338306,2015-02-28,1.13518367846,0.196955770893,43.0,53.0,-160.0,-150.0,0.494024991989,
2015-03-01,,,2015-03-01,,,43.0,53.0,-160.0,-150.0,0.494024991989,
2015-03-02,,,2015-03-02,,,43.0,53.0,-160.0,-150.0,0.494024991989,
2015-03-03,,,2015-03-03,,,43.0,53.0,-160.0,-150.0,0.494024991989,
2015-03-04,,,2015-03-04,,,43.0,53.0,-160.0,-150.0,0.494024991989,
2015-03-05,,,2015-03-05,,,43.0,53.0,-160.0,-150.0,0.494024991989,
2015-03-06,,,2015-03-06,,,43.0,53.0,-160.0,-150.0,0.494024991989,
2015-03-07,11.701127234,2.69047533073,2015-03-07,1.13149807283,0.198021410374,43.0,53.0,-160.0,-150.0,0.494024991989,
2015-03-08,,,2015-03-08,,,43.0,53.0,-160.0,-150.0,0.494024991989,
2015-03-09,,,2015-03-09,,,43.0,53.0,-160.0,-150.0,0.494024991989,
2015-03-10,,,2015-03-10,,,43.0,53.0,-160.0,-150.0,0.494024991989,
2015-03-11,,,2015-03-11,,,43.0,53.0,-160.0,-150.0,0.494024991989,
2015-03-12,,,2015-03-12,,,43.0,53.0,-160.0,-150.0,0.494024991989,
2015-03-13,,,2015-03-13,,,43.0,53.0,-160.0,-150.0,0.494024991989,
2015-03-14,11.7492544581,2.72854775622,2015-03-14,1.13493277981,0.200323475028,43.0,53.0,-160.0,-150.0,0.494024991989,
2015-03-15,,,2015-03-15,,,43.0,53.0,-160.0,-150.0,0.494024991989,
2015-03-16,,,2015-03-16,,,43.0,53.0,-160.0,-150.0,0.494024991989,
2015-03-17,,,2015-03-17,,,43.0,53.0,-160.0,-150.0,0.494024991989,
2015-03-18,,,2015-03-18,,,43.0,53.0,-160.0,-150.0,0.494024991989,
2015-03-19,,,2015-03-19,,,43.0,53.0,-160.0,-150.0,0.494024991989,
2015-03-20,,,2015-03-20,,,43.0,53.0,-160.0,-150.0,0.494024991989,
2015-03-21,11.7485987562,2.70358619573,2015-03-21,1.13600457769,0.19866111787,43.0,53.0,-160.0,-150.0,0.494024991989,
2015-03-22,,,2015-03-22,,,43.0,53.0,-160.0,-150.0,0.494024991989,
2015-03-23,,,2015-03-23,,,43.0,53.0,-160.0,-150.0,0.494024991989,
2015-03-24,,,2015-03-24,,,43.0,53.0,-160.0,-150.0,0.494024991989,
2015-03-25,,,2015-03-25,,,43.0,53.0,-160.0,-150.0,0.494024991989,
2015-03-26,,,2015-03-26,,,43.0,53.0,-160.0,-150.0,0.494024991989,
2015-03-27,,,2015-03-27,,,43.0,53.0,-160.0,-150.0,0.494024991989,
2015-03-28,11.7764423115,2.66281029749,2015-03-28,1.13957073061,0.196156299561,43.0,53.0,-160.0,-150.0,0.494024991989,
2015-03-29,,,2015-03-29,,,43.0,53.0,-160.0,-150.0,0.494024991989,
2015-03-30,,,2015-03-30,,,43.0,53.0,-160.0,-150.0,0.494024991989,
2015-03-31,,,2015-03-31,,,43.0,53.0,-160.0,-150.0,0.494024991989,
2015-04-01,,,2015-04-01,,,43.0,53.0,-160.0,-150.0,0.494024991989,
2015-04-02,,,2015-04-02,,,43.0,53.0,-160.0,-150.0,0.494024991989,
2015-04-03,,,2015-04-03,,,43.0,53.0,-160.0,-150.0,0.494024991989,
2015-04-04,11.8467989217,2.71274546177,2015-04-04,1.146322663,0.199264671102,43.0,53.0,-160.0,-150.0,0.494024991989,
2015-04-05,,,2015-04-05,,,43.0,53.0,-160.0,-150.0,0.494024991989,
2015-04-06,,,2015-04-06,,,43.0,53.0,-160.0,-150.0,0.494024991989,
2015-04-07,,,2015-04-07,,,43.0,53.0,-160.0,-150.0,0.494024991989,
2015-04-08,,,2015-04-08,,,43.0,53.0,-160.0,-150.0,0.494024991989,
2015-04-09,,,2015-04-09,,,43.0,53.0,-160.0,-150.0,0.494024991989,
2015-04-10,,,2015-04-10,,,43.0,53.0,-160.0,-150.0,0.494024991989,
2015-04-11,11.91545559,2.77971374896,2015-04-11,1.15326390691,0.202696352584,43.0,53.0,-160.0,-150.0,0.494024991989,
2015-04-12,,,2015-04-12,,,43.0,53.0,-160.0,-150.0,0.494024991989,
2015-04-13,,,2015-04-13,,,43.0,53.0,-160.0,-150.0,0.494024991989,
2015-04-14,,,2015-04-14,,,43.0,53.0,-160.0,-150.0,0.494024991989,
2015-04-15,,,2015-04-15,,,43.0,53.0,-160.0,-150.0,0.494024991989,
2015-04-16,,,2015-04-16,,,43.0,53.0,-160.0,-150.0,0.494024991989,
2015-04-17,,,2015-04-17,,,43.0,53.0,-160.0,-150.0,0.494024991989,
2015-04-18,12.0654898793,2.80963784817,2015-04-18,1.16467630363,0.204439309652,43.0,53.0,-160.0,-150.0,0.494024991989,
2015-04-19,,,2015-04-19,,,43.0,53.0,-160.0,-150.0,0.494024991989,
2015-04-20,,,2015-04-20,,,43.0,53.0,-160.0,-150.0,0.494024991989,
2015-04-21,,,2015-04-21,,,43.0,53.0,-160.0,-150.0,0.494024991989,
2015-04-22,,,2015-04-22,,,43.0,53.0,-160.0,-150.0,0.494024991989,
2015-04-23,,,2015-04-23,,,43.0,53.0,-160.0,-150.0,0.494024991989,
2015-04-24,,,2015-04-24,,,43.0,53.0,-160.0,-150.0,0.494024991989,
2015-04-25,12.1492614454,2.83163715422,2015-04-25,1.17239037082,0.205741082204,43.0,53.0,-160.0,-150.0,0.494024991989,
2015-04-26,,,2015-04-26,,,43.0,53.0,-160.0,-150.0,0.494024991989,
2015-04-27,,,2015-04-27,,,43.0,53.0,-160.0,-150.0,0.494024991989,
2015-04-28,,,2015-04-28,,,43.0,53.0,-160.0,-150.0,0.494024991989,
2015-04-29,,,2015-04-29,,,43.0,53.0,-160.0,-150.0,0.494024991989,
2015-04-30,,,2015-04-30,,,43.0,53.0,-160.0,-150.0,0.494024991989,
2015-05-01,,,2015-05-01,,,43.0,53.0,-160.0,-150.0,0.494024991989,
2015-05-02,12.1308995872,2.80915519696,2015-05-02,1.17368214106,0.204186983773,43.0,53.0,-160.0,-150.0,0.494024991989,
2015-05-03,,,2015-05-03,,,43.0,53.0,-160.0,-150.0,0.494024991989,
2015-05-04,,,2015-05-04,,,43.0,53.0,-160.0,-150.0,0.494024991989,
2015-05-05,,,2015-05-05,,,43.0,53.0,-160.0,-150.0,0.494024991989,
2015-05-06,,,2015-05-06,,,43.0,53.0,-160.0,-150.0,0.494024991989,
2015-05-07,,,2015-05-07,,,43.0,53.0,-160.0,-150.0,0.494024991989,
2015-05-08,,,2015-05-08,,,43.0,53.0,-160.0,-150.0,0.494024991989,
2015-05-09,12.0694344157,2.75979073325,2015-05-09,1.17226807006,0.201266687974,43.0,53.0,-160.0,-150.0,0.494024991989,
2015-05-10,,,2015-05-10,,,43.0,53.0,-160.0,-150.0,0.494024991989,
2015-05-11,,,2015-05-11,,,43.0,53.0,-160.0,-150.0,0.494024991989,
2015-05-12,,,2015-05-12,,,43.0,53.0,-160.0,-150.0,0.494024991989,
2015-05-13,,,2015-05-13,,,43.0,53.0,-160.0,-150.0,0.494024991989,
2015-05-14,,,2015-05-14,,,43.0,53.0,-160.0,-150.0,0.494024991989,
2015-05-15,,,2015-05-15,,,43.0,53.0,-160.0,-150.0,0.494024991989,
2015-05-16,11.9698740901,2.69959863642,2015-05-16,1.1680996495,0.197486235261,43.0,53.0,-160.0,-150.0,0.494024991989,
2015-05-17,,,2015-05-17,,,43.0,53.0,-160.0,-150.0,0.494024991989,
2015-05-18,,,2015-05-18,,,43.0,53.0,-160.0,-150.0,0.494024991989,
2015-05-19,,,2015-05-19,,,43.0,53.0,-160.0,-150.0,0.494024991989,
2015-05-20,,,2015-05-20,,,43.0,53.0,-160.0,-150.0,0.494024991989,
2015-05-21,,,2015-05-21,,,43.0,53.0,-160.0,-150.0,0.494024991989,
2015-05-22,,,2015-05-22,,,43.0,53.0,-160.0,-150.0,0.494024991989,
2015-05-23,11.8488498058,2.68486280404,2015-05-23,1.16183085601,0.196720210885,43.0,53.0,-160.0,-150.0,0.494024991989,
2015-05-24,,,2015-05-24,,,43.0,53.0,-160.0,-150.0,0.494024991989,
2015-05-25,,,2015-05-25,,,43.0,53.0,-160.0,-150.0,0.494024991989,
2015-05-26,,,2015-05-26,,,43.0,53.0,-160.0,-150.0,0.494024991989,
2015-05-27,,,2015-05-27,,,43.0,53.0,-160.0,-150.0,0.494024991989,
2015-05-28,,,2015-05-28,,,43.0,53.0,-160.0,-150.0,0.494024991989,
2015-05-29,,,2015-05-29,,,43.0,53.0,-160.0,-150.0,0.494024991989,
2015-05-30,11.6387750935,2.68303829729,2015-05-30,1.14878722694,0.197359800911,43.0,53.0,-160.0,-150.0,0.494024991989,
2015-05-31,,,2015-05-31,,,43.0,53.0,-160.0,-150.0,0.494024991989,
2015-06-01,,,2015-06-01,,,43.0,53.0,-160.0,-150.0,0.494024991989,
2015-06-02,,,2015-06-02,,,43.0,53.0,-160.0,-150.0,0.494024991989,
2015-06-03,,,2015-06-03,,,43.0,53.0,-160.0,-150.0,0.494024991989,
2015-06-04,,,2015-06-04,,,43.0,53.0,-160.0,-150.0,0.494024991989,
2015-06-05,,,2015-06-05,,,43.0,53.0,-160.0,-150.0,0.494024991989,
2015-06-06,11.5225522242,2.60597877896,2015-06-06,1.14307880415,0.191924431635,43.0,53.0,-160.0,-150.0,0.494024991989,
2015-06-07,,,2015-06-07,,,43.0,53.0,-160.0,-150.0,0.494024991989,
2015-06-08,,,2015-06-08,,,43.0,53.0,-160.0,-150.0,0.494024991989,
2015-06-09,,,2015-06-09,,,43.0,53.0,-160.0,-150.0,0.494024991989,
2015-06-10,,,2015-06-10,,,43.0,53.0,-160.0,-150.0,0.494024991989,
2015-06-11,,,2015-06-11,,,43.0,53.0,-160.0,-150.0,0.494024991989,
2015-06-12,,,2015-06-12,,,43.0,53.0,-160.0,-150.0,0.494024991989,
2015-06-13,11.4253873436,2.65911288857,2015-06-13,1.13811380347,0.195959943691,43.0,53.0,-160.0,-150.0,0.494024991989,
2015-06-14,,,2015-06-14,,,43.0,53.0,-160.0,-150.0,0.494024991989,
2015-06-15,,,2015-06-15,,,43.0,53.0,-160.0,-150.0,0.494024991989,
2015-06-16,,,2015-06-16,,,43.0,53.0,-160.0,-150.0,0.494024991989,
2015-06-17,,,2015-06-17,,,43.0,53.0,-160.0,-150.0,0.494024991989,
2015-06-18,,,2015-06-18,,,43.0,53.0,-160.0,-150.0,0.494024991989,
2015-06-19,,,2015-06-19,,,43.0,53.0,-160.0,-150.0,0.494024991989,
2015-06-20,11.2069826083,2.70277970961,2015-06-20,1.12415839458,0.199963102819,43.0,53.0,-160.0,-150.0,0.494024991989,
2015-06-21,,,2015-06-21,,,43.0,53.0,-160.0,-150.0,0.494024991989,
2015-06-22,,,2015-06-22,,,43.0,53.0,-160.0,-150.0,0.494024991989,
2015-06-23,,,2015-06-23,,,43.0,53.0,-160.0,-150.0,0.494024991989,
2015-06-24,,,2015-06-24,,,43.0,53.0,-160.0,-150.0,0.494024991989,
2015-06-25,,,2015-06-25,,,43.0,53.0,-160.0,-150.0,0.494024991989,
2015-06-26,,,2015-06-26,,,43.0,53.0,-160.0,-150.0,0.494024991989,
2015-06-27,11.0498685696,2.69677432634,2015-06-27,1.11508494264,0.199701387086,43.0,53.0,-160.0,-150.0,0.494024991989,
2015-06-28,,,2015-06-28,,,43.0,53.0,-160.0,-150.0,0.494024991989,
2015-06-29,,,2015-06-29,,,43.0,53.0,-160.0,-150.0,0.494024991989,
2015-06-30,,,2015-06-30,,,43.0,53.0,-160.0,-150.0,0.494024991989,
2015-07-01,,,2015-07-01,,,43.0,53.0,-160.0,-150.0,0.494024991989,
2015-07-02,,,2015-07-02,,,43.0,53.0,-160.0,-150.0,0.494024991989,
2015-07-03,,,2015-07-03,,,43.0,53.0,-160.0,-150.0,0.494024991989,
2015-07-04,10.9330562345,2.66647085279,2015-07-04,1.10843940806,0.197250092386,43.0,53.0,-160.0,-150.0,0.494024991989,
2015-07-05,,,2015-07-05,,,43.0,53.0,-160.0,-150.0,0.494024991989,
2015-07-06,,,2015-07-06,,,43.0,53.0,-160.0,-150.0,0.494024991989,
2015-07-07,,,2015-07-07,,,43.0,53.0,-160.0,-150.0,0.494024991989,
2015-07-08,,,2015-07-08,,,43.0,53.0,-160.0,-150.0,0.494024991989,
2015-07-09,,,2015-07-09,,,43.0,53.0,-160.0,-150.0,0.494024991989,
2015-07-10,,,2015-07-10,,,43.0,53.0,-160.0,-150.0,0.494024991989,
2015-07-11,10.818020906,2.61922143214,2015-07-11,1.10167929375,0.193381441573,43.0,53.0,-160.0,-150.0,0.494024991989,
2015-07-12,,,2015-07-12,,,43.0,53.0,-160.0,-150.0,0.494024991989,
2015-07-13,,,2015-07-13,,,43.0,53.0,-160.0,-150.0,0.494024991989,
2015-07-14,,,2015-07-14,,,43.0,53.0,-160.0,-150.0,0.494024991989,
2015-07-15,,,2015-07-15,,,43.0,53.0,-160.0,-150.0,0.494024991989,
2015-07-16,,,2015-07-16,,,43.0,53.0,-160.0,-150.0,0.494024991989,
2015-07-17,,,2015-07-17,,,43.0,53.0,-160.0,-150.0,0.494024991989,
2015-07-18,10.6949292646,2.60303277637,2015-07-18,1.09361468962,0.192425650216,43.0,53.0,-160.0,-150.0,0.494024991989,
2015-07-19,,,2015-07-19,,,43.0,53.0,-160.0,-150.0,0.494024991989,
2015-07-20,,,2015-07-20,,,43.0,53.0,-160.0,-150.0,0.494024991989,
2015-07-21,,,2015-07-21,,,43.0,53.0,-160.0,-150.0,0.494024991989,
2015-07-22,,,2015-07-22,,,43.0,53.0,-160.0,-150.0,0.494024991989,
2015-07-23,,,2015-07-23,,,43.0,53.0,-160.0,-150.0,0.494024991989,
2015-07-24,,,2015-07-24,,,43.0,53.0,-160.0,-150.0,0.494024991989,
2015-07-25,10.6372331913,2.61283706706,2015-07-25,1.09050068428,0.19267456744,43.0,53.0,-160.0,-150.0,0.494024991989,
2015-07-26,,,2015-07-26,,,43.0,53.0,-160.0,-150.0,0.494024991989,
2015-07-27,,,2015-07-27,,,43.0,53.0,-160.0,-150.0,0.494024991989,
2015-07-28,,,2015-07-28,,,43.0,53.0,-160.0,-150.0,0.494024991989,
2015-07-29,,,2015-07-29,,,43.0,53.0,-160.0,-150.0,0.494024991989,
2015-07-30,,,2015-07-30,,,43.0,53.0,-160.0,-150.0,0.494024991989,
2015-07-31,,,2015-07-31,,,43.0,53.0,-160.0,-150.0,0.494024991989,
2015-08-01,10.4973041281,2.59314344879,2015-08-01,1.08163228476,0.190687296757,43.0,53.0,-160.0,-150.0,0.494024991989,
2015-08-02,,,2015-08-02,,,43.0,53.0,-160.0,-150.0,0.494024991989,
2015-08-03,,,2015-08-03,,,43.0,53.0,-160.0,-150.0,0.494024991989,
2015-08-04,,,2015-08-04,,,43.0,53.0,-160.0,-150.0,0.494024991989,
2015-08-05,,,2015-08-05,,,43.0,53.0,-160.0,-150.0,0.494024991989,
2015-08-06,,,2015-08-06,,,43.0,53.0,-160.0,-150.0,0.494024991989,
2015-08-07,,,2015-08-07,,,43.0,53.0,-160.0,-150.0,0.494024991989,
2015-08-08,10.3786482843,2.56633621623,2015-08-08,1.0737633251,0.188491168787,43.0,53.0,-160.0,-150.0,0.494024991989,
2015-08-09,,,2015-08-09,,,43.0,53.0,-160.0,-150.0,0.494024991989,
2015-08-10,,,2015-08-10,,,43.0,53.0,-160.0,-150.0,0.494024991989,
2015-08-11,,,2015-08-11,,,43.0,53.0,-160.0,-150.0,0.494024991989,
2015-08-12,,,2015-08-12,,,43.0,53.0,-160.0,-150.0,0.494024991989,
2015-08-13,,,2015-08-13,,,43.0,53.0,-160.0,-150.0,0.494024991989,
2015-08-14,,,2015-08-14,,,43.0,53.0,-160.0,-150.0,0.494024991989,
2015-08-15,10.2162847211,2.60408545095,2015-08-15,1.06259442849,0.191715196906,43.0,53.0,-160.0,-150.0,0.494024991989,
2015-08-16,,,2015-08-16,,,43.0,53.0,-160.0,-150.0,0.494024991989,
2015-08-17,,,2015-08-17,,,43.0,53.0,-160.0,-150.0,0.494024991989,
2015-08-18,,,2015-08-18,,,43.0,53.0,-160.0,-150.0,0.494024991989,
2015-08-19,,,2015-08-19,,,43.0,53.0,-160.0,-150.0,0.494024991989,
2015-08-20,,,2015-08-20,,,43.0,53.0,-160.0,-150.0,0.494024991989,
2015-08-21,,,2015-08-21,,,43.0,53.0,-160.0,-150.0,0.494024991989,
2015-08-22,10.0197541373,2.71622102014,2015-08-22,1.04908300608,0.200314581516,43.0,53.0,-160.0,-150.0,0.494024991989,
2015-08-23,,,2015-08-23,,,43.0,53.0,-160.0,-150.0,0.494024991989,
2015-08-24,,,2015-08-24,,,43.0,53.0,-160.0,-150.0,0.494024991989,
2015-08-25,,,2015-08-25,,,43.0,53.0,-160.0,-150.0,0.494024991989,
2015-08-26,,,2015-08-26,,,43.0,53.0,-160.0,-150.0,0.494024991989,
2015-08-27,,,2015-08-27,,,43.0,53.0,-160.0,-150.0,0.494024991989,
2015-08-28,,,2015-08-28,,,43.0,53.0,-160.0,-150.0,0.494024991989,
2015-08-29,9.90861552211,2.81044035622,2015-08-29,1.0422825101,0.206570626981,43.0,53.0,-160.0,-150.0,0.494024991989,
2015-08-30,,,2015-08-30,,,43.0,53.0,-160.0,-150.0,0.494024991989,
2015-08-31,,,2015-08-31,,,43.0,53.0,-160.0,-150.0,0.494024991989,
2015-09-01,,,2015-09-01,,,43.0,53.0,-160.0,-150.0,0.494024991989,
2015-09-02,,,2015-09-02,,,43.0,53.0,-160.0,-150.0,0.494024991989,
2015-09-03,,,2015-09-03,,,43.0,53.0,-160.0,-150.0,0.494024991989,
2015-09-04,,,2015-09-04,,,43.0,53.0,-160.0,-150.0,0.494024991989,
2015-09-05,9.74383380083,2.8096739316,2015-09-05,1.03164513433,0.206306041861,43.0,53.0,-160.0,-150.0,0.494024991989,
2015-09-06,,,2015-09-06,,,43.0,53.0,-160.0,-150.0,0.494024991989,
2015-09-07,,,2015-09-07,,,43.0,53.0,-160.0,-150.0,0.494024991989,
2015-09-08,,,2015-09-08,,,43.0,53.0,-160.0,-150.0,0.494024991989,
2015-09-09,,,2015-09-09,,,43.0,53.0,-160.0,-150.0,0.494024991989,
2015-09-10,,,2015-09-10,,,43.0,53.0,-160.0,-150.0,0.494024991989,
2015-09-11,,,2015-09-11,,,43.0,53.0,-160.0,-150.0,0.494024991989,
2015-09-12,9.58617467945,2.83115494941,2015-09-12,1.02140607828,0.208216778723,43.0,53.0,-160.0,-150.0,0.494024991989,
2015-09-13,,,2015-09-13,,,43.0,53.0,-160.0,-150.0,0.494024991989,
2015-09-14,,,2015-09-14,,,43.0,53.0,-160.0,-150.0,0.494024991989,
2015-09-15,,,2015-09-15,,,43.0,53.0,-160.0,-150.0,0.494024991989,
2015-09-16,,,2015-09-16,,,43.0,53.0,-160.0,-150.0,0.494024991989,
2015-09-17,,,2015-09-17,,,43.0,53.0,-160.0,-150.0,0.494024991989,
2015-09-18,,,2015-09-18,,,43.0,53.0,-160.0,-150.0,0.494024991989,
2015-09-19,9.53677142018,2.80280037813,2015-09-19,1.01924735916,0.205682126466,43.0,53.0,-160.0,-150.0,0.494024991989,
2015-09-20,,,2015-09-20,,,43.0,53.0,-160.0,-150.0,0.494024991989,
2015-09-21,,,2015-09-21,,,43.0,53.0,-160.0,-150.0,0.494024991989,
2015-09-22,,,2015-09-22,,,43.0,53.0,-160.0,-150.0,0.494024991989,
2015-09-23,,,2015-09-23,,,43.0,53.0,-160.0,-150.0,0.494024991989,
2015-09-24,,,2015-09-24,,,43.0,53.0,-160.0,-150.0,0.494024991989,
2015-09-25,,,2015-09-25,,,43.0,53.0,-160.0,-150.0,0.494024991989,
2015-09-26,9.5410869181,2.8421026561,2015-09-26,1.02026400788,0.208202745387,43.0,53.0,-160.0,-150.0,0.494024991989,
2015-09-27,,,2015-09-27,,,43.0,53.0,-160.0,-150.0,0.494024991989,
2015-09-28,,,2015-09-28,,,43.0,53.0,-160.0,-150.0,0.494024991989,
2015-09-29,,,2015-09-29,,,43.0,53.0,-160.0,-150.0,0.494024991989,
2015-09-30,,,2015-09-30,,,43.0,53.0,-160.0,-150.0,0.494024991989,
2015-10-01,,,2015-10-01,,,43.0,53.0,-160.0,-150.0,0.494024991989,
2015-10-02,,,2015-10-02,,,43.0,53.0,-160.0,-150.0,0.494024991989,
2015-10-03,9.52394084055,2.81867572792,2015-10-03,1.0188342218,0.206785082857,43.0,53.0,-160.0,-150.0,0.494024991989,
2015-10-04,,,2015-10-04,,,43.0,53.0,-160.0,-150.0,0.494024991989,
2015-10-05,,,2015-10-05,,,43.0,53.0,-160.0,-150.0,0.494024991989,
2015-10-06,,,2015-10-06,,,43.0,53.0,-160.0,-150.0,0.494024991989,
2015-10-07,,,2015-10-07,,,43.0,53.0,-160.0,-150.0,0.494024991989,
2015-10-08,,,2015-10-08,,,43.0,53.0,-160.0,-150.0,0.494024991989,
2015-10-09,,,2015-10-09,,,43.0,53.0,-160.0,-150.0,0.494024991989,
2015-10-10,9.50746852795,2.79315220067,2015-10-10,1.01706358108,0.205511372826,43.0,53.0,-160.0,-150.0,0.494024991989,
2015-10-11,,,2015-10-11,,,43.0,53.0,-160.0,-150.0,0.494024991989,
2015-10-12,,,2015-10-12,,,43.0,53.0,-160.0,-150.0,0.494024991989,
2015-10-13,,,2015-10-13,,,43.0,53.0,-160.0,-150.0,0.494024991989,
2015-10-14,,,2015-10-14,,,43.0,53.0,-160.0,-150.0,0.494024991989,
2015-10-15,,,2015-10-15,,,43.0,53.0,-160.0,-150.0,0.494024991989,
2015-10-16,,,2015-10-16,,,43.0,53.0,-160.0,-150.0,0.494024991989,
2015-10-17,9.71853689488,2.7652200913,2015-10-17,1.0303960652,0.201449612637,43.0,53.0,-160.0,-150.0,0.494024991989,
2015-10-18,,,2015-10-18,,,43.0,53.0,-160.0,-150.0,0.494024991989,
2015-10-19,,,2015-10-19,,,43.0,53.0,-160.0,-150.0,0.494024991989,
2015-10-20,,,2015-10-20,,,43.0,53.0,-160.0,-150.0,0.494024991989,
2015-10-21,,,2015-10-21,,,43.0,53.0,-160.0,-150.0,0.494024991989,
2015-10-22,,,2015-10-22,,,43.0,53.0,-160.0,-150.0,0.494024991989,
2015-10-23,,,2015-10-23,,,43.0,53.0,-160.0,-150.0,0.494024991989,
2015-10-24,9.99348853937,2.71053295612,2015-10-24,1.04767155323,0.196048399865,43.0,53.0,-160.0,-150.0,0.494024991989,
2015-10-25,,,2015-10-25,,,43.0,53.0,-160.0,-150.0,0.494024991989,
2015-10-26,,,2015-10-26,,,43.0,53.0,-160.0,-150.0,0.494024991989,
2015-10-27,,,2015-10-27,,,43.0,53.0,-160.0,-150.0,0.494024991989,
2015-10-28,,,2015-10-28,,,43.0,53.0,-160.0,-150.0,0.494024991989,
2015-10-29,,,2015-10-29,,,43.0,53.0,-160.0,-150.0,0.494024991989,
2015-10-30,,,2015-10-30,,,43.0,53.0,-160.0,-150.0,0.494024991989,
2015-10-31,10.1988073158,2.7715209363,2015-10-31,1.06010539394,0.198545611445,43.0,53.0,-160.0,-150.0,0.494024991989,
2015-11-01,,,2015-11-01,,,43.0,53.0,-160.0,-150.0,0.494024991989,
2015-11-02,,,2015-11-02,,,43.0,53.0,-160.0,-150.0,0.494024991989,
2015-11-03,,,2015-11-03,,,43.0,53.0,-160.0,-150.0,0.494024991989,
2015-11-04,,,2015-11-04,,,43.0,53.0,-160.0,-150.0,0.494024991989,
2015-11-05,,,2015-11-05,,,43.0,53.0,-160.0,-150.0,0.494024991989,
2015-11-06,,,2015-11-06,,,43.0,53.0,-160.0,-150.0,0.494024991989,
2015-11-07,10.3910875207,2.8118158396,2015-11-07,1.07146041423,0.199705891343,43.0,53.0,-160.0,-150.0,0.494024991989,
2015-11-08,,,2015-11-08,,,43.0,53.0,-160.0,-150.0,0.494024991989,
2015-11-09,,,2015-11-09,,,43.0,53.0,-160.0,-150.0,0.494024991989,
2015-11-10,,,2015-11-10,,,43.0,53.0,-160.0,-150.0,0.494024991989,
2015-11-11,,,2015-11-11,,,43.0,53.0,-160.0,-150.0,0.494024991989,
2015-11-12,,,2015-11-12,,,43.0,53.0,-160.0,-150.0,0.494024991989,
2015-11-13,,,2015-11-13,,,43.0,53.0,-160.0,-150.0,0.494024991989,
2015-11-14,10.6366940983,2.8795181332,2015-11-14,1.08536366716,0.202267763287,43.0,53.0,-160.0,-150.0,0.494024991989,
2015-11-15,,,2015-11-15,,,43.0,53.0,-160.0,-150.0,0.494024991989,
2015-11-16,,,2015-11-16,,,43.0,53.0,-160.0,-150.0,0.494024991989,
2015-11-17,,,2015-11-17,,,43.0,53.0,-160.0,-150.0,0.494024991989,
2015-11-18,,,2015-11-18,,,43.0,53.0,-160.0,-150.0,0.494024991989,
2015-11-19,,,2015-11-19,,,43.0,53.0,-160.0,-150.0,0.494024991989,
2015-11-20,,,2015-11-20,,,43.0,53.0,-160.0,-150.0,0.494024991989,
2015-11-21,10.6904179547,2.91635337929,2015-11-21,1.08613031494,0.205531272927,43.0,53.0,-160.0,-150.0,0.494024991989,
2015-11-22,,,2015-11-22,,,43.0,53.0,-160.0,-150.0,0.494024991989,
2015-11-23,,,2015-11-23,,,43.0,53.0,-160.0,-150.0,0.494024991989,
2015-11-24,,,2015-11-24,,,43.0,53.0,-160.0,-150.0,0.494024991989,
2015-11-25,,,2015-11-25,,,43.0,53.0,-160.0,-150.0,0.494024991989,
2015-11-26,,,2015-11-26,,,43.0,53.0,-160.0,-150.0,0.494024991989,
2015-11-27,,,2015-11-27,,,43.0,53.0,-160.0,-150.0,0.494024991989,
2015-11-28,10.8489252943,2.87684195028,2015-11-28,1.09370422282,0.203391492218,43.0,53.0,-160.0,-150.0,0.494024991989,
2015-11-29,,,2015-11-29,,,43.0,53.0,-160.0,-150.0,0.494024991989,
2015-11-30,,,2015-11-30,,,43.0,53.0,-160.0,-150.0,0.494024991989,
2015-12-01,,,2015-12-01,,,43.0,53.0,-160.0,-150.0,0.494024991989,
2015-12-02,,,2015-12-02,,,43.0,53.0,-160.0,-150.0,0.494024991989,
2015-12-03,,,2015-12-03,,,43.0,53.0,-160.0,-150.0,0.494024991989,
2015-12-04,,,2015-12-04,,,43.0,53.0,-160.0,-150.0,0.494024991989,
2015-12-05,11.1620789504,2.68620655469,2015-12-05,1.11232876751,0.19036134143,43.0,53.0,-160.0,-150.0,0.494024991989,
2015-12-06,,,2015-12-06,,,43.0,53.0,-160.0,-150.0,0.494024991989,
2015-12-07,,,2015-12-07,,,43.0,53.0,-160.0,-150.0,0.494024991989,
2015-12-08,,,2015-12-08,,,43.0,53.0,-160.0,-150.0,0.494024991989,
2015-12-09,,,2015-12-09,,,43.0,53.0,-160.0,-150.0,0.494024991989,
2015-12-10,,,2015-12-10,,,43.0,53.0,-160.0,-150.0,0.494024991989,
2015-12-11,,,2015-12-11,,,43.0,53.0,-160.0,-150.0,0.494024991989,
2015-12-12,11.403155236,2.61460373729,2015-12-12,1.12571190085,0.18521471321,43.0,53.0,-160.0,-150.0,0.494024991989,
2015-12-13,,,2015-12-13,,,43.0,53.0,-160.0,-150.0,0.494024991989,
2015-12-14,,,2015-12-14,,,43.0,53.0,-160.0,-150.0,0.494024991989,
2015-12-15,,,2015-12-15,,,43.0,53.0,-160.0,-150.0,0.494024991989,
2015-12-16,,,2015-12-16,,,43.0,53.0,-160.0,-150.0,0.494024991989,
2015-12-17,,,2015-12-17,,,43.0,53.0,-160.0,-150.0,0.494024991989,
2015-12-18,,,2015-12-18,,,43.0,53.0,-160.0,-150.0,0.494024991989,
2015-12-19,11.6173653754,2.57347992365,2015-12-19,1.13770572101,0.181613463384,43.0,53.0,-160.0,-150.0,0.494024991989,
2015-12-20,,,2015-12-20,,,43.0,53.0,-160.0,-150.0,0.494024991989,
2015-12-21,,,2015-12-21,,,43.0,53.0,-160.0,-150.0,0.494024991989,
2015-12-22,,,2015-12-22,,,43.0,53.0,-160.0,-150.0,0.494024991989,
2015-12-23,,,2015-12-23,,,43.0,53.0,-160.0,-150.0,0.494024991989,
2015-12-24,,,2015-12-24,,,43.0,53.0,-160.0,-150.0,0.494024991989,
2015-12-25,,,2015-12-25,,,43.0,53.0,-160.0,-150.0,0.494024991989,
2015-12-26,11.9021450862,2.61199712448,2015-12-26,1.15400616828,0.183315746132,43.0,53.0,-160.0,-150.0,0.494024991989,
2015-12-27,,,2015-12-27,,,43.0,53.0,-160.0,-150.0,0.494024991989,
2015-12-28,,,2015-12-28,,,43.0,53.0,-160.0,-150.0,0.494024991989,
2015-12-29,,,2015-12-29,,,43.0,53.0,-160.0,-150.0,0.494024991989,
2015-12-30,,,2015-12-30,,,43.0,53.0,-160.0,-150.0,0.494024991989,
2015-12-31,,,2015-12-31,,,43.0,53.0,-160.0,-150.0,0.494024991989,
2016-01-01,,,2016-01-01,,,43.0,53.0,-160.0,-150.0,0.494024991989,
2016-01-02,12.1329477379,2.63065439434,2016-01-02,1.16701637685,0.184116532182,43.0,53.0,-160.0,-150.0,0.494024991989,
2016-01-03,,,2016-01-03,,,43.0,53.0,-160.0,-150.0,0.494024991989,
2016-01-04,,,2016-01-04,,,43.0,53.0,-160.0,-150.0,0.494024991989,
2016-01-05,,,2016-01-05,,,43.0,53.0,-160.0,-150.0,0.494024991989,
2016-01-06,,,2016-01-06,,,43.0,53.0,-160.0,-150.0,0.494024991989,
2016-01-07,,,2016-01-07,,,43.0,53.0,-160.0,-150.0,0.494024991989,
2016-01-08,,,2016-01-08,,,43.0,53.0,-160.0,-150.0,0.494024991989,
2016-01-09,12.2762735414,2.65104361765,2016-01-09,1.17465216597,0.185627831438,43.0,53.0,-160.0,-150.0,0.494024991989,
2016-01-10,,,2016-01-10,,,43.0,53.0,-160.0,-150.0,0.494024991989,
2016-01-11,,,2016-01-11,,,43.0,53.0,-160.0,-150.0,0.494024991989,
2016-01-12,,,2016-01-12,,,43.0,53.0,-160.0,-150.0,0.494024991989,
2016-01-13,,,2016-01-13,,,43.0,53.0,-160.0,-150.0,0.494024991989,
2016-01-14,,,2016-01-14,,,43.0,53.0,-160.0,-150.0,0.494024991989,
2016-01-15,,,2016-01-15,,,43.0,53.0,-160.0,-150.0,0.494024991989,
2016-01-16,12.3164651551,2.64724522546,2016-01-16,1.17615297944,0.185484888156,43.0,53.0,-160.0,-150.0,0.494024991989,
2016-01-17,,,2016-01-17,,,43.0,53.0,-160.0,-150.0,0.494024991989,
2016-01-18,,,2016-01-18,,,43.0,53.0,-160.0,-150.0,0.494024991989,
2016-01-19,,,2016-01-19,,,43.0,53.0,-160.0,-150.0,0.494024991989,
2016-01-20,,,2016-01-20,,,43.0,53.0,-160.0,-150.0,0.494024991989,
2016-01-21,,,2016-01-21,,,43.0,53.0,-160.0,-150.0,0.494024991989,
2016-01-22,,,2016-01-22,,,43.0,53.0,-160.0,-150.0,0.494024991989,
2016-01-23,12.444139486,2.54270486567,2016-01-23,1.18346037643,0.178524563263,43.0,53.0,-160.0,-150.0,0.494024991989,
2016-01-24,,,2016-01-24,,,43.0,53.0,-160.0,-150.0,0.494024991989,
2016-01-25,,,2016-01-25,,,43.0,53.0,-160.0,-150.0,0.494024991989,
2016-01-26,,,2016-01-26,,,43.0,53.0,-160.0,-150.0,0.494024991989,
2016-01-27,,,2016-01-27,,,43.0,53.0,-160.0,-150.0,0.494024991989,
2016-01-28,,,2016-01-28,,,43.0,53.0,-160.0,-150.0,0.494024991989,
2016-01-29,,,2016-01-29,,,43.0,53.0,-160.0,-150.0,0.494024991989,
2016-01-30,12.546750778,2.4860560932,2016-01-30,1.18951569785,0.175120197744,43.0,53.0,-160.0,-150.0,0.494024991989,
2016-01-31,,,2016-01-31,,,43.0,53.0,-160.0,-150.0,0.494024991989,
2016-02-01,,,2016-02-01,,,43.0,53.0,-160.0,-150.0,0.494024991989,
2016-02-02,,,2016-02-02,,,43.0,53.0,-160.0,-150.0,0.494024991989,
2016-02-03,,,2016-02-03,,,43.0,53.0,-160.0,-150.0,0.494024991989,
2016-02-04,,,2016-02-04,,,43.0,53.0,-160.0,-150.0,0.494024991989,
2016-02-05,,,2016-02-05,,,43.0,53.0,-160.0,-150.0,0.494024991989,
2016-02-06,12.6727698395,2.44192263047,2016-02-06,1.19678921399,0.172757921039,43.0,53.0,-160.0,-150.0,0.494024991989,
2016-02-07,,,2016-02-07,,,43.0,53.0,-160.0,-150.0,0.494024991989,
2016-02-08,,,2016-02-08,,,43.0,53.0,-160.0,-150.0,0.494024991989,
2016-02-09,,,2016-02-09,,,43.0,53.0,-160.0,-150.0,0.494024991989,
2016-02-10,,,2016-02-10,,,43.0,53.0,-160.0,-150.0,0.494024991989,
2016-02-11,,,2016-02-11,,,43.0,53.0,-160.0,-150.0,0.494024991989,
2016-02-12,,,2016-02-12,,,43.0,53.0,-160.0,-150.0,0.494024991989,
2016-02-13,12.6836928748,2.42379547726,2016-02-13,1.19742831568,0.172223802867,43.0,53.0,-160.0,-150.0,0.494024991989,
2016-02-14,,,2016-02-14,,,43.0,53.0,-160.0,-150.0,0.494024991989,
2016-02-15,,,2016-02-15,,,43.0,53.0,-160.0,-150.0,0.494024991989,
2016-02-16,,,2016-02-16,,,43.0,53.0,-160.0,-150.0,0.494024991989,
2016-02-17,,,2016-02-17,,,43.0,53.0,-160.0,-150.0,0.494024991989,
2016-02-18,,,2016-02-18,,,43.0,53.0,-160.0,-150.0,0.494024991989,
2016-02-19,,,2016-02-19,,,43.0,53.0,-160.0,-150.0,0.494024991989,
2016-02-20,12.6981857077,2.42428476389,2016-02-20,1.19903173036,0.172202694093,43.0,53.0,-160.0,-150.0,0.494024991989,
2016-02-21,,,2016-02-21,,,43.0,53.0,-160.0,-150.0,0.494024991989,
2016-02-22,,,2016-02-22,,,43.0,53.0,-160.0,-150.0,0.494024991989,
2016-02-23,,,2016-02-23,,,43.0,53.0,-160.0,-150.0,0.494024991989,
2016-02-24,,,2016-02-24,,,43.0,53.0,-160.0,-150.0,0.494024991989,
2016-02-25,,,2016-02-25,,,43.0,53.0,-160.0,-150.0,0.494024991989,
2016-02-26,,,2016-02-26,,,43.0,53.0,-160.0,-150.0,0.494024991989,
2016-02-27,12.7171072441,2.42011162013,2016-02-27,1.20126216604,0.172117637842,43.0,53.0,-160.0,-150.0,0.494024991989,
2016-02-28,,,2016-02-28,,,43.0,53.0,-160.0,-150.0,0.494024991989,
2016-02-29,,,2016-02-29,,,43.0,53.0,-160.0,-150.0,0.494024991989,
2016-03-01,,,2016-03-01,,,43.0,53.0,-160.0,-150.0,0.494024991989,
2016-03-02,,,2016-03-02,,,43.0,53.0,-160.0,-150.0,0.494024991989,
2016-03-03,,,2016-03-03,,,43.0,53.0,-160.0,-150.0,0.494024991989,
2016-03-04,,,2016-03-04,,,43.0,53.0,-160.0,-150.0,0.494024991989,
2016-03-05,12.7206412389,2.39098730878,2016-03-05,1.20242387948,0.1703457237,43.0,53.0,-160.0,-150.0,0.494024991989,
2016-03-06,,,2016-03-06,,,43.0,53.0,-160.0,-150.0,0.494024991989,
2016-03-07,,,2016-03-07,,,43.0,53.0,-160.0,-150.0,0.494024991989,
2016-03-08,,,2016-03-08,,,43.0,53.0,-160.0,-150.0,0.494024991989,
2016-03-09,,,2016-03-09,,,43.0,53.0,-160.0,-150.0,0.494024991989,
2016-03-10,,,2016-03-10,,,43.0,53.0,-160.0,-150.0,0.494024991989,
2016-03-11,,,2016-03-11,,,43.0,53.0,-160.0,-150.0,0.494024991989,
2016-03-12,12.7301321819,2.33635111794,2016-03-12,1.20416087993,0.167414971286,43.0,53.0,-160.0,-150.0,0.494024991989,
2016-03-13,,,2016-03-13,,,43.0,53.0,-160.0,-150.0,0.494024991989,
2016-03-14,,,2016-03-14,,,43.0,53.0,-160.0,-150.0,0.494024991989,
2016-03-15,,,2016-03-15,,,43.0,53.0,-160.0,-150.0,0.494024991989,
2016-03-16,,,2016-03-16,,,43.0,53.0,-160.0,-150.0,0.494024991989,
2016-03-17,,,2016-03-17,,,43.0,53.0,-160.0,-150.0,0.494024991989,
2016-03-18,,,2016-03-18,,,43.0,53.0,-160.0,-150.0,0.494024991989,
2016-03-19,12.8250829098,2.28656225281,2016-03-19,1.2114929246,0.164527802448,43.0,53.0,-160.0,-150.0,0.494024991989,
2016-03-20,,,2016-03-20,,,43.0,53.0,-160.0,-150.0,0.494024991989,
2016-03-21,,,2016-03-21,,,43.0,53.0,-160.0,-150.0,0.494024991989,
2016-03-22,,,2016-03-22,,,43.0,53.0,-160.0,-150.0,0.494024991989,
2016-03-23,,,2016-03-23,,,43.0,53.0,-160.0,-150.0,0.494024991989,
2016-03-24,,,2016-03-24,,,43.0,53.0,-160.0,-150.0,0.494024991989,
2016-03-25,,,2016-03-25,,,43.0,53.0,-160.0,-150.0,0.494024991989,
2016-03-26,12.8677983662,2.25901874801,2016-03-26,1.21561215186,0.163386270301,43.0,53.0,-160.0,-150.0,0.494024991989,
2016-03-27,,,2016-03-27,,,43.0,53.0,-160.0,-150.0,0.494024991989,
2016-03-28,,,2016-03-28,,,43.0,53.0,-160.0,-150.0,0.494024991989,
2016-03-29,,,2016-03-29,,,43.0,53.0,-160.0,-150.0,0.494024991989,
2016-03-30,,,2016-03-30,,,43.0,53.0,-160.0,-150.0,0.494024991989,
2016-03-31,,,2016-03-31,,,43.0,53.0,-160.0,-150.0,0.494024991989,
2016-04-01,,,2016-04-01,,,43.0,53.0,-160.0,-150.0,0.494024991989,
2016-04-02,12.8889834054,2.26235310329,2016-04-02,1.21882139339,0.163605306187,43.0,53.0,-160.0,-150.0,0.494024991989,
2016-04-03,,,2016-04-03,,,43.0,53.0,-160.0,-150.0,0.494024991989,
2016-04-04,,,2016-04-04,,,43.0,53.0,-160.0,-150.0,0.494024991989,
2016-04-05,,,2016-04-05,,,43.0,53.0,-160.0,-150.0,0.494024991989,
2016-04-06,,,2016-04-06,,,43.0,53.0,-160.0,-150.0,0.494024991989,
2016-04-07,,,2016-04-07,,,43.0,53.0,-160.0,-150.0,0.494024991989,
2016-04-08,,,2016-04-08,,,43.0,53.0,-160.0,-150.0,0.494024991989,
2016-04-09,12.8637109527,2.24794089121,2016-04-09,1.21930812641,0.162518698362,43.0,53.0,-160.0,-150.0,0.494024991989,
2016-04-10,,,2016-04-10,,,43.0,53.0,-160.0,-150.0,0.494024991989,
2016-04-11,,,2016-04-11,,,43.0,53.0,-160.0,-150.0,0.494024991989,
2016-04-12,,,2016-04-12,,,43.0,53.0,-160.0,-150.0,0.494024991989,
2016-04-13,,,2016-04-13,,,43.0,53.0,-160.0,-150.0,0.494024991989,
2016-04-14,,,2016-04-14,,,43.0,53.0,-160.0,-150.0,0.494024991989,
2016-04-15,,,2016-04-15,,,43.0,53.0,-160.0,-150.0,0.494024991989,
2016-04-16,12.8333149335,2.18503268987,2016-04-16,1.21947071233,0.158424486436,43.0,53.0,-160.0,-150.0,0.494024991989,
2016-04-17,,,2016-04-17,,,43.0,53.0,-160.0,-150.0,0.494024991989,
2016-04-18,,,2016-04-18,,,43.0,53.0,-160.0,-150.0,0.494024991989,
2016-04-19,,,2016-04-19,,,43.0,53.0,-160.0,-150.0,0.494024991989,
2016-04-20,,,2016-04-20,,,43.0,53.0,-160.0,-150.0,0.494024991989,
2016-04-21,,,2016-04-21,,,43.0,53.0,-160.0,-150.0,0.494024991989,
2016-04-22,,,2016-04-22,,,43.0,53.0,-160.0,-150.0,0.494024991989,
2016-04-23,12.8024195716,2.14984537602,2016-04-23,1.22002051598,0.155857407521,43.0,53.0,-160.0,-150.0,0.494024991989,
2016-04-24,,,2016-04-24,,,43.0,53.0,-160.0,-150.0,0.494024991989,
2016-04-25,,,2016-04-25,,,43.0,53.0,-160.0,-150.0,0.494024991989,
2016-04-26,,,2016-04-26,,,43.0,53.0,-160.0,-150.0,0.494024991989,
2016-04-27,,,2016-04-27,,,43.0,53.0,-160.0,-150.0,0.494024991989,
2016-04-28,,,2016-04-28,,,43.0,53.0,-160.0,-150.0,0.494024991989,
2016-04-29,,,2016-04-29,,,43.0,53.0,-160.0,-150.0,0.494024991989,
2016-04-30,12.8357473685,2.10912218072,2016-04-30,1.22432081513,0.152799788442,43.0,53.0,-160.0,-150.0,0.494024991989,
2016-05-01,,,2016-05-01,,,43.0,53.0,-160.0,-150.0,0.494024991989,
2016-05-02,,,2016-05-02,,,43.0,53.0,-160.0,-150.0,0.494024991989,
2016-05-03,,,2016-05-03,,,43.0,53.0,-160.0,-150.0,0.494024991989,
2016-05-04,,,2016-05-04,,,43.0,53.0,-160.0,-150.0,0.494024991989,
2016-05-05,,,2016-05-05,,,43.0,53.0,-160.0,-150.0,0.494024991989,
2016-05-06,,,2016-05-06,,,43.0,53.0,-160.0,-150.0,0.494024991989,
2016-05-07,12.7738634464,2.07412773288,2016-05-07,1.22249104012,0.150410667352,43.0,53.0,-160.0,-150.0,0.494024991989,
2016-05-08,,,2016-05-08,,,43.0,53.0,-160.0,-150.0,0.494024991989,
2016-05-09,,,2016-05-09,,,43.0,53.0,-160.0,-150.0,0.494024991989,
2016-05-10,,,2016-05-10,,,43.0,53.0,-160.0,-150.0,0.494024991989,
2016-05-11,,,2016-05-11,,,43.0,53.0,-160.0,-150.0,0.494024991989,
2016-05-12,,,2016-05-12,,,43.0,53.0,-160.0,-150.0,0.494024991989,
2016-05-13,,,2016-05-13,,,43.0,53.0,-160.0,-150.0,0.494024991989,
2016-05-14,12.6992664683,2.02872403121,2016-05-14,1.21948395876,0.147482952106,43.0,53.0,-160.0,-150.0,0.494024991989,
2016-05-15,,,2016-05-15,,,43.0,53.0,-160.0,-150.0,0.494024991989,
2016-05-16,,,2016-05-16,,,43.0,53.0,-160.0,-150.0,0.494024991989,
2016-05-17,,,2016-05-17,,,43.0,53.0,-160.0,-150.0,0.494024991989,
2016-05-18,,,2016-05-18,,,43.0,53.0,-160.0,-150.0,0.494024991989,
2016-05-19,,,2016-05-19,,,43.0,53.0,-160.0,-150.0,0.494024991989,
2016-05-20,,,2016-05-20,,,43.0,53.0,-160.0,-150.0,0.494024991989,
2016-05-21,12.5236677237,2.0345753678,2016-05-21,1.20938858964,0.148693977856,43.0,53.0,-160.0,-150.0,0.494024991989,
2016-05-22,,,2016-05-22,,,43.0,53.0,-160.0,-150.0,0.494024991989,
2016-05-23,,,2016-05-23,,,43.0,53.0,-160.0,-150.0,0.494024991989,
2016-05-24,,,2016-05-24,,,43.0,53.0,-160.0,-150.0,0.494024991989,
2016-05-25,,,2016-05-25,,,43.0,53.0,-160.0,-150.0,0.494024991989,
2016-05-26,,,2016-05-26,,,43.0,53.0,-160.0,-150.0,0.494024991989,
2016-05-27,,,2016-05-27,,,43.0,53.0,-160.0,-150.0,0.494024991989,
2016-05-28,12.4043241888,2.00640556971,2016-05-28,1.20348801324,0.147140305091,43.0,53.0,-160.0,-150.0,0.494024991989,
2016-05-29,,,2016-05-29,,,43.0,53.0,-160.0,-150.0,0.494024991989,
2016-05-30,,,2016-05-30,,,43.0,53.0,-160.0,-150.0,0.494024991989,
2016-05-31,,,2016-05-31,,,43.0,53.0,-160.0,-150.0,0.494024991989,
2016-06-01,,,2016-06-01,,,43.0,53.0,-160.0,-150.0,0.494024991989,
2016-06-02,,,2016-06-02,,,43.0,53.0,-160.0,-150.0,0.494024991989,
2016-06-03,,,2016-06-03,,,43.0,53.0,-160.0,-150.0,0.494024991989,
2016-06-04,12.2356743986,1.97962019377,2016-06-04,1.19405466588,0.145706603143,43.0,53.0,-160.0,-150.0,0.494024991989,
2016-06-05,,,2016-06-05,,,43.0,53.0,-160.0,-150.0,0.494024991989,
2016-06-06,,,2016-06-06,,,43.0,53.0,-160.0,-150.0,0.494024991989,
2016-06-07,,,2016-06-07,,,43.0,53.0,-160.0,-150.0,0.494024991989,
2016-06-08,,,2016-06-08,,,43.0,53.0,-160.0,-150.0,0.494024991989,
2016-06-09,,,2016-06-09,,,43.0,53.0,-160.0,-150.0,0.494024991989,
2016-06-10,,,2016-06-10,,,43.0,53.0,-160.0,-150.0,0.494024991989,
2016-06-11,12.0909630295,1.94607447357,2016-06-11,1.1865271434,0.143401117825,43.0,53.0,-160.0,-150.0,0.494024991989,
2016-06-12,,,2016-06-12,,,43.0,53.0,-160.0,-150.0,0.494024991989,
2016-06-13,,,2016-06-13,,,43.0,53.0,-160.0,-150.0,0.494024991989,
2016-06-14,,,2016-06-14,,,43.0,53.0,-160.0,-150.0,0.494024991989,
2016-06-15,,,2016-06-15,,,43.0,53.0,-160.0,-150.0,0.494024991989,
2016-06-16,,,2016-06-16,,,43.0,53.0,-160.0,-150.0,0.494024991989,
2016-06-17,,,2016-06-17,,,43.0,53.0,-160.0,-150.0,0.494024991989,
2016-06-18,11.9113738099,1.91112386057,2016-06-18,1.17589677515,0.140856584445,43.0,53.0,-160.0,-150.0,0.494024991989,
2016-06-19,,,2016-06-19,,,43.0,53.0,-160.0,-150.0,0.494024991989,
2016-06-20,,,2016-06-20,,,43.0,53.0,-160.0,-150.0,0.494024991989,
2016-06-21,,,2016-06-21,,,43.0,53.0,-160.0,-150.0,0.494024991989,
2016-06-22,,,2016-06-22,,,43.0,53.0,-160.0,-150.0,0.494024991989,
2016-06-23,,,2016-06-23,,,43.0,53.0,-160.0,-150.0,0.494024991989,
2016-06-24,,,2016-06-24,,,43.0,53.0,-160.0,-150.0,0.494024991989,
2016-06-25,11.7534896208,1.89036755921,2016-06-25,1.16663773611,0.139516732168,43.0,53.0,-160.0,-150.0,0.494024991989,
2016-06-26,,,2016-06-26,,,43.0,53.0,-160.0,-150.0,0.494024991989,
2016-06-27,,,2016-06-27,,,43.0,53.0,-160.0,-150.0,0.494024991989,
2016-06-28,,,2016-06-28,,,43.0,53.0,-160.0,-150.0,0.494024991989,
2016-06-29,,,2016-06-29,,,43.0,53.0,-160.0,-150.0,0.494024991989,
2016-06-30,,,2016-06-30,,,43.0,53.0,-160.0,-150.0,0.494024991989,
2016-07-01,,,2016-07-01,,,43.0,53.0,-160.0,-150.0,0.494024991989,
2016-07-02,11.6053496305,1.85829791248,2016-07-02,1.15773875873,0.136828725286,43.0,53.0,-160.0,-150.0,0.494024991989,
2016-07-03,,,2016-07-03,,,43.0,53.0,-160.0,-150.0,0.494024991989,
2016-07-04,,,2016-07-04,,,43.0,53.0,-160.0,-150.0,0.494024991989,
2016-07-05,,,2016-07-05,,,43.0,53.0,-160.0,-150.0,0.494024991989,
2016-07-06,,,2016-07-06,,,43.0,53.0,-160.0,-150.0,0.494024991989,
2016-07-07,,,2016-07-07,,,43.0,53.0,-160.0,-150.0,0.494024991989,
2016-07-08,,,2016-07-08,,,43.0,53.0,-160.0,-150.0,0.494024991989,
2016-07-09,11.4700258768,1.80381472113,2016-07-09,1.14978293091,0.132776003352,43.0,53.0,-160.0,-150.0,0.494024991989,
2016-07-10,,,2016-07-10,,,43.0,53.0,-160.0,-150.0,0.494024991989,
2016-07-11,,,2016-07-11,,,43.0,53.0,-160.0,-150.0,0.494024991989,
2016-07-12,,,2016-07-12,,,43.0,53.0,-160.0,-150.0,0.494024991989,
2016-07-13,,,2016-07-13,,,43.0,53.0,-160.0,-150.0,0.494024991989,
2016-07-14,,,2016-07-14,,,43.0,53.0,-160.0,-150.0,0.494024991989,
2016-07-15,,,2016-07-15,,,43.0,53.0,-160.0,-150.0,0.494024991989,
2016-07-16,11.2734434134,1.79824048623,2016-07-16,1.13714305087,0.132628312419,43.0,53.0,-160.0,-150.0,0.494024991989,
2016-07-17,,,2016-07-17,,,43.0,53.0,-160.0,-150.0,0.494024991989,
2016-07-18,,,2016-07-18,,,43.0,53.0,-160.0,-150.0,0.494024991989,
2016-07-19,,,2016-07-19,,,43.0,53.0,-160.0,-150.0,0.494024991989,
2016-07-20,,,2016-07-20,,,43.0,53.0,-160.0,-150.0,0.494024991989,
2016-07-21,,,2016-07-21,,,43.0,53.0,-160.0,-150.0,0.494024991989,
2016-07-22,,,2016-07-22,,,43.0,53.0,-160.0,-150.0,0.494024991989,
2016-07-23,11.0863135137,1.79627659437,2016-07-23,1.12524845662,0.132370432506,43.0,53.0,-160.0,-150.0,0.494024991989,
2016-07-24,,,2016-07-24,,,43.0,53.0,-160.0,-150.0,0.494024991989,
2016-07-25,,,2016-07-25,,,43.0,53.0,-160.0,-150.0,0.494024991989,
2016-07-26,,,2016-07-26,,,43.0,53.0,-160.0,-150.0,0.494024991989,
2016-07-27,,,2016-07-27,,,43.0,53.0,-160.0,-150.0,0.494024991989,
2016-07-28,,,2016-07-28,,,43.0,53.0,-160.0,-150.0,0.494024991989,
2016-07-29,,,2016-07-29,,,43.0,53.0,-160.0,-150.0,0.494024991989,
2016-07-30,10.85988941,1.79914315698,2016-07-30,1.11011026965,0.132684107322,43.0,53.0,-160.0,-150.0,0.494024991989,
2016-07-31,,,2016-07-31,,,43.0,53.0,-160.0,-150.0,0.494024991989,
2016-08-01,,,2016-08-01,,,43.0,53.0,-160.0,-150.0,0.494024991989,
2016-08-02,,,2016-08-02,,,43.0,53.0,-160.0,-150.0,0.494024991989,
2016-08-03,,,2016-08-03,,,43.0,53.0,-160.0,-150.0,0.494024991989,
2016-08-04,,,2016-08-04,,,43.0,53.0,-160.0,-150.0,0.494024991989,
2016-08-05,,,2016-08-05,,,43.0,53.0,-160.0,-150.0,0.494024991989,
2016-08-06,10.6307585915,1.87709030569,2016-08-06,1.09505286509,0.138698123795,43.0,53.0,-160.0,-150.0,0.494024991989,
2016-08-07,,,2016-08-07,,,43.0,53.0,-160.0,-150.0,0.494024991989,
2016-08-08,,,2016-08-08,,,43.0,53.0,-160.0,-150.0,0.494024991989,
2016-08-09,,,2016-08-09,,,43.0,53.0,-160.0,-150.0,0.494024991989,
2016-08-10,,,2016-08-10,,,43.0,53.0,-160.0,-150.0,0.494024991989,
2016-08-11,,,2016-08-11,,,43.0,53.0,-160.0,-150.0,0.494024991989,
2016-08-12,,,2016-08-12,,,43.0,53.0,-160.0,-150.0,0.494024991989,
2016-08-13,10.4785793266,1.92531425856,2016-08-13,1.0852875077,0.14143165201,43.0,53.0,-160.0,-150.0,0.494024991989,
2016-08-14,,,2016-08-14,,,43.0,53.0,-160.0,-150.0,0.494024991989,
2016-08-15,,,2016-08-15,,,43.0,53.0,-160.0,-150.0,0.494024991989,
2016-08-16,,,2016-08-16,,,43.0,53.0,-160.0,-150.0,0.494024991989,
2016-08-17,,,2016-08-17,,,43.0,53.0,-160.0,-150.0,0.494024991989,
2016-08-18,,,2016-08-18,,,43.0,53.0,-160.0,-150.0,0.494024991989,
2016-08-19,,,2016-08-19,,,43.0,53.0,-160.0,-150.0,0.494024991989,
2016-08-20,10.3598654027,1.93321485419,2016-08-20,1.07731494922,0.141132142389,43.0,53.0,-160.0,-150.0,0.494024991989,
2016-08-21,,,2016-08-21,,,43.0,53.0,-160.0,-150.0,0.494024991989,
2016-08-22,,,2016-08-22,,,43.0,53.0,-160.0,-150.0,0.494024991989,
2016-08-23,,,2016-08-23,,,43.0,53.0,-160.0,-150.0,0.494024991989,
2016-08-24,,,2016-08-24,,,43.0,53.0,-160.0,-150.0,0.494024991989,
2016-08-25,,,2016-08-25,,,43.0,53.0,-160.0,-150.0,0.494024991989,
2016-08-26,,,2016-08-26,,,43.0,53.0,-160.0,-150.0,0.494024991989,
2016-08-27,10.1533983311,1.94998218545,2016-08-27,1.06357424978,0.142299203945,43.0,53.0,-160.0,-150.0,0.494024991989,
2016-08-28,,,2016-08-28,,,43.0,53.0,-160.0,-150.0,0.494024991989,
2016-08-29,,,2016-08-29,,,43.0,53.0,-160.0,-150.0,0.494024991989,
2016-08-30,,,2016-08-30,,,43.0,53.0,-160.0,-150.0,0.494024991989,
2016-08-31,,,2016-08-31,,,43.0,53.0,-160.0,-150.0,0.494024991989,
2016-09-01,,,2016-09-01,,,43.0,53.0,-160.0,-150.0,0.494024991989,
2016-09-02,,,2016-09-02,,,43.0,53.0,-160.0,-150.0,0.494024991989,
2016-09-03,9.94886313652,1.95128753506,2016-09-03,1.04997110772,0.142248658357,43.0,53.0,-160.0,-150.0,0.494024991989,
2016-09-04,,,2016-09-04,,,43.0,53.0,-160.0,-150.0,0.494024991989,
2016-09-05,,,2016-09-05,,,43.0,53.0,-160.0,-150.0,0.494024991989,
2016-09-06,,,2016-09-06,,,43.0,53.0,-160.0,-150.0,0.494024991989,
2016-09-07,,,2016-09-07,,,43.0,53.0,-160.0,-150.0,0.494024991989,
2016-09-08,,,2016-09-08,,,43.0,53.0,-160.0,-150.0,0.494024991989,
2016-09-09,,,2016-09-09,,,43.0,53.0,-160.0,-150.0,0.494024991989,
2016-09-10,9.78574389773,1.95034161803,2016-09-10,1.03947563642,0.142126253124,43.0,53.0,-160.0,-150.0,0.494024991989,
2016-09-11,,,2016-09-11,,,43.0,53.0,-160.0,-150.0,0.494024991989,
2016-09-12,,,2016-09-12,,,43.0,53.0,-160.0,-150.0,0.494024991989,
2016-09-13,,,2016-09-13,,,43.0,53.0,-160.0,-150.0,0.494024991989,
2016-09-14,,,2016-09-14,,,43.0,53.0,-160.0,-150.0,0.494024991989,
2016-09-15,,,2016-09-15,,,43.0,53.0,-160.0,-150.0,0.494024991989,
2016-09-16,,,2016-09-16,,,43.0,53.0,-160.0,-150.0,0.494024991989,
2016-09-17,9.73354559042,1.98951947906,2016-09-17,1.03631857328,0.144186746529,43.0,53.0,-160.0,-150.0,0.494024991989,
2016-09-18,,,2016-09-18,,,43.0,53.0,-160.0,-150.0,0.494024991989,
2016-09-19,,,2016-09-19,,,43.0,53.0,-160.0,-150.0,0.494024991989,
2016-09-20,,,2016-09-20,,,43.0,53.0,-160.0,-150.0,0.494024991989,
2016-09-21,,,2016-09-21,,,43.0,53.0,-160.0,-150.0,0.494024991989,
2016-09-22,,,2016-09-22,,,43.0,53.0,-160.0,-150.0,0.494024991989,
2016-09-23,,,2016-09-23,,,43.0,53.0,-160.0,-150.0,0.494024991989,
2016-09-24,9.63551790266,2.01614315207,2016-09-24,1.03005026298,0.145701217069,43.0,53.0,-160.0,-150.0,0.494024991989,
2016-09-25,,,2016-09-25,,,43.0,53.0,-160.0,-150.0,0.494024991989,
2016-09-26,,,2016-09-26,,,43.0,53.0,-160.0,-150.0,0.494024991989,
2016-09-27,,,2016-09-27,,,43.0,53.0,-160.0,-150.0,0.494024991989,
2016-09-28,,,2016-09-28,,,43.0,53.0,-160.0,-150.0,0.494024991989,
2016-09-29,,,2016-09-29,,,43.0,53.0,-160.0,-150.0,0.494024991989,
2016-09-30,,,2016-09-30,,,43.0,53.0,-160.0,-150.0,0.494024991989,
2016-10-01,9.52165095228,2.01717861109,2016-10-01,1.02343375099,0.145296740184,43.0,53.0,-160.0,-150.0,0.494024991989,
2016-10-02,,,2016-10-02,,,43.0,53.0,-160.0,-150.0,0.494024991989,
2016-10-03,,,2016-10-03,,,43.0,53.0,-160.0,-150.0,0.494024991989,
2016-10-04,,,2016-10-04,,,43.0,53.0,-160.0,-150.0,0.494024991989,
2016-10-05,,,2016-10-05,,,43.0,53.0,-160.0,-150.0,0.494024991989,
2016-10-06,,,2016-10-06,,,43.0,53.0,-160.0,-150.0,0.494024991989,
2016-10-07,,,2016-10-07,,,43.0,53.0,-160.0,-150.0,0.494024991989,
2016-10-08,9.4269875361,1.98602614519,2016-10-08,1.01803760247,0.143668776053,43.0,53.0,-160.0,-150.0,0.494024991989,
2016-10-09,,,2016-10-09,,,43.0,53.0,-160.0,-150.0,0.494024991989,
2016-10-10,,,2016-10-10,,,43.0,53.0,-160.0,-150.0,0.494024991989,
2016-10-11,,,2016-10-11,,,43.0,53.0,-160.0,-150.0,0.494024991989,
2016-10-12,,,2016-10-12,,,43.0,53.0,-160.0,-150.0,0.494024991989,
2016-10-13,,,2016-10-13,,,43.0,53.0,-160.0,-150.0,0.494024991989,
2016-10-14,,,2016-10-14,,,43.0,53.0,-160.0,-150.0,0.494024991989,
2016-10-15,9.76349932915,1.76346226629,2016-10-15,1.04084024421,0.127279851702,43.0,53.0,-160.0,-150.0,0.494024991989,
2016-10-16,,,2016-10-16,,,43.0,53.0,-160.0,-150.0,0.494024991989,
2016-10-17,,,2016-10-17,,,43.0,53.0,-160.0,-150.0,0.494024991989,
2016-10-18,,,2016-10-18,,,43.0,53.0,-160.0,-150.0,0.494024991989,
2016-10-19,,,2016-10-19,,,43.0,53.0,-160.0,-150.0,0.494024991989,
2016-10-20,,,2016-10-20,,,43.0,53.0,-160.0,-150.0,0.494024991989,
2016-10-21,,,2016-10-21,,,43.0,53.0,-160.0,-150.0,0.494024991989,
2016-10-22,10.0533038353,1.66988370223,2016-10-22,1.05909598036,0.11962163605,43.0,53.0,-160.0,-150.0,0.494024991989,
2016-10-23,,,2016-10-23,,,43.0,53.0,-160.0,-150.0,0.494024991989,
2016-10-24,,,2016-10-24,,,43.0,53.0,-160.0,-150.0,0.494024991989,
2016-10-25,,,2016-10-25,,,43.0,53.0,-160.0,-150.0,0.494024991989,
2016-10-26,,,2016-10-26,,,43.0,53.0,-160.0,-150.0,0.494024991989,
2016-10-27,,,2016-10-27,,,43.0,53.0,-160.0,-150.0,0.494024991989,
2016-10-28,,,2016-10-28,,,43.0,53.0,-160.0,-150.0,0.494024991989,
2016-10-29,10.3241668645,1.67459708631,2016-10-29,1.07557991803,0.118552280128,43.0,53.0,-160.0,-150.0,0.494024991989,
2016-10-30,,,2016-10-30,,,43.0,53.0,-160.0,-150.0,0.494024991989,
2016-10-31,,,2016-10-31,,,43.0,53.0,-160.0,-150.0,0.494024991989,
2016-11-01,,,2016-11-01,,,43.0,53.0,-160.0,-150.0,0.494024991989,
2016-11-02,,,2016-11-02,,,43.0,53.0,-160.0,-150.0,0.494024991989,
2016-11-03,,,2016-11-03,,,43.0,53.0,-160.0,-150.0,0.494024991989,
2016-11-04,,,2016-11-04,,,43.0,53.0,-160.0,-150.0,0.494024991989,
2016-11-05,10.7009033011,1.65691754608,2016-11-05,1.09786104913,0.116093009293,43.0,53.0,-160.0,-150.0,0.494024991989,
2016-11-06,,,2016-11-06,,,43.0,53.0,-160.0,-150.0,0.494024991989,
2016-11-07,,,2016-11-07,,,43.0,53.0,-160.0,-150.0,0.494024991989,
2016-11-08,,,2016-11-08,,,43.0,53.0,-160.0,-150.0,0.494024991989,
2016-11-09,,,2016-11-09,,,43.0,53.0,-160.0,-150.0,0.494024991989,
2016-11-10,,,2016-11-10,,,43.0,53.0,-160.0,-150.0,0.494024991989,
2016-11-11,,,2016-11-11,,,43.0,53.0,-160.0,-150.0,0.494024991989,
2016-11-12,11.1501980682,1.65511879173,2016-11-12,1.12315403469,0.115672937349,43.0,53.0,-160.0,-150.0,0.494024991989,
2016-11-13,,,2016-11-13,,,43.0,53.0,-160.0,-150.0,0.494024991989,
2016-11-14,,,2016-11-14,,,43.0,53.0,-160.0,-150.0,0.494024991989,
2016-11-15,,,2016-11-15,,,43.0,53.0,-160.0,-150.0,0.494024991989,
2016-11-16,,,2016-11-16,,,43.0,53.0,-160.0,-150.0,0.494024991989,
2016-11-17,,,2016-11-17,,,43.0,53.0,-160.0,-150.0,0.494024991989,
2016-11-18,,,2016-11-18,,,43.0,53.0,-160.0,-150.0,0.494024991989,
2016-11-19,11.5702772519,1.72329020564,2016-11-19,1.14719921215,0.119321054792,43.0,53.0,-160.0,-150.0,0.494024991989,
2016-11-20,,,2016-11-20,,,43.0,53.0,-160.0,-150.0,0.494024991989,
2016-11-21,,,2016-11-21,,,43.0,53.0,-160.0,-150.0,0.494024991989,
2016-11-22,,,2016-11-22,,,43.0,53.0,-160.0,-150.0,0.494024991989,
2016-11-23,,,2016-11-23,,,43.0,53.0,-160.0,-150.0,0.494024991989,
2016-11-24,,,2016-11-24,,,43.0,53.0,-160.0,-150.0,0.494024991989,
2016-11-25,,,2016-11-25,,,43.0,53.0,-160.0,-150.0,0.494024991989,
2016-11-26,11.9510647553,1.85350281366,2016-11-26,1.16889728967,0.126541587119,43.0,53.0,-160.0,-150.0,0.494024991989,
2016-11-27,,,2016-11-27,,,43.0,53.0,-160.0,-150.0,0.494024991989,
2016-11-28,,,2016-11-28,,,43.0,53.0,-160.0,-150.0,0.494024991989,
2016-11-29,,,2016-11-29,,,43.0,53.0,-160.0,-150.0,0.494024991989,
2016-11-30,,,2016-11-30,,,43.0,53.0,-160.0,-150.0,0.494024991989,
2016-12-01,,,2016-12-01,,,43.0,53.0,-160.0,-150.0,0.494024991989,
2016-12-02,,,2016-12-02,,,43.0,53.0,-160.0,-150.0,0.494024991989,
2016-12-03,12.2399820525,2.00245219322,2016-12-03,1.18519396347,0.135191186867,43.0,53.0,-160.0,-150.0,0.494024991989,
2016-12-04,,,2016-12-04,,,43.0,53.0,-160.0,-150.0,0.494024991989,
2016-12-05,,,2016-12-05,,,43.0,53.0,-160.0,-150.0,0.494024991989,
2016-12-06,,,2016-12-06,,,43.0,53.0,-160.0,-150.0,0.494024991989,
2016-12-07,,,2016-12-07,,,43.0,53.0,-160.0,-150.0,0.494024991989,
2016-12-08,,,2016-12-08,,,43.0,53.0,-160.0,-150.0,0.494024991989,
2016-12-09,,,2016-12-09,,,43.0,53.0,-160.0,-150.0,0.494024991989,
2016-12-10,12.3750426137,2.12958262514,2016-12-10,1.19184527808,0.143870877592,43.0,53.0,-160.0,-150.0,0.494024991989,
2016-12-11,,,2016-12-11,,,43.0,53.0,-160.0,-150.0,0.494024991989,
2016-12-12,,,2016-12-12,,,43.0,53.0,-160.0,-150.0,0.494024991989,
2016-12-13,,,2016-12-13,,,43.0,53.0,-160.0,-150.0,0.494024991989,
2016-12-14,,,2016-12-14,,,43.0,53.0,-160.0,-150.0,0.494024991989,
2016-12-15,,,2016-12-15,,,43.0,53.0,-160.0,-150.0,0.494024991989,
2016-12-16,,,2016-12-16,,,43.0,53.0,-160.0,-150.0,0.494024991989,
2016-12-17,12.571087369,2.282477618,2016-12-17,1.20273019046,0.153264578426,43.0,53.0,-160.0,-150.0,0.494024991989,
2016-12-18,,,2016-12-18,,,43.0,53.0,-160.0,-150.0,0.494024991989,
2016-12-19,,,2016-12-19,,,43.0,53.0,-160.0,-150.0,0.494024991989,
2016-12-20,,,2016-12-20,,,43.0,53.0,-160.0,-150.0,0.494024991989,
2016-12-21,,,2016-12-21,,,43.0,53.0,-160.0,-150.0,0.494024991989,
2016-12-22,,,2016-12-22,,,43.0,53.0,-160.0,-150.0,0.494024991989,
2016-12-23,,,2016-12-23,,,43.0,53.0,-160.0,-150.0,0.494024991989,
2016-12-24,12.7997479482,2.42802575534,2016-12-24,1.21548462198,0.162255024402,43.0,53.0,-160.0,-150.0,0.494024991989,
2016-12-25,,,2016-12-25,,,43.0,53.0,-160.0,-150.0,0.494024991989,
2016-12-26,,,2016-12-26,,,43.0,53.0,-160.0,-150.0,0.494024991989,
2016-12-27,,,2016-12-27,,,43.0,53.0,-160.0,-150.0,0.494024991989,
2016-12-28,,,2016-12-28,,,43.0,53.0,-160.0,-150.0,0.494024991989,
2016-12-29,,,2016-12-29,,,43.0,53.0,-160.0,-150.0,0.494024991989,
2016-12-30,,,2016-12-30,,,43.0,53.0,-160.0,-150.0,0.494024991989,
2016-12-31,12.8644861753,2.55547044392,2016-12-31,1.21772226468,0.171352903513,43.0,53.0,-160.0,-150.0,0.494024991989,
2017-01-01,,,2017-01-01,,,43.0,53.0,-160.0,-150.0,0.494024991989,
