time_X,sst,sst_std_X,time_Y,PO4,PO4_std_Y,lat1,lat2,lon1,lon2,,depth
2015-01-01,21.1785059231,2.08276631929,2015-01-01,,,23.0,33.0,-160.0,-150.0,,0.494024991989
2015-01-02,21.1140559246,2.07562251123,2015-01-02,,,23.0,33.0,-160.0,-150.0,,0.494024991989
2015-01-03,21.0469309261,2.08078620291,2015-01-03,0.241283859424,0.0444489395947,23.0,33.0,-160.0,-150.0,,0.494024991989
2015-01-04,20.9953121772,2.0767304439,2015-01-04,,,23.0,33.0,-160.0,-150.0,,0.494024991989
2015-01-05,20.9393559284,2.08493123048,2015-01-05,,,23.0,33.0,-160.0,-150.0,,0.494024991989
2015-01-06,20.8549309303,2.11914154696,2015-01-06,,,23.0,33.0,-160.0,-150.0,,0.494024991989
2015-01-07,20.6774934343,2.07545076249,2015-01-07,,,23.0,33.0,-160.0,-150.0,,0.494024991989
2015-01-08,20.6403121851,2.05839771359,2015-01-08,,,23.0,33.0,-160.0,-150.0,,0.494024991989
2015-01-09,20.7251121832,2.18457364238,2015-01-09,,,23.0,33.0,-160.0,-150.0,,0.494024991989
2015-01-10,20.8032934315,2.19936897971,2015-01-10,0.239774221331,0.0427744502363,23.0,33.0,-160.0,-150.0,,0.494024991989
2015-01-11,20.7390809329,2.200110595,2015-01-11,,,23.0,33.0,-160.0,-150.0,,0.494024991989
2015-01-12,20.6334059353,2.24541186113,2015-01-12,,,23.0,33.0,-160.0,-150.0,,0.494024991989
2015-01-13,20.5862871863,2.18606382218,2015-01-13,,,23.0,33.0,-160.0,-150.0,,0.494024991989
2015-01-14,20.6128934357,2.14337961695,2015-01-14,,,23.0,33.0,-160.0,-150.0,,0.494024991989
2015-01-15,20.6444559351,2.16457669002,2015-01-15,,,23.0,33.0,-160.0,-150.0,,0.494024991989
2015-01-16,20.6802746842,2.26901432778,2015-01-16,,,23.0,33.0,-160.0,-150.0,,0.494024991989
2015-01-17,20.6216434356,2.32130479402,2015-01-17,0.240195129193,0.0424841805392,23.0,33.0,-160.0,-150.0,,0.494024991989
2015-01-18,20.7050246837,2.37096529302,2015-01-18,,,23.0,33.0,-160.0,-150.0,,0.494024991989
2015-01-19,20.7516809326,2.36441164545,2015-01-19,,,23.0,33.0,-160.0,-150.0,,0.494024991989
2015-01-20,20.8325996808,2.39017598264,2015-01-20,,,23.0,33.0,-160.0,-150.0,,0.494024991989
2015-01-21,20.8487809305,2.3712823569,2015-01-21,,,23.0,33.0,-160.0,-150.0,,0.494024991989
2015-01-22,20.7499871827,2.36091889413,2015-01-22,,,23.0,33.0,-160.0,-150.0,,0.494024991989
2015-01-23,20.6768309343,2.35587395449,2015-01-23,,,23.0,33.0,-160.0,-150.0,,0.494024991989
2015-01-24,20.5838934364,2.3509879324,2015-01-24,0.240198099356,0.0417268460679,23.0,33.0,-160.0,-150.0,,0.494024991989
2015-01-25,20.4465121895,2.3339502249,2015-01-25,,,23.0,33.0,-160.0,-150.0,,0.494024991989
2015-01-26,20.3581621914,2.27166607805,2015-01-26,,,23.0,33.0,-160.0,-150.0,,0.494024991989
2015-01-27,20.3302684421,2.24773325022,2015-01-27,,,23.0,33.0,-160.0,-150.0,,0.494024991989
2015-01-28,20.3468309417,2.28904772268,2015-01-28,,,23.0,33.0,-160.0,-150.0,,0.494024991989
2015-01-29,20.3932996907,2.34030500763,2015-01-29,,,23.0,33.0,-160.0,-150.0,,0.494024991989
2015-01-30,20.3586996914,2.41947047937,2015-01-30,,,23.0,33.0,-160.0,-150.0,,0.494024991989
2015-01-31,20.1953809451,2.44262204605,2015-01-31,0.240053788706,0.0410160297888,23.0,33.0,-160.0,-150.0,,0.494024991989
2015-02-01,20.152680946,2.45587544687,2015-02-01,,,23.0,33.0,-160.0,-150.0,,0.494024991989
2015-02-02,20.2147121947,2.45987235606,2015-02-02,,,23.0,33.0,-160.0,-150.0,,0.494024991989
2015-02-03,20.2702121934,2.36169687895,2015-02-03,,,23.0,33.0,-160.0,-150.0,,0.494024991989
2015-02-04,20.2582746937,2.33672019673,2015-02-04,,,23.0,33.0,-160.0,-150.0,,0.494024991989
2015-02-05,20.1579621959,2.36754941712,2015-02-05,,,23.0,33.0,-160.0,-150.0,,0.494024991989
2015-02-06,20.0714684478,2.38428192976,2015-02-06,,,23.0,33.0,-160.0,-150.0,,0.494024991989
2015-02-07,19.929905951,2.33966122162,2015-02-07,0.239143473694,0.0396278510873,23.0,33.0,-160.0,-150.0,,0.494024991989
2015-02-08,19.8769997022,2.3404976364,2015-02-08,,,23.0,33.0,-160.0,-150.0,,0.494024991989
2015-02-09,19.8501497028,2.35905542613,2015-02-09,,,23.0,33.0,-160.0,-150.0,,0.494024991989
2015-02-10,19.6945872063,2.33082577861,2015-02-10,,,23.0,33.0,-160.0,-150.0,,0.494024991989
2015-02-11,19.5577247093,2.33821627114,2015-02-11,,,23.0,33.0,-160.0,-150.0,,0.494024991989
2015-02-12,19.4742497112,2.33878572162,2015-02-12,,,23.0,33.0,-160.0,-150.0,,0.494024991989
2015-02-13,19.5003872106,2.35841373725,2015-02-13,,,23.0,33.0,-160.0,-150.0,,0.494024991989
2015-02-14,19.3658184636,2.2785921808,2015-02-14,0.238987790112,0.0396615121356,23.0,33.0,-160.0,-150.0,,0.494024991989
2015-02-15,19.3299497144,2.23318618527,2015-02-15,,,23.0,33.0,-160.0,-150.0,,0.494024991989
2015-02-16,19.3822434633,2.22042302078,2015-02-16,,,23.0,33.0,-160.0,-150.0,,0.494024991989
2015-02-17,19.4415872119,2.19105808177,2015-02-17,,,23.0,33.0,-160.0,-150.0,,0.494024991989
2015-02-18,19.4671059613,2.26751986466,2015-02-18,,,23.0,33.0,-160.0,-150.0,,0.494024991989
2015-02-19,19.4160684625,2.27924814245,2015-02-19,,,23.0,33.0,-160.0,-150.0,,0.494024991989
2015-02-20,19.3639309637,2.2341995049,2015-02-20,,,23.0,33.0,-160.0,-150.0,,0.494024991989
2015-02-21,19.4316059622,2.22277928988,2015-02-21,0.238995967707,0.0405027676544,23.0,33.0,-160.0,-150.0,,0.494024991989
2015-02-22,19.5451434596,2.2242709468,2015-02-22,,,23.0,33.0,-160.0,-150.0,,0.494024991989
2015-02-23,19.7102872059,2.21949425047,2015-02-23,,,23.0,33.0,-160.0,-150.0,,0.494024991989
2015-02-24,19.7628559548,2.16624262282,2015-02-24,,,23.0,33.0,-160.0,-150.0,,0.494024991989
2015-02-25,19.8241809534,2.19114472306,2015-02-25,,,23.0,33.0,-160.0,-150.0,,0.494024991989
2015-02-26,19.8487434528,2.18672039025,2015-02-26,,,23.0,33.0,-160.0,-150.0,,0.494024991989
2015-02-27,19.8678184524,2.15858237273,2015-02-27,,,23.0,33.0,-160.0,-150.0,,0.494024991989
2015-02-28,19.8128247036,2.25845900823,2015-02-28,0.238932105757,0.0413732068719,23.0,33.0,-160.0,-150.0,,0.494024991989
2015-03-01,19.8109497037,2.29340837823,2015-03-01,,,23.0,33.0,-160.0,-150.0,,0.494024991989
2015-03-02,19.8834997021,2.34033202671,2015-03-02,,,23.0,33.0,-160.0,-150.0,,0.494024991989
2015-03-03,19.8435809529,2.43368511825,2015-03-03,,,23.0,33.0,-160.0,-150.0,,0.494024991989
2015-03-04,19.8245434534,2.43584679853,2015-03-04,,,23.0,33.0,-160.0,-150.0,,0.494024991989
2015-03-05,19.7893184542,2.43525408192,2015-03-05,,,23.0,33.0,-160.0,-150.0,,0.494024991989
2015-03-06,19.6999309561,2.47254550489,2015-03-06,,,23.0,33.0,-160.0,-150.0,,0.494024991989
2015-03-07,19.6555122072,2.53206504959,2015-03-07,0.240322918072,0.0418948599923,23.0,33.0,-160.0,-150.0,,0.494024991989
2015-03-08,19.6665809569,2.51511959732,2015-03-08,,,23.0,33.0,-160.0,-150.0,,0.494024991989
2015-03-09,19.619249708,2.47354515363,2015-03-09,,,23.0,33.0,-160.0,-150.0,,0.494024991989
2015-03-10,19.5333434599,2.49709687577,2015-03-10,,,23.0,33.0,-160.0,-150.0,,0.494024991989
2015-03-11,19.5243434601,2.50643358232,2015-03-11,,,23.0,33.0,-160.0,-150.0,,0.494024991989
2015-03-12,19.4744247112,2.51547717337,2015-03-12,,,23.0,33.0,-160.0,-150.0,,0.494024991989
2015-03-13,19.395330963,2.50215021606,2015-03-13,,,23.0,33.0,-160.0,-150.0,,0.494024991989
2015-03-14,19.3787184633,2.49612978147,2015-03-14,0.242156953262,0.0430088028652,23.0,33.0,-160.0,-150.0,,0.494024991989
2015-03-15,19.4358184621,2.52535632136,2015-03-15,,,23.0,33.0,-160.0,-150.0,,0.494024991989
2015-03-16,19.4664372114,2.50990376204,2015-03-16,,,23.0,33.0,-160.0,-150.0,,0.494024991989
2015-03-17,19.4767247112,2.46929263337,2015-03-17,,,23.0,33.0,-160.0,-150.0,,0.494024991989
2015-03-18,19.5152997103,2.4805090626,2015-03-18,,,23.0,33.0,-160.0,-150.0,,0.494024991989
2015-03-19,19.4135684626,2.4910430299,2015-03-19,,,23.0,33.0,-160.0,-150.0,,0.494024991989
2015-03-20,19.2838934654,2.38607124698,2015-03-20,,,23.0,33.0,-160.0,-150.0,,0.494024991989
2015-03-21,19.3314372144,2.36776940074,2015-03-21,0.244306994032,0.0443067953568,23.0,33.0,-160.0,-150.0,,0.494024991989
2015-03-22,19.5853622087,2.39432981071,2015-03-22,,,23.0,33.0,-160.0,-150.0,,0.494024991989
2015-03-23,19.797130954,2.40762423483,2015-03-23,,,23.0,33.0,-160.0,-150.0,,0.494024991989
2015-03-24,19.8653309525,2.51485293443,2015-03-24,,,23.0,33.0,-160.0,-150.0,,0.494024991989
2015-03-25,19.8444872029,2.58960785877,2015-03-25,,,23.0,33.0,-160.0,-150.0,,0.494024991989
2015-03-26,19.839093453,2.48840428504,2015-03-26,,,23.0,33.0,-160.0,-150.0,,0.494024991989
2015-03-27,19.8813684521,2.45063062499,2015-03-27,,,23.0,33.0,-160.0,-150.0,,0.494024991989
2015-03-28,20.0778996977,2.44526859428,2015-03-28,0.245710304434,0.0454066381423,23.0,33.0,-160.0,-150.0,,0.494024991989
2015-03-29,20.1771496955,2.52776961017,2015-03-29,,,23.0,33.0,-160.0,-150.0,,0.494024991989
2015-03-30,20.1446809462,2.59352194406,2015-03-30,,,23.0,33.0,-160.0,-150.0,,0.494024991989
2015-03-31,20.109005947,2.58248438869,2015-03-31,,,23.0,33.0,-160.0,-150.0,,0.494024991989
2015-04-01,20.1811496954,2.62441777321,2015-04-01,,,23.0,33.0,-160.0,-150.0,,0.494024991989
2015-04-02,20.2594559436,2.58997930144,2015-04-02,,,23.0,33.0,-160.0,-150.0,,0.494024991989
2015-04-03,20.3826934409,2.59257510755,2015-04-03,,,23.0,33.0,-160.0,-150.0,,0.494024991989
2015-04-04,20.5765371866,2.48519830145,2015-04-04,0.245758539695,0.0450044393286,23.0,33.0,-160.0,-150.0,,0.494024991989
2015-04-05,20.7051121837,2.44793700703,2015-04-05,,,23.0,33.0,-160.0,-150.0,,0.494024991989
2015-04-06,20.8040559315,2.41793387783,2015-04-06,,,23.0,33.0,-160.0,-150.0,,0.494024991989
2015-04-07,20.87244968,2.43692829731,2015-04-07,,,23.0,33.0,-160.0,-150.0,,0.494024991989
2015-04-08,20.8345621808,2.50359247254,2015-04-08,,,23.0,33.0,-160.0,-150.0,,0.494024991989
2015-04-09,20.6507371849,2.58410810925,2015-04-09,,,23.0,33.0,-160.0,-150.0,,0.494024991989
2015-04-10,20.4334371898,2.57964462375,2015-04-10,,,23.0,33.0,-160.0,-150.0,,0.494024991989
2015-04-11,20.3224684422,2.54335189458,2015-04-11,0.245533355003,0.0448841417838,23.0,33.0,-160.0,-150.0,,0.494024991989
2015-04-12,20.2986746928,2.49422691437,2015-04-12,,,23.0,33.0,-160.0,-150.0,,0.494024991989
2015-04-13,20.3626371913,2.45959535465,2015-04-13,,,23.0,33.0,-160.0,-150.0,,0.494024991989
2015-04-14,20.4399059396,2.37007703611,2015-04-14,,,23.0,33.0,-160.0,-150.0,,0.494024991989
2015-04-15,20.4810871887,2.29000397508,2015-04-15,,,23.0,33.0,-160.0,-150.0,,0.494024991989
2015-04-16,20.5783809365,2.32739925129,2015-04-16,,,23.0,33.0,-160.0,-150.0,,0.494024991989
2015-04-17,20.7553434326,2.3222917099,2015-04-17,,,23.0,33.0,-160.0,-150.0,,0.494024991989
2015-04-18,20.8743059299,2.34181221709,2015-04-18,0.247105469982,0.0459510723118,23.0,33.0,-160.0,-150.0,,0.494024991989
2015-04-19,21.0908496751,2.1814026027,2015-04-19,,,23.0,33.0,-160.0,-150.0,,0.494024991989
2015-04-20,21.2255809221,2.1131651313,2015-04-20,,,23.0,33.0,-160.0,-150.0,,0.494024991989
2015-04-21,21.2504934215,2.07205114094,2015-04-21,,,23.0,33.0,-160.0,-150.0,,0.494024991989
2015-04-22,21.2488184215,1.95926613181,2015-04-22,,,23.0,33.0,-160.0,-150.0,,0.494024991989
2015-04-23,21.3784309186,1.88187597523,2015-04-23,,,23.0,33.0,-160.0,-150.0,,0.494024991989
2015-04-24,21.4593309168,1.8457364718,2015-04-24,,,23.0,33.0,-160.0,-150.0,,0.494024991989
2015-04-25,21.5943871638,1.82518966327,2015-04-25,0.248685704033,0.0475614498669,23.0,33.0,-160.0,-150.0,,0.494024991989
2015-04-26,21.6180559133,1.82069404411,2015-04-26,,,23.0,33.0,-160.0,-150.0,,0.494024991989
2015-04-27,21.5282121653,1.87448957778,2015-04-27,,,23.0,33.0,-160.0,-150.0,,0.494024991989
2015-04-28,21.3019684203,1.99564837316,2015-04-28,,,23.0,33.0,-160.0,-150.0,,0.494024991989
2015-04-29,21.1179434245,2.06966644188,2015-04-29,,,23.0,33.0,-160.0,-150.0,,0.494024991989
2015-04-30,21.1068871747,2.09581192137,2015-04-30,,,23.0,33.0,-160.0,-150.0,,0.494024991989
2015-05-01,21.139449674,2.08392734245,2015-05-01,,,23.0,33.0,-160.0,-150.0,,0.494024991989
2015-05-02,21.2494746715,2.09718196744,2015-05-02,0.249386855534,0.0484687144181,23.0,33.0,-160.0,-150.0,,0.494024991989
2015-05-03,21.5009121659,1.90080014934,2015-05-03,,,23.0,33.0,-160.0,-150.0,,0.494024991989
2015-05-04,21.5234059154,1.89559584869,2015-05-04,,,23.0,33.0,-160.0,-150.0,,0.494024991989
2015-05-05,21.5220871654,1.84490733605,2015-05-05,,,23.0,33.0,-160.0,-150.0,,0.494024991989
2015-05-06,21.5133184156,1.76359582228,2015-05-06,,,23.0,33.0,-160.0,-150.0,,0.494024991989
2015-05-07,21.5929746639,1.71289610067,2015-05-07,,,23.0,33.0,-160.0,-150.0,,0.494024991989
2015-05-08,21.6911184117,1.68956762401,2015-05-08,,,23.0,33.0,-160.0,-150.0,,0.494024991989
2015-05-09,21.5796871641,1.78779478892,2015-05-09,0.251340163774,0.0499181428275,23.0,33.0,-160.0,-150.0,,0.494024991989
2015-05-10,21.6253309131,1.76807895354,2015-05-10,,,23.0,33.0,-160.0,-150.0,,0.494024991989
2015-05-11,21.7253371609,1.67921085605,2015-05-11,,,23.0,33.0,-160.0,-150.0,,0.494024991989
2015-05-12,21.7624809101,1.6540272652,2015-05-12,,,23.0,33.0,-160.0,-150.0,,0.494024991989
2015-05-13,21.7249121609,1.67533316277,2015-05-13,,,23.0,33.0,-160.0,-150.0,,0.494024991989
2015-05-14,21.811255909,1.61132605247,2015-05-14,,,23.0,33.0,-160.0,-150.0,,0.494024991989
2015-05-15,22.0451684037,1.55657518775,2015-05-15,,,23.0,33.0,-160.0,-150.0,,0.494024991989
2015-05-16,22.2066184001,1.4886372244,2015-05-16,0.253119152419,0.0512214210867,23.0,33.0,-160.0,-150.0,,0.494024991989
2015-05-17,22.2855371484,1.40615033968,2015-05-17,,,23.0,33.0,-160.0,-150.0,,0.494024991989
2015-05-18,22.4300808951,1.30174094872,2015-05-18,,,23.0,33.0,-160.0,-150.0,,0.494024991989
2015-05-19,22.6389558905,1.13597634982,2015-05-19,,,23.0,33.0,-160.0,-150.0,,0.494024991989
2015-05-20,22.7649121377,1.05173727162,2015-05-20,,,23.0,33.0,-160.0,-150.0,,0.494024991989
2015-05-21,22.8221933864,1.09403887372,2015-05-21,,,23.0,33.0,-160.0,-150.0,,0.494024991989
2015-05-22,22.167805901,1.72341878684,2015-05-22,,,23.0,33.0,-160.0,-150.0,,0.494024991989
2015-05-23,21.8013746592,1.93658270736,2015-05-23,0.252988222268,0.0514275736058,23.0,33.0,-160.0,-150.0,,0.494024991989
2015-05-24,21.7366746606,1.97429801631,2015-05-24,,,23.0,33.0,-160.0,-150.0,,0.494024991989
2015-05-25,21.7947621593,1.93855842938,2015-05-25,,,23.0,33.0,-160.0,-150.0,,0.494024991989
2015-05-26,21.8627371578,1.93721429925,2015-05-26,,,23.0,33.0,-160.0,-150.0,,0.494024991989
2015-05-27,22.0188934043,1.87878362239,2015-05-27,,,23.0,33.0,-160.0,-150.0,,0.494024991989
2015-05-28,22.0298434041,1.91090568573,2015-05-28,,,23.0,33.0,-160.0,-150.0,,0.494024991989
2015-05-29,22.0162996544,1.89145724654,2015-05-29,,,23.0,33.0,-160.0,-150.0,,0.494024991989
2015-05-30,21.9815746552,1.86427186868,2015-05-30,0.253479259084,0.0513910807278,23.0,33.0,-160.0,-150.0,,0.494024991989
2015-05-31,21.9541934058,1.78052222128,2015-05-31,,,23.0,33.0,-160.0,-150.0,,0.494024991989
2015-06-01,22.1313934018,1.76119590999,2015-06-01,,,23.0,33.0,-160.0,-150.0,,0.494024991989
2015-06-02,22.3736621464,1.69286291242,2015-06-02,,,23.0,33.0,-160.0,-150.0,,0.494024991989
2015-06-03,22.5850371417,1.5508990362,2015-06-03,,,23.0,33.0,-160.0,-150.0,,0.494024991989
2015-06-04,22.8320058861,1.48994909925,2015-06-04,,,23.0,33.0,-160.0,-150.0,,0.494024991989
2015-06-05,23.0118246321,1.54227055889,2015-06-05,,,23.0,33.0,-160.0,-150.0,,0.494024991989
2015-06-06,23.1287371295,1.70319876513,2015-06-06,0.254690433103,0.0515768951057,23.0,33.0,-160.0,-150.0,,0.494024991989
2015-06-07,23.2545996267,1.88919919715,2015-06-07,,,23.0,33.0,-160.0,-150.0,,0.494024991989
2015-06-08,23.287993376,2.03440721046,2015-06-08,,,23.0,33.0,-160.0,-150.0,,0.494024991989
2015-06-09,23.2200183775,1.94764053271,2015-06-09,,,23.0,33.0,-160.0,-150.0,,0.494024991989
2015-06-10,23.0744246307,1.85682434426,2015-06-10,,,23.0,33.0,-160.0,-150.0,,0.494024991989
2015-06-11,23.0351621316,1.81451484273,2015-06-11,,,23.0,33.0,-160.0,-150.0,,0.494024991989
2015-06-12,23.1713558786,1.77372226821,2015-06-12,,,23.0,33.0,-160.0,-150.0,,0.494024991989
2015-06-13,23.6204496185,1.6783964781,2015-06-13,0.256151203227,0.0518874029445,23.0,33.0,-160.0,-150.0,,0.494024991989
2015-06-14,23.7889871148,1.58369753239,2015-06-14,,,23.0,33.0,-160.0,-150.0,,0.494024991989
2015-06-15,24.0429183591,1.57602791803,2015-06-15,,,23.0,33.0,-160.0,-150.0,,0.494024991989
2015-06-16,24.2218808551,1.47541290564,2015-06-16,,,23.0,33.0,-160.0,-150.0,,0.494024991989
2015-06-17,24.3901246013,1.4476448542,2015-06-17,,,23.0,33.0,-160.0,-150.0,,0.494024991989
2015-06-18,24.4680995996,1.48305876233,2015-06-18,,,23.0,33.0,-160.0,-150.0,,0.494024991989
2015-06-19,24.3752746017,1.69062538046,2015-06-19,,,23.0,33.0,-160.0,-150.0,,0.494024991989
2015-06-20,24.092124608,1.8884009167,2015-06-20,0.257915252123,0.051991440547,23.0,33.0,-160.0,-150.0,,0.494024991989
2015-06-21,23.8750058629,1.72749175364,2015-06-21,,,23.0,33.0,-160.0,-150.0,,0.494024991989
2015-06-22,23.8116371143,1.55238504084,2015-06-22,,,23.0,33.0,-160.0,-150.0,,0.494024991989
2015-06-23,24.0229933595,1.44359607852,2015-06-23,,,23.0,33.0,-160.0,-150.0,,0.494024991989
2015-06-24,24.3556433521,1.26853497932,2015-06-24,,,23.0,33.0,-160.0,-150.0,,0.494024991989
2015-06-25,24.3966308512,1.28286801309,2015-06-25,,,23.0,33.0,-160.0,-150.0,,0.494024991989
2015-06-26,24.4445558501,1.36195004247,2015-06-26,,,23.0,33.0,-160.0,-150.0,,0.494024991989
2015-06-27,24.6001120966,1.37385083995,2015-06-27,0.258922002348,0.0522790822305,23.0,33.0,-160.0,-150.0,,0.494024991989
2015-06-28,24.7420120934,1.43212303269,2015-06-28,,,23.0,33.0,-160.0,-150.0,,0.494024991989
2015-06-29,24.6545183454,1.534943061,2015-06-29,,,23.0,33.0,-160.0,-150.0,,0.494024991989
2015-06-30,24.5556808476,1.63198583618,2015-06-30,,,23.0,33.0,-160.0,-150.0,,0.494024991989
2015-07-01,24.4765245994,1.65384163485,2015-07-01,,,23.0,33.0,-160.0,-150.0,,0.494024991989
2015-07-02,24.4747370994,1.61042039609,2015-07-02,,,23.0,33.0,-160.0,-150.0,,0.494024991989
2015-07-03,24.5219120984,1.52495354982,2015-07-03,,,23.0,33.0,-160.0,-150.0,,0.494024991989
2015-07-04,24.6885058446,1.51981053891,2015-07-04,0.260582185319,0.0527328822506,23.0,33.0,-160.0,-150.0,,0.494024991989
2015-07-05,24.8276058415,1.41107296595,2015-07-05,,,23.0,33.0,-160.0,-150.0,,0.494024991989
2015-07-06,24.8792370904,1.31028229352,2015-07-06,,,23.0,33.0,-160.0,-150.0,,0.494024991989
2015-07-07,25.0135870874,1.15683863825,2015-07-07,,,23.0,33.0,-160.0,-150.0,,0.494024991989
2015-07-08,25.0507870866,0.966121892131,2015-07-08,,,23.0,33.0,-160.0,-150.0,,0.494024991989
2015-07-09,25.1381995846,0.787036345202,2015-07-09,,,23.0,33.0,-160.0,-150.0,,0.494024991989
2015-07-10,25.1507558343,0.789508687868,2015-07-10,,,23.0,33.0,-160.0,-150.0,,0.494024991989
2015-07-11,25.1374558346,0.84431263115,2015-07-11,0.261906378258,0.0523257130258,23.0,33.0,-160.0,-150.0,,0.494024991989
2015-07-12,25.1155433351,0.8852206913,2015-07-12,,,23.0,33.0,-160.0,-150.0,,0.494024991989
2015-07-13,25.0722558361,0.928669469947,2015-07-13,,,23.0,33.0,-160.0,-150.0,,0.494024991989
2015-07-14,24.9160933396,0.963566830414,2015-07-14,,,23.0,33.0,-160.0,-150.0,,0.494024991989
2015-07-15,24.9126183396,1.01089750212,2015-07-15,,,23.0,33.0,-160.0,-150.0,,0.494024991989
2015-07-16,25.1113683352,0.901839381189,2015-07-16,,,23.0,33.0,-160.0,-150.0,,0.494024991989
2015-07-17,25.1555933342,0.81992440656,2015-07-17,,,23.0,33.0,-160.0,-150.0,,0.494024991989
2015-07-18,25.3490808299,0.855008060737,2015-07-18,0.264334039387,0.0519278675649,23.0,33.0,-160.0,-150.0,,0.494024991989
2015-07-19,25.1736183338,0.987060913329,2015-07-19,,,23.0,33.0,-160.0,-150.0,,0.494024991989
2015-07-20,25.1068245853,1.06224470981,2015-07-20,,,23.0,33.0,-160.0,-150.0,,0.494024991989
2015-07-21,25.0545370865,1.15221476159,2015-07-21,,,23.0,33.0,-160.0,-150.0,,0.494024991989
2015-07-22,25.0813370859,1.25901176728,2015-07-22,,,23.0,33.0,-160.0,-150.0,,0.494024991989
2015-07-23,25.1428308345,1.32983980829,2015-07-23,,,23.0,33.0,-160.0,-150.0,,0.494024991989
2015-07-24,25.163312084,1.33965803305,2015-07-24,,,23.0,33.0,-160.0,-150.0,,0.494024991989
2015-07-25,25.1089995853,1.33004577346,2015-07-25,0.266937129656,0.0514449372616,23.0,33.0,-160.0,-150.0,,0.494024991989
2015-07-26,25.0956683356,1.32444514337,2015-07-26,,,23.0,33.0,-160.0,-150.0,,0.494024991989
2015-07-27,25.1285933348,1.29716715054,2015-07-27,,,23.0,33.0,-160.0,-150.0,,0.494024991989
2015-07-28,25.3286933303,1.33354947486,2015-07-28,,,23.0,33.0,-160.0,-150.0,,0.494024991989
2015-07-29,25.4414495778,1.28847782368,2015-07-29,,,23.0,33.0,-160.0,-150.0,,0.494024991989
2015-07-30,25.4676995772,1.2142524412,2015-07-30,,,23.0,33.0,-160.0,-150.0,,0.494024991989
2015-07-31,25.5256120759,1.17012335841,2015-07-31,,,23.0,33.0,-160.0,-150.0,,0.494024991989
2015-08-01,25.5751808248,1.19468356441,2015-08-01,0.269347725238,0.0507541643166,23.0,33.0,-160.0,-150.0,,0.494024991989
2015-08-02,25.5018995765,1.23497913707,2015-08-02,,,23.0,33.0,-160.0,-150.0,,0.494024991989
2015-08-03,25.4195620783,1.2001572493,2015-08-03,,,23.0,33.0,-160.0,-150.0,,0.494024991989
2015-08-04,25.3277120804,1.14296479839,2015-08-04,,,23.0,33.0,-160.0,-150.0,,0.494024991989
2015-08-05,25.2804433314,1.06438083573,2015-08-05,,,23.0,33.0,-160.0,-150.0,,0.494024991989
2015-08-06,25.3188620806,1.03060762678,2015-08-06,,,23.0,33.0,-160.0,-150.0,,0.494024991989
2015-08-07,25.5115245763,1.00822765248,2015-08-07,,,23.0,33.0,-160.0,-150.0,,0.494024991989
2015-08-08,25.6093745741,0.980755161652,2015-08-08,0.270367389431,0.0494717051889,23.0,33.0,-160.0,-150.0,,0.494024991989
2015-08-09,25.5976245743,0.93821969566,2015-08-09,,,23.0,33.0,-160.0,-150.0,,0.494024991989
2015-08-10,25.6187183239,0.859068152237,2015-08-10,,,23.0,33.0,-160.0,-150.0,,0.494024991989
2015-08-11,25.6701870727,0.812838429115,2015-08-11,,,23.0,33.0,-160.0,-150.0,,0.494024991989
2015-08-12,25.8043995697,0.781271630767,2015-08-12,,,23.0,33.0,-160.0,-150.0,,0.494024991989
2015-08-13,25.9065495674,0.74679916731,2015-08-13,,,23.0,33.0,-160.0,-150.0,,0.494024991989
2015-08-14,25.9655370661,0.729436326135,2015-08-14,,,23.0,33.0,-160.0,-150.0,,0.494024991989
2015-08-15,25.9455620666,0.720462920689,2015-08-15,0.271243128309,0.0483974727531,23.0,33.0,-160.0,-150.0,,0.494024991989
2015-08-16,25.9397620667,0.737626034881,2015-08-16,,,23.0,33.0,-160.0,-150.0,,0.494024991989
2015-08-17,25.9321308169,0.781175829199,2015-08-17,,,23.0,33.0,-160.0,-150.0,,0.494024991989
2015-08-18,26.0037433153,0.733073947062,2015-08-18,,,23.0,33.0,-160.0,-150.0,,0.494024991989
2015-08-19,25.9641558161,0.706381720998,2015-08-19,,,23.0,33.0,-160.0,-150.0,,0.494024991989
2015-08-20,25.9147183172,0.742779728983,2015-08-20,,,23.0,33.0,-160.0,-150.0,,0.494024991989
2015-08-21,25.8879308178,0.78069778051,2015-08-21,,,23.0,33.0,-160.0,-150.0,,0.494024991989
2015-08-22,25.9002808176,0.762538478989,2015-08-22,0.27153335113,0.0472360700086,23.0,33.0,-160.0,-150.0,,0.494024991989
2015-08-23,25.9615870662,0.781356716966,2015-08-23,,,23.0,33.0,-160.0,-150.0,,0.494024991989
2015-08-24,26.0042245653,0.786984893195,2015-08-24,,,23.0,33.0,-160.0,-150.0,,0.494024991989
2015-08-25,26.105874563,0.918129300054,2015-08-25,,,23.0,33.0,-160.0,-150.0,,0.494024991989
2015-08-26,26.1315870624,1.03335490696,2015-08-26,,,23.0,33.0,-160.0,-150.0,,0.494024991989
2015-08-27,26.150499562,1.05752581849,2015-08-27,,,23.0,33.0,-160.0,-150.0,,0.494024991989
2015-08-28,26.1225745626,1.03527247377,2015-08-28,,,23.0,33.0,-160.0,-150.0,,0.494024991989
2015-08-29,26.1324183124,1.04435637873,2015-08-29,0.271955716637,0.0463238362235,23.0,33.0,-160.0,-150.0,,0.494024991989
2015-08-30,26.1347870623,1.02882558604,2015-08-30,,,23.0,33.0,-160.0,-150.0,,0.494024991989
2015-08-31,26.1456995621,0.950326936735,2015-08-31,,,23.0,33.0,-160.0,-150.0,,0.494024991989
2015-09-01,25.9210183171,0.963202994133,2015-09-01,,,23.0,33.0,-160.0,-150.0,,0.494024991989
2015-09-02,26.0444808144,0.931049935465,2015-09-02,,,23.0,33.0,-160.0,-150.0,,0.494024991989
2015-09-03,26.014087065,0.878079315207,2015-09-03,,,23.0,33.0,-160.0,-150.0,,0.494024991989
2015-09-04,26.0622183139,0.888255249066,2015-09-04,,,23.0,33.0,-160.0,-150.0,,0.494024991989
2015-09-05,26.1072933129,0.901901152966,2015-09-05,0.271847286969,0.0445547477815,23.0,33.0,-160.0,-150.0,,0.494024991989
2015-09-06,26.1091058129,0.908011345391,2015-09-06,,,23.0,33.0,-160.0,-150.0,,0.494024991989
2015-09-07,26.0807995635,0.906381793567,2015-09-07,,,23.0,33.0,-160.0,-150.0,,0.494024991989
2015-09-08,25.9977433154,0.933009560711,2015-09-08,,,23.0,33.0,-160.0,-150.0,,0.494024991989
2015-09-09,25.9050995675,0.880223949042,2015-09-09,,,23.0,33.0,-160.0,-150.0,,0.494024991989
2015-09-10,25.8444558188,0.810293259393,2015-09-10,,,23.0,33.0,-160.0,-150.0,,0.494024991989
2015-09-11,25.8578995685,0.845275149324,2015-09-11,,,23.0,33.0,-160.0,-150.0,,0.494024991989
2015-09-12,25.838512069,0.840302046319,2015-09-12,0.271726926033,0.0431785500697,23.0,33.0,-160.0,-150.0,,0.494024991989
2015-09-13,25.748980821,0.883212732262,2015-09-13,,,23.0,33.0,-160.0,-150.0,,0.494024991989
2015-09-14,25.5899558245,0.908848909693,2015-09-14,,,23.0,33.0,-160.0,-150.0,,0.494024991989
2015-09-15,25.3014433309,0.867335738592,2015-09-15,,,23.0,33.0,-160.0,-150.0,,0.494024991989
2015-09-16,25.2701683317,0.888251190827,2015-09-16,,,23.0,33.0,-160.0,-150.0,,0.494024991989
2015-09-17,25.3045995809,0.896208570994,2015-09-17,,,23.0,33.0,-160.0,-150.0,,0.494024991989
2015-09-18,25.3637995796,0.887748754382,2015-09-18,,,23.0,33.0,-160.0,-150.0,,0.494024991989
2015-09-19,25.4248558282,0.864634355115,2015-09-19,0.272272185099,0.0428496706599,23.0,33.0,-160.0,-150.0,,0.494024991989
2015-09-20,25.4269870781,0.86240127069,2015-09-20,,,23.0,33.0,-160.0,-150.0,,0.494024991989
2015-09-21,25.4133058285,0.862180283297,2015-09-21,,,23.0,33.0,-160.0,-150.0,,0.494024991989
2015-09-22,25.3703183294,0.895764117595,2015-09-22,,,23.0,33.0,-160.0,-150.0,,0.494024991989
2015-09-23,25.4634308273,0.924980344801,2015-09-23,,,23.0,33.0,-160.0,-150.0,,0.494024991989
2015-09-24,25.5057620764,0.886535582884,2015-09-24,,,23.0,33.0,-160.0,-150.0,,0.494024991989
2015-09-25,25.3934870789,0.972191486627,2015-09-25,,,23.0,33.0,-160.0,-150.0,,0.494024991989
2015-09-26,25.2437308323,0.973069128313,2015-09-26,0.272652616948,0.0427250781751,23.0,33.0,-160.0,-150.0,,0.494024991989
2015-09-27,25.1405995845,0.939501301058,2015-09-27,,,23.0,33.0,-160.0,-150.0,,0.494024991989
2015-09-28,25.0344620869,0.905229781194,2015-09-28,,,23.0,33.0,-160.0,-150.0,,0.494024991989
2015-09-29,25.0279558371,0.874465691623,2015-09-29,,,23.0,33.0,-160.0,-150.0,,0.494024991989
2015-09-30,25.0573933364,0.880813672568,2015-09-30,,,23.0,33.0,-160.0,-150.0,,0.494024991989
2015-10-01,25.0427120867,0.933734394461,2015-10-01,,,23.0,33.0,-160.0,-150.0,,0.494024991989
2015-10-02,25.032524587,0.992583434747,2015-10-02,,,23.0,33.0,-160.0,-150.0,,0.494024991989
2015-10-03,25.0681308362,1.03285961427,2015-10-03,0.27196640354,0.0426513476144,23.0,33.0,-160.0,-150.0,,0.494024991989
2015-10-04,25.0661933362,1.04663038271,2015-10-04,,,23.0,33.0,-160.0,-150.0,,0.494024991989
2015-10-05,25.0848120858,1.02106434828,2015-10-05,,,23.0,33.0,-160.0,-150.0,,0.494024991989
2015-10-06,24.9579558386,0.951369209474,2015-10-06,,,23.0,33.0,-160.0,-150.0,,0.494024991989
2015-10-07,24.8462870911,0.94953161735,2015-10-07,,,23.0,33.0,-160.0,-150.0,,0.494024991989
2015-10-08,24.717599594,1.09355341248,2015-10-08,,,23.0,33.0,-160.0,-150.0,,0.494024991989
2015-10-09,24.6562308454,1.20141006547,2015-10-09,,,23.0,33.0,-160.0,-150.0,,0.494024991989
2015-10-10,24.6986058444,1.24403045102,2015-10-10,0.271208729434,0.0429270949958,23.0,33.0,-160.0,-150.0,,0.494024991989
2015-10-11,24.718337094,1.25598061427,2015-10-11,,,23.0,33.0,-160.0,-150.0,,0.494024991989
2015-10-12,24.7472683433,1.31427211479,2015-10-12,,,23.0,33.0,-160.0,-150.0,,0.494024991989
2015-10-13,24.6836870948,1.33453149947,2015-10-13,,,23.0,33.0,-160.0,-150.0,,0.494024991989
2015-10-14,24.6103745964,1.37028259119,2015-10-14,,,23.0,33.0,-160.0,-150.0,,0.494024991989
2015-10-15,24.4793808493,1.40227249209,2015-10-15,,,23.0,33.0,-160.0,-150.0,,0.494024991989
2015-10-16,24.4008746011,1.37807184221,2015-10-16,,,23.0,33.0,-160.0,-150.0,,0.494024991989
2015-10-17,24.3094496031,1.33740404999,2015-10-17,0.270523097881,0.0432648213795,23.0,33.0,-160.0,-150.0,,0.494024991989
2015-10-18,24.2769996039,1.36565905593,2015-10-18,,,23.0,33.0,-160.0,-150.0,,0.494024991989
2015-10-19,24.3504246022,1.42972571057,2015-10-19,,,23.0,33.0,-160.0,-150.0,,0.494024991989
2015-10-20,24.406380851,1.4428866234,2015-10-20,,,23.0,33.0,-160.0,-150.0,,0.494024991989
2015-10-21,24.3989371011,1.40739842966,2015-10-21,,,23.0,33.0,-160.0,-150.0,,0.494024991989
2015-10-22,24.4409746002,1.47330831839,2015-10-22,,,23.0,33.0,-160.0,-150.0,,0.494024991989
2015-10-23,24.5482870978,1.60630143143,2015-10-23,,,23.0,33.0,-160.0,-150.0,,0.494024991989
2015-10-24,24.5552433476,1.62659500994,2015-10-24,0.269903990924,0.0430650492915,23.0,33.0,-160.0,-150.0,,0.494024991989
2015-10-25,24.4975433489,1.63935228823,2015-10-25,,,23.0,33.0,-160.0,-150.0,,0.494024991989
2015-10-26,24.4017683511,1.61169660981,2015-10-26,,,23.0,33.0,-160.0,-150.0,,0.494024991989
2015-10-27,24.3207371029,1.516247023,2015-10-27,,,23.0,33.0,-160.0,-150.0,,0.494024991989
2015-10-28,24.3783621016,1.43652647541,2015-10-28,,,23.0,33.0,-160.0,-150.0,,0.494024991989
2015-10-29,24.4198496007,1.34972842257,2015-10-29,,,23.0,33.0,-160.0,-150.0,,0.494024991989
2015-10-30,24.4881620991,1.37562934581,2015-10-30,,,23.0,33.0,-160.0,-150.0,,0.494024991989
2015-10-31,24.6640683452,1.38206557363,2015-10-31,0.269382296371,0.0424418498029,23.0,33.0,-160.0,-150.0,,0.494024991989
2015-11-01,24.7591183431,1.37528975622,2015-11-01,,,23.0,33.0,-160.0,-150.0,,0.494024991989
2015-11-02,24.7022995943,1.44717452177,2015-11-02,,,23.0,33.0,-160.0,-150.0,,0.494024991989
2015-11-03,24.6156058463,1.43709861887,2015-11-03,,,23.0,33.0,-160.0,-150.0,,0.494024991989
2015-11-04,24.5219620984,1.37141950991,2015-11-04,,,23.0,33.0,-160.0,-150.0,,0.494024991989
2015-11-05,24.5513995977,1.35484464255,2015-11-05,,,23.0,33.0,-160.0,-150.0,,0.494024991989
2015-11-06,24.5316933482,1.40628234733,2015-11-06,,,23.0,33.0,-160.0,-150.0,,0.494024991989
2015-11-07,24.4900308491,1.43293657357,2015-11-07,0.269631628614,0.0418658852466,23.0,33.0,-160.0,-150.0,,0.494024991989
2015-11-08,24.4306933504,1.47773533693,2015-11-08,,,23.0,33.0,-160.0,-150.0,,0.494024991989
2015-11-09,24.269637104,1.5136675086,2015-11-09,,,23.0,33.0,-160.0,-150.0,,0.494024991989
2015-11-10,24.1828871059,1.43808580345,2015-11-10,,,23.0,33.0,-160.0,-150.0,,0.494024991989
2015-11-11,24.0523183589,1.3804536091,2015-11-11,,,23.0,33.0,-160.0,-150.0,,0.494024991989
2015-11-12,23.9033746122,1.3844296018,2015-11-12,,,23.0,33.0,-160.0,-150.0,,0.494024991989
2015-11-13,23.7908933647,1.34940279886,2015-11-13,,,23.0,33.0,-160.0,-150.0,,0.494024991989
2015-11-14,23.7455871157,1.30060141836,2015-11-14,0.269992455739,0.0415907258592,23.0,33.0,-160.0,-150.0,,0.494024991989
2015-11-15,23.687424617,1.25718976183,2015-11-15,,,23.0,33.0,-160.0,-150.0,,0.494024991989
2015-11-16,23.6679183675,1.26380838353,2015-11-16,,,23.0,33.0,-160.0,-150.0,,0.494024991989
2015-11-17,23.6967433668,1.27100945354,2015-11-17,,,23.0,33.0,-160.0,-150.0,,0.494024991989
2015-11-18,23.7648183653,1.26190724875,2015-11-18,,,23.0,33.0,-160.0,-150.0,,0.494024991989
2015-11-19,23.7648558653,1.26115675384,2015-11-19,,,23.0,33.0,-160.0,-150.0,,0.494024991989
2015-11-20,23.7585058654,1.27878380475,2015-11-20,,,23.0,33.0,-160.0,-150.0,,0.494024991989
2015-11-21,23.6758621173,1.36167190669,2015-11-21,0.269710848661,0.0417019494333,23.0,33.0,-160.0,-150.0,,0.494024991989
2015-11-22,23.5374996204,1.36955058429,2015-11-22,,,23.0,33.0,-160.0,-150.0,,0.494024991989
2015-11-23,23.5472371202,1.37398745708,2015-11-23,,,23.0,33.0,-160.0,-150.0,,0.494024991989
2015-11-24,23.6032746189,1.38818410856,2015-11-24,,,23.0,33.0,-160.0,-150.0,,0.494024991989
2015-11-25,23.5671933697,1.37662168183,2015-11-25,,,23.0,33.0,-160.0,-150.0,,0.494024991989
2015-11-26,23.5302683705,1.38409312725,2015-11-26,,,23.0,33.0,-160.0,-150.0,,0.494024991989
2015-11-27,23.5369058704,1.39422856853,2015-11-27,,,23.0,33.0,-160.0,-150.0,,0.494024991989
2015-11-28,23.5803621194,1.40392867457,2015-11-28,0.269371803047,0.0419063590823,23.0,33.0,-160.0,-150.0,,0.494024991989
2015-11-29,23.6065621188,1.43267976339,2015-11-29,,,23.0,33.0,-160.0,-150.0,,0.494024991989
2015-11-30,23.5729058696,1.41443807744,2015-11-30,,,23.0,33.0,-160.0,-150.0,,0.494024991989
2015-12-01,23.4694121219,1.48347613387,2015-12-01,,,23.0,33.0,-160.0,-150.0,,0.494024991989
2015-12-02,23.3650496242,1.58070653694,2015-12-02,,,23.0,33.0,-160.0,-150.0,,0.494024991989
2015-12-03,23.2826246261,1.59574238879,2015-12-03,,,23.0,33.0,-160.0,-150.0,,0.494024991989
2015-12-04,23.3072058755,1.52955633747,2015-12-04,,,23.0,33.0,-160.0,-150.0,,0.494024991989
2015-12-05,23.3796996239,1.54640161928,2015-12-05,0.268662009312,0.0424475630878,23.0,33.0,-160.0,-150.0,,0.494024991989
2015-12-06,23.4342308727,1.56399759898,2015-12-06,,,23.0,33.0,-160.0,-150.0,,0.494024991989
2015-12-07,23.3812371239,1.53933553226,2015-12-07,,,23.0,33.0,-160.0,-150.0,,0.494024991989
2015-12-08,23.3694121241,1.56202951342,2015-12-08,,,23.0,33.0,-160.0,-150.0,,0.494024991989
2015-12-09,23.3135183754,1.59113600374,2015-12-09,,,23.0,33.0,-160.0,-150.0,,0.494024991989
2015-12-10,23.197912128,1.59755895463,2015-12-10,,,23.0,33.0,-160.0,-150.0,,0.494024991989
2015-12-11,23.1699246286,1.59854137503,2015-12-11,,,23.0,33.0,-160.0,-150.0,,0.494024991989
2015-12-12,23.2000933779,1.61712485795,2015-12-12,0.267911362641,0.0424856737991,23.0,33.0,-160.0,-150.0,,0.494024991989
2015-12-13,23.239980877,1.62715926883,2015-12-13,,,23.0,33.0,-160.0,-150.0,,0.494024991989
2015-12-14,23.2697246264,1.62935109393,2015-12-14,,,23.0,33.0,-160.0,-150.0,,0.494024991989
2015-12-15,23.3011058757,1.6348869005,2015-12-15,,,23.0,33.0,-160.0,-150.0,,0.494024991989
2015-12-16,23.2913058759,1.60601290796,2015-12-16,,,23.0,33.0,-160.0,-150.0,,0.494024991989
2015-12-17,23.2384121271,1.57024607863,2015-12-17,,,23.0,33.0,-160.0,-150.0,,0.494024991989
2015-12-18,23.1542121289,1.63360718679,2015-12-18,,,23.0,33.0,-160.0,-150.0,,0.494024991989
2015-12-19,22.9901121326,1.60288488626,2015-12-19,0.267463084927,0.0421652308623,23.0,33.0,-160.0,-150.0,,0.494024991989
2015-12-20,22.7656246376,1.54482184783,2015-12-20,,,23.0,33.0,-160.0,-150.0,,0.494024991989
2015-12-21,22.6977371392,1.56013436926,2015-12-21,,,23.0,33.0,-160.0,-150.0,,0.494024991989
2015-12-22,22.6324308906,1.57512653063,2015-12-22,,,23.0,33.0,-160.0,-150.0,,0.494024991989
2015-12-23,22.6796058896,1.57109765194,2015-12-23,,,23.0,33.0,-160.0,-150.0,,0.494024991989
2015-12-24,22.6304058907,1.53226890753,2015-12-24,,,23.0,33.0,-160.0,-150.0,,0.494024991989
2015-12-25,22.6005371413,1.58320422391,2015-12-25,,,23.0,33.0,-160.0,-150.0,,0.494024991989
2015-12-26,22.7311371384,1.43097596782,2015-12-26,0.267958267949,0.0424733603278,23.0,33.0,-160.0,-150.0,,0.494024991989
2015-12-27,22.5776871418,1.54003042059,2015-12-27,,,23.0,33.0,-160.0,-150.0,,0.494024991989
2015-12-28,22.3886371461,1.71244814262,2015-12-28,,,23.0,33.0,-160.0,-150.0,,0.494024991989
2015-12-29,22.3836308962,1.66589315973,2015-12-29,,,23.0,33.0,-160.0,-150.0,,0.494024991989
2015-12-30,22.3131871477,1.61914816209,2015-12-30,,,23.0,33.0,-160.0,-150.0,,0.494024991989
2015-12-31,22.301362148,1.5589277935,2015-12-31,,,23.0,33.0,-160.0,-150.0,,0.494024991989
2016-01-01,22.2311933996,1.66781070752,2016-01-01,,,23.0,33.0,-160.0,-150.0,,0.494024991989
2016-01-02,22.1078059023,1.73466022876,2016-01-02,0.266794031034,0.042592863162,23.0,33.0,-160.0,-150.0,,0.494024991989
2016-01-03,21.9246121564,1.79332912606,2016-01-03,,,23.0,33.0,-160.0,-150.0,,0.494024991989
2016-01-04,21.7380309106,1.85424847133,2016-01-04,,,23.0,33.0,-160.0,-150.0,,0.494024991989
2016-01-05,21.7998434092,1.88045772893,2016-01-05,,,23.0,33.0,-160.0,-150.0,,0.494024991989
2016-01-06,21.9106746567,1.8657453796,2016-01-06,,,23.0,33.0,-160.0,-150.0,,0.494024991989
2016-01-07,21.9261684064,1.90615197234,2016-01-07,,,23.0,33.0,-160.0,-150.0,,0.494024991989
2016-01-08,21.8426434083,1.95757343154,2016-01-08,,,23.0,33.0,-160.0,-150.0,,0.494024991989
2016-01-09,21.76439341,1.96093342077,2016-01-09,0.266141008121,0.0425333178802,23.0,33.0,-160.0,-150.0,,0.494024991989
2016-01-10,21.676087162,1.94574724523,2016-01-10,,,23.0,33.0,-160.0,-150.0,,0.494024991989
2016-01-11,21.7149434111,2.00259258313,2016-01-11,,,23.0,33.0,-160.0,-150.0,,0.494024991989
2016-01-12,21.7355746607,2.04810526689,2016-01-12,,,23.0,33.0,-160.0,-150.0,,0.494024991989
2016-01-13,21.8184309088,2.03712599012,2016-01-13,,,23.0,33.0,-160.0,-150.0,,0.494024991989
2016-01-14,21.8385746584,2.06506532425,2016-01-14,,,23.0,33.0,-160.0,-150.0,,0.494024991989
2016-01-15,21.6906246617,2.04810019851,2016-01-15,,,23.0,33.0,-160.0,-150.0,,0.494024991989
2016-01-16,21.6693621621,2.09663880451,2016-01-16,0.265266714149,0.0418396325569,23.0,33.0,-160.0,-150.0,,0.494024991989
2016-01-17,21.6675434122,2.0928453545,2016-01-17,,,23.0,33.0,-160.0,-150.0,,0.494024991989
2016-01-18,21.5261184153,2.17729394047,2016-01-18,,,23.0,33.0,-160.0,-150.0,,0.494024991989
2016-01-19,21.496399666,2.15558223553,2016-01-19,,,23.0,33.0,-160.0,-150.0,,0.494024991989
2016-01-20,21.3857184185,2.21593391304,2016-01-20,,,23.0,33.0,-160.0,-150.0,,0.494024991989
2016-01-21,21.4293684175,2.2852679344,2016-01-21,,,23.0,33.0,-160.0,-150.0,,0.494024991989
2016-01-22,21.4584809169,2.23509508084,2016-01-22,,,23.0,33.0,-160.0,-150.0,,0.494024991989
2016-01-23,21.4313684174,2.13448361284,2016-01-23,0.264295626491,0.0409613100668,23.0,33.0,-160.0,-150.0,,0.494024991989
2016-01-24,21.494749666,2.13783420097,2016-01-24,,,23.0,33.0,-160.0,-150.0,,0.494024991989
2016-01-25,21.540612165,2.13710323382,2016-01-25,,,23.0,33.0,-160.0,-150.0,,0.494024991989
2016-01-26,21.5069809158,2.16110746079,2016-01-26,,,23.0,33.0,-160.0,-150.0,,0.494024991989
2016-01-27,21.4036309181,2.11357074813,2016-01-27,,,23.0,33.0,-160.0,-150.0,,0.494024991989
2016-01-28,21.3082434202,2.13885244681,2016-01-28,,,23.0,33.0,-160.0,-150.0,,0.494024991989
2016-01-29,21.2198059222,2.14923300506,2016-01-29,,,23.0,33.0,-160.0,-150.0,,0.494024991989
2016-01-30,21.1605871735,2.11670877658,2016-01-30,0.264243573288,0.0410334640798,23.0,33.0,-160.0,-150.0,,0.494024991989
2016-01-31,21.2620559212,2.16231040295,2016-01-31,,,23.0,33.0,-160.0,-150.0,,0.494024991989
2016-02-01,21.2579934213,2.29995761197,2016-02-01,,,23.0,33.0,-160.0,-150.0,,0.494024991989
2016-02-02,21.1291184242,2.24634668513,2016-02-02,,,23.0,33.0,-160.0,-150.0,,0.494024991989
2016-02-03,21.0662434256,2.13576184484,2016-02-03,,,23.0,33.0,-160.0,-150.0,,0.494024991989
2016-02-04,21.1150871745,2.1020585625,2016-02-04,,,23.0,33.0,-160.0,-150.0,,0.494024991989
2016-02-05,21.1442684239,2.18201532557,2016-02-05,,,23.0,33.0,-160.0,-150.0,,0.494024991989
2016-02-06,21.0323059264,2.21689223684,2016-02-06,0.264455000323,0.0410634465016,23.0,33.0,-160.0,-150.0,,0.494024991989
2016-02-07,20.8093309314,2.24426369569,2016-02-07,,,23.0,33.0,-160.0,-150.0,,0.494024991989
2016-02-08,20.5719809367,2.23903919376,2016-02-08,,,23.0,33.0,-160.0,-150.0,,0.494024991989
2016-02-09,20.5240059377,2.3562215546,2016-02-09,,,23.0,33.0,-160.0,-150.0,,0.494024991989
2016-02-10,20.5501246871,2.4472347152,2016-02-10,,,23.0,33.0,-160.0,-150.0,,0.494024991989
2016-02-11,20.689080934,2.40200625642,2016-02-11,,,23.0,33.0,-160.0,-150.0,,0.494024991989
2016-02-12,20.7103621836,2.39452174333,2016-02-12,,,23.0,33.0,-160.0,-150.0,,0.494024991989
2016-02-13,20.7307309331,2.36196703237,2016-02-13,0.265413690992,0.0415072703711,23.0,33.0,-160.0,-150.0,,0.494024991989
2016-02-14,20.5966559361,2.38256996377,2016-02-14,,,23.0,33.0,-160.0,-150.0,,0.494024991989
2016-02-15,20.8409434307,2.41258496044,2016-02-15,,,23.0,33.0,-160.0,-150.0,,0.494024991989
2016-02-16,20.7860871819,2.4573389786,2016-02-16,,,23.0,33.0,-160.0,-150.0,,0.494024991989
2016-02-17,20.7016746838,2.4581339172,2016-02-17,,,23.0,33.0,-160.0,-150.0,,0.494024991989
2016-02-18,20.689812184,2.45497598304,2016-02-18,,,23.0,33.0,-160.0,-150.0,,0.494024991989
2016-02-19,20.690599684,2.48516660956,2016-02-19,,,23.0,33.0,-160.0,-150.0,,0.494024991989
2016-02-20,20.7010059338,2.50744389086,2016-02-20,0.265716657448,0.0410428394246,23.0,33.0,-160.0,-150.0,,0.494024991989
2016-02-21,20.6268809354,2.65226826555,2016-02-21,,,23.0,33.0,-160.0,-150.0,,0.494024991989
2016-02-22,20.3514246916,2.65400964181,2016-02-22,,,23.0,33.0,-160.0,-150.0,,0.494024991989
2016-02-23,20.2579871937,2.60486334671,2016-02-23,,,23.0,33.0,-160.0,-150.0,,0.494024991989
2016-02-24,20.2771184433,2.57860423722,2016-02-24,,,23.0,33.0,-160.0,-150.0,,0.494024991989
2016-02-25,20.2697871934,2.59726451444,2016-02-25,,,23.0,33.0,-160.0,-150.0,,0.494024991989
2016-02-26,20.1825934454,2.68341521976,2016-02-26,,,23.0,33.0,-160.0,-150.0,,0.494024991989
2016-02-27,20.2191184446,2.76539249293,2016-02-27,0.267518108901,0.0415180342858,23.0,33.0,-160.0,-150.0,,0.494024991989
2016-02-28,20.2600809436,2.80826262606,2016-02-28,,,23.0,33.0,-160.0,-150.0,,0.494024991989
2016-02-29,20.1807996954,2.85299132904,2016-02-29,,,23.0,33.0,-160.0,-150.0,,0.494024991989
2016-03-01,20.0456934484,2.92084959479,2016-03-01,,,23.0,33.0,-160.0,-150.0,,0.494024991989
2016-03-02,19.8443184529,2.94864867127,2016-03-02,,,23.0,33.0,-160.0,-150.0,,0.494024991989
2016-03-03,19.8303559532,2.94135784516,2016-03-03,,,23.0,33.0,-160.0,-150.0,,0.494024991989
2016-03-04,19.8348434531,2.97831310043,2016-03-04,,,23.0,33.0,-160.0,-150.0,,0.494024991989
2016-03-05,19.8226872034,2.99914737174,2016-03-05,0.271381010308,0.0433210002036,23.0,33.0,-160.0,-150.0,,0.494024991989
2016-03-06,19.9743997,3.04018639525,2016-03-06,,,23.0,33.0,-160.0,-150.0,,0.494024991989
2016-03-07,20.1704184456,3.0459381341,2016-03-07,,,23.0,33.0,-160.0,-150.0,,0.494024991989
2016-03-08,20.1587121959,3.09533751218,2016-03-08,,,23.0,33.0,-160.0,-150.0,,0.494024991989
2016-03-09,19.9722997001,3.06963878155,2016-03-09,,,23.0,33.0,-160.0,-150.0,,0.494024991989
2016-03-10,19.8546934527,3.01145804464,2016-03-10,,,23.0,33.0,-160.0,-150.0,,0.494024991989
2016-03-11,19.8614184525,2.94470323295,2016-03-11,,,23.0,33.0,-160.0,-150.0,,0.494024991989
2016-03-12,20.0706246979,2.85905470304,2016-03-12,0.274632767417,0.0459300510871,23.0,33.0,-160.0,-150.0,,0.494024991989
2016-03-13,20.2608434436,2.79264520144,2016-03-13,,,23.0,33.0,-160.0,-150.0,,0.494024991989
2016-03-14,20.4087934403,2.69546817888,2016-03-14,,,23.0,33.0,-160.0,-150.0,,0.494024991989
2016-03-15,20.4493746894,2.64823756823,2016-03-15,,,23.0,33.0,-160.0,-150.0,,0.494024991989
2016-03-16,20.2087434448,2.77277654618,2016-03-16,,,23.0,33.0,-160.0,-150.0,,0.494024991989
2016-03-17,19.9180247013,2.76676032502,2016-03-17,,,23.0,33.0,-160.0,-150.0,,0.494024991989
2016-03-18,19.9178122013,2.79244580112,2016-03-18,,,23.0,33.0,-160.0,-150.0,,0.494024991989
2016-03-19,19.9116122014,2.80716637902,2016-03-19,0.276943144716,0.0472740410455,23.0,33.0,-160.0,-150.0,,0.494024991989
2016-03-20,19.9127559514,2.79878878361,2016-03-20,,,23.0,33.0,-160.0,-150.0,,0.494024991989
2016-03-21,19.9461997006,2.77405246086,2016-03-21,,,23.0,33.0,-160.0,-150.0,,0.494024991989
2016-03-22,20.1405309463,2.78821651479,2016-03-22,,,23.0,33.0,-160.0,-150.0,,0.494024991989
2016-03-23,20.2644809435,2.80997145835,2016-03-23,,,23.0,33.0,-160.0,-150.0,,0.494024991989
2016-03-24,20.3723184411,2.79395344548,2016-03-24,,,23.0,33.0,-160.0,-150.0,,0.494024991989
2016-03-25,20.2999184428,2.94671491868,2016-03-25,,,23.0,33.0,-160.0,-150.0,,0.494024991989
2016-03-26,20.5206684378,2.81540827725,2016-03-26,0.277920897518,0.0483421705141,23.0,33.0,-160.0,-150.0,,0.494024991989
2016-03-27,20.6815059342,2.79452622979,2016-03-27,,,23.0,33.0,-160.0,-150.0,,0.494024991989
2016-03-28,20.7615059324,2.83726029937,2016-03-28,,,23.0,33.0,-160.0,-150.0,,0.494024991989
2016-03-29,20.5930246862,2.79635325368,2016-03-29,,,23.0,33.0,-160.0,-150.0,,0.494024991989
2016-03-30,20.2836559431,2.79014931437,2016-03-30,,,23.0,33.0,-160.0,-150.0,,0.494024991989
2016-03-31,20.2729371933,2.83536897704,2016-03-31,,,23.0,33.0,-160.0,-150.0,,0.494024991989
2016-04-01,20.4290309399,2.9558439263,2016-04-01,,,23.0,33.0,-160.0,-150.0,,0.494024991989
2016-04-02,20.5282059376,3.00958147225,2016-04-02,0.278323452219,0.0491722110929,23.0,33.0,-160.0,-150.0,,0.494024991989
2016-04-03,20.6605621847,2.92690723676,2016-04-03,,,23.0,33.0,-160.0,-150.0,,0.494024991989
2016-04-04,20.7494309327,2.88564815768,2016-04-04,,,23.0,33.0,-160.0,-150.0,,0.494024991989
2016-04-05,20.601024686,2.98962868087,2016-04-05,,,23.0,33.0,-160.0,-150.0,,0.494024991989
2016-04-06,20.601024686,2.98962868087,2016-04-06,,,23.0,33.0,-160.0,-150.0,,0.494024991989
2016-04-07,20.3867746908,2.89755903431,2016-04-07,,,23.0,33.0,-160.0,-150.0,,0.494024991989
2016-04-08,20.4077871903,2.88145027223,2016-04-08,,,23.0,33.0,-160.0,-150.0,,0.494024991989
2016-04-09,20.6585871847,2.67600831985,2016-04-09,0.2803358142,0.0507912941702,23.0,33.0,-160.0,-150.0,,0.494024991989
2016-04-10,20.7300559331,2.68564547291,2016-04-10,,,23.0,33.0,-160.0,-150.0,,0.494024991989
2016-04-11,20.6945246839,2.72122952556,2016-04-11,,,23.0,33.0,-160.0,-150.0,,0.494024991989
2016-04-12,20.7462871828,2.59439929807,2016-04-12,,,23.0,33.0,-160.0,-150.0,,0.494024991989
2016-04-13,20.8803309298,2.43487759225,2016-04-13,,,23.0,33.0,-160.0,-150.0,,0.494024991989
2016-04-14,21.0011434271,2.29967399951,2016-04-14,,,23.0,33.0,-160.0,-150.0,,0.494024991989
2016-04-15,21.0997121749,2.16739048444,2016-04-15,,,23.0,33.0,-160.0,-150.0,,0.494024991989
2016-04-16,21.1696934233,2.22072472993,2016-04-16,0.281539037249,0.0501482245693,23.0,33.0,-160.0,-150.0,,0.494024991989
2016-04-17,21.0111746768,2.41387471741,2016-04-17,,,23.0,33.0,-160.0,-150.0,,0.494024991989
2016-04-18,20.7489496827,2.51187863464,2016-04-18,,,23.0,33.0,-160.0,-150.0,,0.494024991989
2016-04-19,20.7097121836,2.48204458038,2016-04-19,,,23.0,33.0,-160.0,-150.0,,0.494024991989
2016-04-20,20.7945934317,2.48825241151,2016-04-20,,,23.0,33.0,-160.0,-150.0,,0.494024991989
2016-04-21,20.8585746803,2.49379465456,2016-04-21,,,23.0,33.0,-160.0,-150.0,,0.494024991989
2016-04-22,21.0300246764,2.44079809795,2016-04-22,,,23.0,33.0,-160.0,-150.0,,0.494024991989
2016-04-23,21.2186559222,2.2626627033,2016-04-23,0.282473463624,0.047952209865,23.0,33.0,-160.0,-150.0,,0.494024991989
2016-04-24,21.4115934179,2.19832501458,2016-04-24,,,23.0,33.0,-160.0,-150.0,,0.494024991989
2016-04-25,21.6839246618,2.19611283568,2016-04-25,,,23.0,33.0,-160.0,-150.0,,0.494024991989
2016-04-26,22.0742809031,2.1159127987,2016-04-26,,,23.0,33.0,-160.0,-150.0,,0.494024991989
2016-04-27,22.3580246467,1.89636303785,2016-04-27,,,23.0,33.0,-160.0,-150.0,,0.494024991989
2016-04-28,22.4418308949,1.75105567705,2016-04-28,,,23.0,33.0,-160.0,-150.0,,0.494024991989
2016-04-29,22.3659246466,1.65333336178,2016-04-29,,,23.0,33.0,-160.0,-150.0,,0.494024991989
2016-04-30,22.3583308967,1.79867064846,2016-04-30,0.282203627923,0.0452382085534,23.0,33.0,-160.0,-150.0,,0.494024991989
2016-05-01,22.0966121526,2.20875375664,2016-05-01,,,23.0,33.0,-160.0,-150.0,,0.494024991989
2016-05-02,21.8703059077,2.40563119206,2016-05-02,,,23.0,33.0,-160.0,-150.0,,0.494024991989
2016-05-03,21.8656934077,2.29794209246,2016-05-03,,,23.0,33.0,-160.0,-150.0,,0.494024991989
2016-05-04,21.8912621572,2.2181311783,2016-05-04,,,23.0,33.0,-160.0,-150.0,,0.494024991989
2016-05-05,21.9790621552,2.20070290752,2016-05-05,,,23.0,33.0,-160.0,-150.0,,0.494024991989
2016-05-06,22.0406559038,2.22191745205,2016-05-06,,,23.0,33.0,-160.0,-150.0,,0.494024991989
2016-05-07,21.9332246562,2.31238693583,2016-05-07,0.281891702389,0.0437420901518,23.0,33.0,-160.0,-150.0,,0.494024991989
2016-05-08,21.6208246632,2.3159008787,2016-05-08,,,23.0,33.0,-160.0,-150.0,,0.494024991989
2016-05-09,21.5272934153,2.43123168386,2016-05-09,,,23.0,33.0,-160.0,-150.0,,0.494024991989
2016-05-10,21.4553684169,2.53609440011,2016-05-10,,,23.0,33.0,-160.0,-150.0,,0.494024991989
2016-05-11,21.4240121676,2.55222859289,2016-05-11,,,23.0,33.0,-160.0,-150.0,,0.494024991989
2016-05-12,21.363305919,2.50661356542,2016-05-12,,,23.0,33.0,-160.0,-150.0,,0.494024991989
2016-05-13,21.540974665,2.40236015218,2016-05-13,,,23.0,33.0,-160.0,-150.0,,0.494024991989
2016-05-14,21.7722809098,2.39429917806,2016-05-14,0.282547291579,0.0426557156763,23.0,33.0,-160.0,-150.0,,0.494024991989
2016-05-15,21.9351934062,2.34717081732,2016-05-15,,,23.0,33.0,-160.0,-150.0,,0.494024991989
2016-05-16,22.2319121496,2.24919220407,2016-05-16,,,23.0,33.0,-160.0,-150.0,,0.494024991989
2016-05-17,22.4083558956,2.21427233551,2016-05-17,,,23.0,33.0,-160.0,-150.0,,0.494024991989
2016-05-18,22.4039246457,1.96337065421,2016-05-18,,,23.0,33.0,-160.0,-150.0,,0.494024991989
2016-05-19,22.2948558982,1.99117215056,2016-05-19,,,23.0,33.0,-160.0,-150.0,,0.494024991989
2016-05-20,22.3156496477,2.00147103885,2016-05-20,,,23.0,33.0,-160.0,-150.0,,0.494024991989
2016-05-21,22.4390683949,1.84072958943,2016-05-21,0.281472345261,0.0410208582399,23.0,33.0,-160.0,-150.0,,0.494024991989
2016-05-22,22.5111558933,1.73942853999,2016-05-22,,,23.0,33.0,-160.0,-150.0,,0.494024991989
2016-05-23,22.6796371395,1.63991028918,2016-05-23,,,23.0,33.0,-160.0,-150.0,,0.494024991989
2016-05-24,22.7911746371,1.63140329816,2016-05-24,,,23.0,33.0,-160.0,-150.0,,0.494024991989
2016-05-25,22.8284558862,1.67379905095,2016-05-25,,,23.0,33.0,-160.0,-150.0,,0.494024991989
2016-05-26,22.9663433831,1.73571750004,2016-05-26,,,23.0,33.0,-160.0,-150.0,,0.494024991989
2016-05-27,23.1395871293,1.73817365856,2016-05-27,,,23.0,33.0,-160.0,-150.0,,0.494024991989
2016-05-28,23.243774627,1.7836630585,2016-05-28,0.280967865773,0.04021612837,23.0,33.0,-160.0,-150.0,,0.494024991989
2016-05-29,23.2139433776,1.95563565009,2016-05-29,,,23.0,33.0,-160.0,-150.0,,0.494024991989
2016-05-30,23.0035058823,2.16981782539,2016-05-30,,,23.0,33.0,-160.0,-150.0,,0.494024991989
2016-05-31,22.9953933825,1.96612386925,2016-05-31,,,23.0,33.0,-160.0,-150.0,,0.494024991989
2016-06-01,23.0528308812,1.72185450329,2016-06-01,,,23.0,33.0,-160.0,-150.0,,0.494024991989
2016-06-02,23.2294183773,1.60122683728,2016-06-02,,,23.0,33.0,-160.0,-150.0,,0.494024991989
2016-06-03,23.286130876,1.60815692518,2016-06-03,,,23.0,33.0,-160.0,-150.0,,0.494024991989
2016-06-04,23.2218371274,1.80230590761,2016-06-04,0.280595493323,0.0391661352465,23.0,33.0,-160.0,-150.0,,0.494024991989
2016-06-05,23.1786933784,1.85525605124,2016-06-05,,,23.0,33.0,-160.0,-150.0,,0.494024991989
2016-06-06,23.1219121297,1.84910119047,2016-06-06,,,23.0,33.0,-160.0,-150.0,,0.494024991989
2016-06-07,23.0106246322,1.9365404694,2016-06-07,,,23.0,33.0,-160.0,-150.0,,0.494024991989
2016-06-08,22.9665933831,1.90244739601,2016-06-08,,,23.0,33.0,-160.0,-150.0,,0.494024991989
2016-06-09,22.9451371336,1.8735500904,2016-06-09,,,23.0,33.0,-160.0,-150.0,,0.494024991989
2016-06-10,22.8623183855,1.9245619672,2016-06-10,,,23.0,33.0,-160.0,-150.0,,0.494024991989
2016-06-11,22.9529058834,1.86944661073,2016-06-11,0.280773424609,0.0384515708856,23.0,33.0,-160.0,-150.0,,0.494024991989
2016-06-12,23.1662871287,1.62731010237,2016-06-12,,,23.0,33.0,-160.0,-150.0,,0.494024991989
2016-06-13,23.1780183784,1.65719738299,2016-06-13,,,23.0,33.0,-160.0,-150.0,,0.494024991989
2016-06-14,23.2649808765,1.72699697907,2016-06-14,,,23.0,33.0,-160.0,-150.0,,0.494024991989
2016-06-15,23.241405877,1.68534926033,2016-06-15,,,23.0,33.0,-160.0,-150.0,,0.494024991989
2016-06-16,23.2661433764,1.72232347973,2016-06-16,,,23.0,33.0,-160.0,-150.0,,0.494024991989
2016-06-17,23.2374683771,1.74565831138,2016-06-17,,,23.0,33.0,-160.0,-150.0,,0.494024991989
2016-06-18,23.421143373,1.53238399171,2016-06-18,0.281300152274,0.0382301058787,23.0,33.0,-160.0,-150.0,,0.494024991989
2016-06-19,23.4975246213,1.51711123735,2016-06-19,,,23.0,33.0,-160.0,-150.0,,0.494024991989
2016-06-20,23.5331121205,1.53666719615,2016-06-20,,,23.0,33.0,-160.0,-150.0,,0.494024991989
2016-06-21,23.5246433707,1.55570575854,2016-06-21,,,23.0,33.0,-160.0,-150.0,,0.494024991989
2016-06-22,23.5311808705,1.57709594618,2016-06-22,,,23.0,33.0,-160.0,-150.0,,0.494024991989
2016-06-23,23.5342433705,1.59589888685,2016-06-23,,,23.0,33.0,-160.0,-150.0,,0.494024991989
2016-06-24,23.4961746213,1.61446164934,2016-06-24,,,23.0,33.0,-160.0,-150.0,,0.494024991989
2016-06-25,23.4265183729,1.66320205522,2016-06-25,0.28261345412,0.0385568329145,23.0,33.0,-160.0,-150.0,,0.494024991989
2016-06-26,23.4501808723,1.61822008563,2016-06-26,,,23.0,33.0,-160.0,-150.0,,0.494024991989
2016-06-27,23.509568371,1.56854787095,2016-06-27,,,23.0,33.0,-160.0,-150.0,,0.494024991989
2016-06-28,23.5516621201,1.52360547964,2016-06-28,,,23.0,33.0,-160.0,-150.0,,0.494024991989
2016-06-29,23.5659558697,1.43998857129,2016-06-29,,,23.0,33.0,-160.0,-150.0,,0.494024991989
2016-06-30,23.6093371188,1.41511581252,2016-06-30,,,23.0,33.0,-160.0,-150.0,,0.494024991989
2016-07-01,23.6051496189,1.41296644787,2016-07-01,,,23.0,33.0,-160.0,-150.0,,0.494024991989
2016-07-02,23.687999617,1.47760204632,2016-07-02,0.284095780007,0.038994508822,23.0,33.0,-160.0,-150.0,,0.494024991989
2016-07-03,23.6946371169,1.49462920857,2016-07-03,,,23.0,33.0,-160.0,-150.0,,0.494024991989
2016-07-04,23.7478933657,1.44678176737,2016-07-04,,,23.0,33.0,-160.0,-150.0,,0.494024991989
2016-07-05,23.8323121138,1.37704203064,2016-07-05,,,23.0,33.0,-160.0,-150.0,,0.494024991989
2016-07-06,23.912524612,1.35373467558,2016-07-06,,,23.0,33.0,-160.0,-150.0,,0.494024991989
2016-07-07,23.9644246108,1.36094712588,2016-07-07,,,23.0,33.0,-160.0,-150.0,,0.494024991989
2016-07-08,24.044712109,1.31876174916,2016-07-08,,,23.0,33.0,-160.0,-150.0,,0.494024991989
2016-07-09,24.0666246086,1.29872680759,2016-07-09,0.285365506804,0.0390441786493,23.0,33.0,-160.0,-150.0,,0.494024991989
2016-07-10,24.0523183589,1.30495860715,2016-07-10,,,23.0,33.0,-160.0,-150.0,,0.494024991989
2016-07-11,24.1200246074,1.27893849177,2016-07-11,,,23.0,33.0,-160.0,-150.0,,0.494024991989
2016-07-12,24.1863996059,1.26666598893,2016-07-12,,,23.0,33.0,-160.0,-150.0,,0.494024991989
2016-07-13,24.2124746053,1.24063111586,2016-07-13,,,23.0,33.0,-160.0,-150.0,,0.494024991989
2016-07-14,24.3548496021,1.20932375895,2016-07-14,,,23.0,33.0,-160.0,-150.0,,0.494024991989
2016-07-15,24.4567933498,1.2349882345,2016-07-15,,,23.0,33.0,-160.0,-150.0,,0.494024991989
2016-07-16,24.4400433502,1.26902371484,2016-07-16,0.286593186815,0.0377659286604,23.0,33.0,-160.0,-150.0,,0.494024991989
2016-07-17,24.3640433519,1.26131403587,2016-07-17,,,23.0,33.0,-160.0,-150.0,,0.494024991989
2016-07-18,24.3327308526,1.19474791543,2016-07-18,,,23.0,33.0,-160.0,-150.0,,0.494024991989
2016-07-19,24.4134496008,1.18743017599,2016-07-19,,,23.0,33.0,-160.0,-150.0,,0.494024991989
2016-07-20,24.4478371,1.19538594876,2016-07-20,,,23.0,33.0,-160.0,-150.0,,0.494024991989
2016-07-21,24.3551933521,1.27812583128,2016-07-21,,,23.0,33.0,-160.0,-150.0,,0.494024991989
2016-07-22,24.3790308516,1.30903752202,2016-07-22,,,23.0,33.0,-160.0,-150.0,,0.494024991989
2016-07-23,24.4376871003,1.27837512005,2016-07-23,0.287739089861,0.0371424397741,23.0,33.0,-160.0,-150.0,,0.494024991989
2016-07-24,24.6157308463,1.0899144916,2016-07-24,,,23.0,33.0,-160.0,-150.0,,0.494024991989
2016-07-25,24.7247620938,1.03046029975,2016-07-25,,,23.0,33.0,-160.0,-150.0,,0.494024991989
2016-07-26,24.8046808421,1.01921874993,2016-07-26,,,23.0,33.0,-160.0,-150.0,,0.494024991989
2016-07-27,24.8547933409,1.02140219914,2016-07-27,,,23.0,33.0,-160.0,-150.0,,0.494024991989
2016-07-28,24.8433933412,0.952631272274,2016-07-28,,,23.0,33.0,-160.0,-150.0,,0.494024991989
2016-07-29,24.6765495949,0.95884032625,2016-07-29,,,23.0,33.0,-160.0,-150.0,,0.494024991989
2016-07-30,24.5928995968,0.968775594817,2016-07-30,0.289100469375,0.0368663249747,23.0,33.0,-160.0,-150.0,,0.494024991989
2016-07-31,24.5320308481,0.982105334118,2016-07-31,,,23.0,33.0,-160.0,-150.0,,0.494024991989
2016-08-01,24.5313870982,1.00831059497,2016-08-01,,,23.0,33.0,-160.0,-150.0,,0.494024991989
2016-08-02,24.540880848,1.02990071105,2016-08-02,,,23.0,33.0,-160.0,-150.0,,0.494024991989
2016-08-03,24.5690058473,1.01859305459,2016-08-03,,,23.0,33.0,-160.0,-150.0,,0.494024991989
2016-08-04,24.6342870959,1.024363048,2016-08-04,,,23.0,33.0,-160.0,-150.0,,0.494024991989
2016-08-05,24.6878558447,1.0497938125,2016-08-05,,,23.0,33.0,-160.0,-150.0,,0.494024991989
2016-08-06,24.7126308441,1.0401088341,2016-08-06,0.290448711471,0.0372203514129,23.0,33.0,-160.0,-150.0,,0.494024991989
2016-08-07,24.7675995929,1.02921400158,2016-08-07,,,23.0,33.0,-160.0,-150.0,,0.494024991989
2016-08-08,24.8262308416,1.0339511982,2016-08-08,,,23.0,33.0,-160.0,-150.0,,0.494024991989
2016-08-09,24.8546495909,1.02585309324,2016-08-09,,,23.0,33.0,-160.0,-150.0,,0.494024991989
2016-08-10,24.9102495897,1.07424144957,2016-08-10,,,23.0,33.0,-160.0,-150.0,,0.494024991989
2016-08-11,24.9769308382,1.05714777681,2016-08-11,,,23.0,33.0,-160.0,-150.0,,0.494024991989
2016-08-12,25.0843620858,0.983876995344,2016-08-12,,,23.0,33.0,-160.0,-150.0,,0.494024991989
2016-08-13,25.0691433361,0.859386021951,2016-08-13,0.292256712035,0.037703278075,23.0,33.0,-160.0,-150.0,,0.494024991989
2016-08-14,24.9105058397,0.836095757777,2016-08-14,,,23.0,33.0,-160.0,-150.0,,0.494024991989
2016-08-15,24.8789183404,0.857575847513,2016-08-15,,,23.0,33.0,-160.0,-150.0,,0.494024991989
2016-08-16,24.9391620891,0.847099359753,2016-08-16,,,23.0,33.0,-160.0,-150.0,,0.494024991989
2016-08-17,24.8167183418,0.82779006487,2016-08-17,,,23.0,33.0,-160.0,-150.0,,0.494024991989
2016-08-18,24.8423620912,0.847325214684,2016-08-18,,,23.0,33.0,-160.0,-150.0,,0.494024991989
2016-08-19,24.7924558423,0.825609653643,2016-08-19,,,23.0,33.0,-160.0,-150.0,,0.494024991989
2016-08-20,24.7893683424,0.831790463743,2016-08-20,0.292999365095,0.0376807440893,23.0,33.0,-160.0,-150.0,,0.494024991989
2016-08-21,24.8473120911,0.869821796869,2016-08-21,,,23.0,33.0,-160.0,-150.0,,0.494024991989
2016-08-22,24.9793558382,0.889816718124,2016-08-22,,,23.0,33.0,-160.0,-150.0,,0.494024991989
2016-08-23,25.0968558355,0.85757194554,2016-08-23,,,23.0,33.0,-160.0,-150.0,,0.494024991989
2016-08-24,25.0966745855,0.848273907193,2016-08-24,,,23.0,33.0,-160.0,-150.0,,0.494024991989
2016-08-25,25.0614558363,0.841715663227,2016-08-25,,,23.0,33.0,-160.0,-150.0,,0.494024991989
2016-08-26,25.075693336,0.846102703066,2016-08-26,,,23.0,33.0,-160.0,-150.0,,0.494024991989
2016-08-27,25.0714558361,0.848280874319,2016-08-27,0.293154405628,0.0376410723631,23.0,33.0,-160.0,-150.0,,0.494024991989
2016-08-28,25.074855836,0.89627235554,2016-08-28,,,23.0,33.0,-160.0,-150.0,,0.494024991989
2016-08-29,25.0657870862,0.898664193243,2016-08-29,,,23.0,33.0,-160.0,-150.0,,0.494024991989
2016-08-30,25.075718336,0.876045146967,2016-08-30,,,23.0,33.0,-160.0,-150.0,,0.494024991989
2016-08-31,25.0952120856,0.839145710914,2016-08-31,,,23.0,33.0,-160.0,-150.0,,0.494024991989
2016-09-01,25.162980834,0.851835111292,2016-09-01,,,23.0,33.0,-160.0,-150.0,,0.494024991989
2016-09-02,25.1809683337,0.85095128582,2016-09-02,,,23.0,33.0,-160.0,-150.0,,0.494024991989
2016-09-03,25.210105833,0.854911326125,2016-09-03,0.29255667072,0.0369159976687,23.0,33.0,-160.0,-150.0,,0.494024991989
2016-09-04,25.2006183332,0.834031524373,2016-09-04,,,23.0,33.0,-160.0,-150.0,,0.494024991989
2016-09-05,25.1675558339,0.801653563048,2016-09-05,,,23.0,33.0,-160.0,-150.0,,0.494024991989
2016-09-06,25.1915620834,0.78018395504,2016-09-06,,,23.0,33.0,-160.0,-150.0,,0.494024991989
2016-09-07,25.2294870826,0.767360936355,2016-09-07,,,23.0,33.0,-160.0,-150.0,,0.494024991989
2016-09-08,25.2460120822,0.751241665144,2016-09-08,,,23.0,33.0,-160.0,-150.0,,0.494024991989
2016-09-09,25.2412370823,0.774300621327,2016-09-09,,,23.0,33.0,-160.0,-150.0,,0.494024991989
2016-09-10,25.2374745824,0.741662057774,2016-09-10,0.292818164339,0.0361688308861,23.0,33.0,-160.0,-150.0,,0.494024991989
2016-09-11,25.255993332,0.784525189112,2016-09-11,,,23.0,33.0,-160.0,-150.0,,0.494024991989
2016-09-12,25.3521433298,0.787386871937,2016-09-12,,,23.0,33.0,-160.0,-150.0,,0.494024991989
2016-09-13,25.4915995767,0.796782195933,2016-09-13,,,23.0,33.0,-160.0,-150.0,,0.494024991989
2016-09-14,25.5610433252,0.803538683046,2016-09-14,,,23.0,33.0,-160.0,-150.0,,0.494024991989
2016-09-15,25.4886308268,0.731366567013,2016-09-15,,,23.0,33.0,-160.0,-150.0,,0.494024991989
2016-09-16,25.434605828,0.727122681077,2016-09-16,,,23.0,33.0,-160.0,-150.0,,0.494024991989
2016-09-17,25.4031995787,0.739739323628,2016-09-17,0.292734437958,0.0353370239431,23.0,33.0,-160.0,-150.0,,0.494024991989
2016-09-18,25.388487079,0.754094194771,2016-09-18,,,23.0,33.0,-160.0,-150.0,,0.494024991989
2016-09-19,25.3987245788,0.759941031214,2016-09-19,,,23.0,33.0,-160.0,-150.0,,0.494024991989
2016-09-20,25.4104245785,0.730801715332,2016-09-20,,,23.0,33.0,-160.0,-150.0,,0.494024991989
2016-09-21,25.34593083,0.723032992455,2016-09-21,,,23.0,33.0,-160.0,-150.0,,0.494024991989
2016-09-22,25.3484995799,0.657277677724,2016-09-22,,,23.0,33.0,-160.0,-150.0,,0.494024991989
2016-09-23,25.3960058288,0.651932773432,2016-09-23,,,23.0,33.0,-160.0,-150.0,,0.494024991989
2016-09-24,25.4069058286,0.70172195626,2016-09-24,0.292342192191,0.0347766180974,23.0,33.0,-160.0,-150.0,,0.494024991989
2016-09-25,25.4383370779,0.72249033987,2016-09-25,,,23.0,33.0,-160.0,-150.0,,0.494024991989
2016-09-26,25.4479808277,0.727430940747,2016-09-26,,,23.0,33.0,-160.0,-150.0,,0.494024991989
2016-09-27,25.34273708,0.816681614866,2016-09-27,,,23.0,33.0,-160.0,-150.0,,0.494024991989
2016-09-28,25.2793558314,0.840699810933,2016-09-28,,,23.0,33.0,-160.0,-150.0,,0.494024991989
2016-09-29,25.2287495826,0.827769736513,2016-09-29,,,23.0,33.0,-160.0,-150.0,,0.494024991989
2016-09-30,25.210468333,0.815961696747,2016-09-30,,,23.0,33.0,-160.0,-150.0,,0.494024991989
2016-10-01,25.2225370827,0.805835851754,2016-10-01,0.291784001417,0.033959805357,23.0,33.0,-160.0,-150.0,,0.494024991989
2016-10-02,25.2422933323,0.76447462176,2016-10-02,,,23.0,33.0,-160.0,-150.0,,0.494024991989
2016-10-03,25.2420995823,0.73649464846,2016-10-03,,,23.0,33.0,-160.0,-150.0,,0.494024991989
2016-10-04,25.3242683304,0.787216943277,2016-10-04,,,23.0,33.0,-160.0,-150.0,,0.494024991989
2016-10-05,25.3741120793,0.822067022564,2016-10-05,,,23.0,33.0,-160.0,-150.0,,0.494024991989
2016-10-06,25.4014433287,0.826874199941,2016-10-06,,,23.0,33.0,-160.0,-150.0,,0.494024991989
2016-10-07,25.4482808277,0.878944820705,2016-10-07,,,23.0,33.0,-160.0,-150.0,,0.494024991989
2016-10-08,25.3684058295,0.992396073688,2016-10-08,0.291028881424,0.0337829243548,23.0,33.0,-160.0,-150.0,,0.494024991989
2016-10-09,25.2965683311,0.969782785741,2016-10-09,,,23.0,33.0,-160.0,-150.0,,0.494024991989
2016-10-10,25.254268332,0.906634810339,2016-10-10,,,23.0,33.0,-160.0,-150.0,,0.494024991989
2016-10-11,25.2724558316,0.944643446359,2016-10-11,,,23.0,33.0,-160.0,-150.0,,0.494024991989
2016-10-12,25.2630308318,0.89576879764,2016-10-12,,,23.0,33.0,-160.0,-150.0,,0.494024991989
2016-10-13,25.2354683324,0.89484612201,2016-10-13,,,23.0,33.0,-160.0,-150.0,,0.494024991989
2016-10-14,25.1433933345,0.866120233663,2016-10-14,,,23.0,33.0,-160.0,-150.0,,0.494024991989
2016-10-15,25.1596933341,0.90197441609,2016-10-15,0.290123355362,0.0341234182747,23.0,33.0,-160.0,-150.0,,0.494024991989
2016-10-16,25.1320183347,0.986538084298,2016-10-16,,,23.0,33.0,-160.0,-150.0,,0.494024991989
2016-10-17,25.1254245849,0.995425946662,2016-10-17,,,23.0,33.0,-160.0,-150.0,,0.494024991989
2016-10-18,25.2423683323,0.910442001302,2016-10-18,,,23.0,33.0,-160.0,-150.0,,0.494024991989
2016-10-19,25.2406495823,0.907341797931,2016-10-19,,,23.0,33.0,-160.0,-150.0,,0.494024991989
2016-10-20,25.1843620836,0.964985651825,2016-10-20,,,23.0,33.0,-160.0,-150.0,,0.494024991989
2016-10-21,25.0945120856,0.995314463341,2016-10-21,,,23.0,33.0,-160.0,-150.0,,0.494024991989
2016-10-22,25.0696620861,0.980050047784,2016-10-22,0.2892223628,0.0340589226506,23.0,33.0,-160.0,-150.0,,0.494024991989
2016-10-23,25.075668336,0.924176427961,2016-10-23,,,23.0,33.0,-160.0,-150.0,,0.494024991989
2016-10-24,24.9563245887,0.906125532566,2016-10-24,,,23.0,33.0,-160.0,-150.0,,0.494024991989
2016-10-25,24.8214808417,0.985649435361,2016-10-25,,,23.0,33.0,-160.0,-150.0,,0.494024991989
2016-10-26,24.8337370914,0.982889387664,2016-10-26,,,23.0,33.0,-160.0,-150.0,,0.494024991989
2016-10-27,24.7657870929,1.02825544784,2016-10-27,,,23.0,33.0,-160.0,-150.0,,0.494024991989
2016-10-28,24.7208558439,1.05028199283,2016-10-28,,,23.0,33.0,-160.0,-150.0,,0.494024991989
2016-10-29,24.5914745968,1.01053701736,2016-10-29,0.288316416227,0.0331862526769,23.0,33.0,-160.0,-150.0,,0.494024991989
2016-10-30,24.5856620969,0.961570146785,2016-10-30,,,23.0,33.0,-160.0,-150.0,,0.494024991989
2016-10-31,24.6654558452,0.920556360691,2016-10-31,,,23.0,33.0,-160.0,-150.0,,0.494024991989
2016-11-01,24.7091370942,0.965412956492,2016-11-01,,,23.0,33.0,-160.0,-150.0,,0.494024991989
2016-11-02,24.6124433464,1.0465077927,2016-11-02,,,23.0,33.0,-160.0,-150.0,,0.494024991989
2016-11-03,24.4604495997,1.12892596903,2016-11-03,,,23.0,33.0,-160.0,-150.0,,0.494024991989
2016-11-04,24.4070933509,1.16620411989,2016-11-04,,,23.0,33.0,-160.0,-150.0,,0.494024991989
2016-11-05,24.3270808527,1.19876962279,2016-11-05,0.28675501498,0.0328589017778,23.0,33.0,-160.0,-150.0,,0.494024991989
2016-11-06,24.3995558511,1.18220233997,2016-11-06,,,23.0,33.0,-160.0,-150.0,,0.494024991989
2016-11-07,24.4207183506,1.28266555276,2016-11-07,,,23.0,33.0,-160.0,-150.0,,0.494024991989
2016-11-08,24.2045621055,1.40690176752,2016-11-08,,,23.0,33.0,-160.0,-150.0,,0.494024991989
2016-11-09,24.0840746082,1.46092008344,2016-11-09,,,23.0,33.0,-160.0,-150.0,,0.494024991989
2016-11-10,24.0083746098,1.41696068698,2016-11-10,,,23.0,33.0,-160.0,-150.0,,0.494024991989
2016-11-11,23.9858558604,1.41451991267,2016-11-11,,,23.0,33.0,-160.0,-150.0,,0.494024991989
2016-11-12,24.1078933576,1.47192364534,2016-11-12,0.28487721687,0.0324475936605,23.0,33.0,-160.0,-150.0,,0.494024991989
2016-11-13,24.1313621071,1.45629464415,2016-11-13,,,23.0,33.0,-160.0,-150.0,,0.494024991989
2016-11-14,24.1102996076,1.40762135493,2016-11-14,,,23.0,33.0,-160.0,-150.0,,0.494024991989
2016-11-15,23.9601371109,1.33619013976,2016-11-15,,,23.0,33.0,-160.0,-150.0,,0.494024991989
2016-11-16,23.9011058623,1.35598769145,2016-11-16,,,23.0,33.0,-160.0,-150.0,,0.494024991989
2016-11-17,23.8633808631,1.35922321461,2016-11-17,,,23.0,33.0,-160.0,-150.0,,0.494024991989
2016-11-18,23.7039308667,1.40056435815,2016-11-18,,,23.0,33.0,-160.0,-150.0,,0.494024991989
2016-11-19,23.5706746196,1.46703446487,2016-11-19,0.284004589665,0.0319423154936,23.0,33.0,-160.0,-150.0,,0.494024991989
2016-11-20,23.4937683714,1.49790260675,2016-11-20,,,23.0,33.0,-160.0,-150.0,,0.494024991989
2016-11-21,23.4610371221,1.49304784532,2016-11-21,,,23.0,33.0,-160.0,-150.0,,0.494024991989
2016-11-22,23.4594058721,1.49091601864,2016-11-22,,,23.0,33.0,-160.0,-150.0,,0.494024991989
2016-11-23,23.3685808742,1.47162022084,2016-11-23,,,23.0,33.0,-160.0,-150.0,,0.494024991989
2016-11-24,23.2834246261,1.47323379958,2016-11-24,,,23.0,33.0,-160.0,-150.0,,0.494024991989
2016-11-25,23.2571996266,1.49183159538,2016-11-25,,,23.0,33.0,-160.0,-150.0,,0.494024991989
2016-11-26,23.1391933793,1.54844585173,2016-11-26,0.284544994366,0.0314785727797,23.0,33.0,-160.0,-150.0,,0.494024991989
2016-11-27,23.0583058811,1.54321101395,2016-11-27,,,23.0,33.0,-160.0,-150.0,,0.494024991989
2016-11-28,23.062968381,1.51969650576,2016-11-28,,,23.0,33.0,-160.0,-150.0,,0.494024991989
2016-11-29,23.0813746306,1.50581293617,2016-11-29,,,23.0,33.0,-160.0,-150.0,,0.494024991989
2016-11-30,23.0887621304,1.43015547077,2016-11-30,,,23.0,33.0,-160.0,-150.0,,0.494024991989
2016-12-01,23.1301121295,1.32871216486,2016-12-01,,,23.0,33.0,-160.0,-150.0,,0.494024991989
2016-12-02,23.1542621289,1.34062599511,2016-12-02,,,23.0,33.0,-160.0,-150.0,,0.494024991989
2016-12-03,23.151112129,1.37095401956,2016-12-03,0.284829571167,0.0309788989964,23.0,33.0,-160.0,-150.0,,0.494024991989
2016-12-04,23.061199631,1.47350399362,2016-12-04,,,23.0,33.0,-160.0,-150.0,,0.494024991989
2016-12-05,23.0334121317,1.41976199138,2016-12-05,,,23.0,33.0,-160.0,-150.0,,0.494024991989
2016-12-06,23.0114433821,1.41865003173,2016-12-06,,,23.0,33.0,-160.0,-150.0,,0.494024991989
2016-12-07,23.0265246318,1.40546269797,2016-12-07,,,23.0,33.0,-160.0,-150.0,,0.494024991989
2016-12-08,23.0686246309,1.38794838824,2016-12-08,,,23.0,33.0,-160.0,-150.0,,0.494024991989
2016-12-09,23.1157246298,1.34622800462,2016-12-09,,,23.0,33.0,-160.0,-150.0,,0.494024991989
2016-12-10,23.1160183798,1.3678554414,2016-12-10,0.28521944302,0.030081042999,23.0,33.0,-160.0,-150.0,,0.494024991989
2016-12-11,22.9993808824,1.43654614377,2016-12-11,,,23.0,33.0,-160.0,-150.0,,0.494024991989
2016-12-12,22.8501933858,1.48231205131,2016-12-12,,,23.0,33.0,-160.0,-150.0,,0.494024991989
2016-12-13,22.7125121388,1.56181970309,2016-12-13,,,23.0,33.0,-160.0,-150.0,,0.494024991989
2016-12-14,22.6460308903,1.62341256266,2016-12-14,,,23.0,33.0,-160.0,-150.0,,0.494024991989
2016-12-15,22.6220558908,1.64581277411,2016-12-15,,,23.0,33.0,-160.0,-150.0,,0.494024991989
2016-12-16,22.5414058926,1.5828544739,2016-12-16,,,23.0,33.0,-160.0,-150.0,,0.494024991989
2016-12-17,22.5311683929,1.50633571875,2016-12-17,0.285612191709,0.0291025614736,23.0,33.0,-160.0,-150.0,,0.494024991989
2016-12-18,22.5447308926,1.53664610479,2016-12-18,,,23.0,33.0,-160.0,-150.0,,0.494024991989
2016-12-19,22.6949933892,1.48735862301,2016-12-19,,,23.0,33.0,-160.0,-150.0,,0.494024991989
2016-12-20,22.9117433844,1.56428176461,2016-12-20,,,23.0,33.0,-160.0,-150.0,,0.494024991989
2016-12-21,22.9390871338,1.59263168222,2016-12-21,,,23.0,33.0,-160.0,-150.0,,0.494024991989
2016-12-22,22.9483183836,1.52205888699,2016-12-22,,,23.0,33.0,-160.0,-150.0,,0.494024991989
2016-12-23,22.8678746353,1.45380735532,2016-12-23,,,23.0,33.0,-160.0,-150.0,,0.494024991989
2016-12-24,22.8098621366,1.48544312749,2016-12-24,0.286040412494,0.0284217301493,23.0,33.0,-160.0,-150.0,,0.494024991989
2016-12-25,22.7463246381,1.53086706454,2016-12-25,,,23.0,33.0,-160.0,-150.0,,0.494024991989
2016-12-26,22.7249183885,1.52677307998,2016-12-26,,,23.0,33.0,-160.0,-150.0,,0.494024991989
2016-12-27,22.7249183885,1.48114318589,2016-12-27,,,23.0,33.0,-160.0,-150.0,,0.494024991989
2016-12-28,22.7642621377,1.45851303832,2016-12-28,,,23.0,33.0,-160.0,-150.0,,0.494024991989
2016-12-29,22.7400183882,1.50911701634,2016-12-29,,,23.0,33.0,-160.0,-150.0,,0.494024991989
2016-12-30,22.5290746429,1.60564326196,2016-12-30,,,23.0,33.0,-160.0,-150.0,,0.494024991989
2016-12-31,22.4599558945,1.63028418426,2016-12-31,0.286643730067,0.0276005710256,23.0,33.0,-160.0,-150.0,,0.494024991989
2017-01-01,22.3778183963,1.64519335845,2017-01-01,,,23.0,33.0,-160.0,-150.0,,0.494024991989
