time,fco2,fco2_std,lat1,lat2,lon1,lon2,
2012-02-09,355.766232602,8.16247992679,-36.98,51.65,-173.85,-23.95,
2012-02-10,353.662601125,8.17055965648,-36.98,51.65,-173.85,-23.95,
2012-02-11,349.604761634,4.91373814641,-36.98,51.65,-173.85,-23.95,
2012-02-12,359.851754502,3.10948874679,-36.98,51.65,-173.85,-23.95,
2012-02-13,356.163189518,2.5363730453,-36.98,51.65,-173.85,-23.95,
2012-02-14,342.012046093,9.69737870246,-36.98,51.65,-173.85,-23.95,
2012-02-15,335.592864136,2.13640957636,-36.98,51.65,-173.85,-23.95,
2012-02-16,338.728734182,9.53582926669,-36.98,51.65,-173.85,-23.95,
2012-02-17,344.123796535,27.6919413118,-36.98,51.65,-173.85,-23.95,
2012-02-18,341.876619623,29.1527599155,-36.98,51.65,-173.85,-23.95,
2012-02-19,343.321419681,10.6837749598,-36.98,51.65,-173.85,-23.95,
2012-02-20,351.818490706,16.8203123143,-36.98,51.65,-173.85,-23.95,
2012-02-21,408.429274396,79.553233775,-36.98,51.65,-173.85,-23.95,
2012-02-22,401.457927795,66.3455798856,-36.98,51.65,-173.85,-23.95,
2012-02-23,465.204443074,133.831865827,-36.98,51.65,-173.85,-23.95,
2012-02-24,419.364367123,92.4740440904,-36.98,51.65,-173.85,-23.95,
2012-02-25,397.745539203,105.971219703,-36.98,51.65,-173.85,-23.95,
2012-02-26,347.764768553,13.4202216001,-36.98,51.65,-173.85,-23.95,
2012-02-27,427.073717246,163.69181666,-36.98,51.65,-173.85,-23.95,
2012-02-28,395.037249462,118.748783275,-36.98,51.65,-173.85,-23.95,
2012-02-29,411.314514906,152.812581482,-36.98,51.65,-173.85,-23.95,
2012-03-01,335.171870353,38.0209655486,-36.98,51.65,-173.85,-23.95,
2012-03-02,338.638622619,27.2285831089,-36.98,51.65,-173.85,-23.95,
2012-03-03,340.78588025,24.9037226286,-36.98,51.65,-173.85,-23.95,
2012-03-04,324.429551814,43.693955003,-36.98,51.65,-173.85,-23.95,
2012-03-05,340.145280378,14.0105526127,-36.98,51.65,-173.85,-23.95,
2012-03-06,347.699205928,6.69283488509,-36.98,51.65,-173.85,-23.95,
2012-03-07,318.059713401,31.5398877906,-36.98,51.65,-173.85,-23.95,
2012-03-08,334.059444175,4.739288132,-36.98,51.65,-173.85,-23.95,
2012-03-09,304.992336142,29.0305233909,-36.98,51.65,-173.85,-23.95,
2012-03-10,321.214568554,30.5513625884,-36.98,51.65,-173.85,-23.95,
2012-03-11,338.40368886,3.74361688272,-36.98,51.65,-173.85,-23.95,
2012-03-12,336.646042387,23.6917039029,-36.98,51.65,-173.85,-23.95,
2012-03-13,339.463117364,20.3209428874,-36.98,51.65,-173.85,-23.95,
2012-03-14,329.482689811,38.2411757292,-36.98,51.65,-173.85,-23.95,
2012-03-15,337.095767536,40.2817996308,-36.98,51.65,-173.85,-23.95,
2012-03-16,344.532598945,4.3182123858,-36.98,51.65,-173.85,-23.95,
2012-03-17,356.272083323,15.3132509671,-36.98,51.65,-173.85,-23.95,
2012-03-18,358.16424146,20.3627385167,-36.98,51.65,-173.85,-23.95,
2012-03-19,361.973229121,35.0027835595,-36.98,51.65,-173.85,-23.95,
2012-03-20,336.587689813,39.155329717,-36.98,51.65,-173.85,-23.95,
2012-03-21,330.265094669,24.5120918016,-36.98,51.65,-173.85,-23.95,
2012-03-22,331.652146346,37.4923355872,-36.98,51.65,-173.85,-23.95,
2012-03-23,341.786272292,33.7323631447,-36.98,51.65,-173.85,-23.95,
2012-03-24,329.85163798,32.8181119885,-36.98,51.65,-173.85,-23.95,
2012-03-25,323.477465189,28.6527756812,-36.98,51.65,-173.85,-23.95,
2012-03-26,335.114910108,32.4989786061,-36.98,51.65,-173.85,-23.95,
2012-03-27,350.719074099,24.691692802,-36.98,51.65,-173.85,-23.95,
2012-03-28,353.449598104,14.8289597155,-36.98,51.65,-173.85,-23.95,
2012-03-29,343.869130993,23.0276853908,-36.98,51.65,-173.85,-23.95,
2012-03-30,339.929972894,26.7309865105,-36.98,51.65,-173.85,-23.95,
2012-03-31,348.906297714,33.7690288773,-36.98,51.65,-173.85,-23.95,
2012-04-01,355.093505366,28.649471447,-36.98,51.65,-173.85,-23.95,
2012-04-02,359.652599089,54.2604224555,-36.98,51.65,-173.85,-23.95,
2012-04-03,380.722981136,76.4839740973,-36.98,51.65,-173.85,-23.95,
2012-04-04,347.78458663,21.0380414442,-36.98,51.65,-173.85,-23.95,
2012-04-05,327.140756862,39.4889595067,-36.98,51.65,-173.85,-23.95,
2012-04-06,321.564332261,33.0121776638,-36.98,51.65,-173.85,-23.95,
2012-04-07,318.937555142,41.7435022818,-36.98,51.65,-173.85,-23.95,
2012-04-08,332.435908539,41.8150065924,-36.98,51.65,-173.85,-23.95,
2012-04-09,323.95054397,46.2024633934,-36.98,51.65,-173.85,-23.95,
2012-04-10,312.663899799,45.9658663762,-36.98,51.65,-173.85,-23.95,
2012-04-11,328.721093159,39.9222155317,-36.98,51.65,-173.85,-23.95,
2012-04-12,345.231118546,43.0815114463,-36.98,51.65,-173.85,-23.95,
2012-04-13,339.679518516,41.0034624437,-36.98,51.65,-173.85,-23.95,
2012-04-14,351.39830303,38.40966794,-36.98,51.65,-173.85,-23.95,
2012-04-15,333.991834029,38.9549956563,-36.98,51.65,-173.85,-23.95,
2012-04-16,349.483675469,28.4681363961,-36.98,51.65,-173.85,-23.95,
2012-04-17,356.493725956,16.9332433603,-36.98,51.65,-173.85,-23.95,
2012-04-18,353.214950796,18.6189947354,-36.98,51.65,-173.85,-23.95,
2012-04-19,353.589415105,42.0815467043,-36.98,51.65,-173.85,-23.95,
2012-04-20,358.617977544,35.4773773089,-36.98,51.65,-173.85,-23.95,
2012-04-21,345.045249386,66.2001186113,-36.98,51.65,-173.85,-23.95,
2012-04-22,342.040118868,70.0387580938,-36.98,51.65,-173.85,-23.95,
2012-04-23,357.666678512,74.8697750587,-36.98,51.65,-173.85,-23.95,
2012-04-24,359.404898847,56.4362705948,-36.98,51.65,-173.85,-23.95,
2012-04-25,367.530801865,45.5327970853,-36.98,51.65,-173.85,-23.95,
2012-04-26,367.27889091,52.4575253105,-36.98,51.65,-173.85,-23.95,
2012-04-27,355.767840841,48.1544207279,-36.98,51.65,-173.85,-23.95,
2012-04-28,352.117962711,44.0489411052,-36.98,51.65,-173.85,-23.95,
2012-04-29,323.636644154,41.4498530649,-36.98,51.65,-173.85,-23.95,
2012-04-30,348.580152554,22.2327437134,-36.98,51.65,-173.85,-23.95,
2012-05-01,366.710248448,17.4081009104,-36.98,51.65,-173.85,-23.95,
2012-05-02,358.306540626,17.3498922245,-36.98,51.65,-173.85,-23.95,
2012-05-03,334.484076999,37.4959710035,-36.98,51.65,-173.85,-23.95,
2012-05-04,353.264549605,39.3025396538,-36.98,51.65,-173.85,-23.95,
2012-05-05,352.934110044,24.6268770929,-36.98,51.65,-173.85,-23.95,
2012-05-06,338.134616318,12.1023911055,-36.98,51.65,-173.85,-23.95,
2012-05-07,334.533897059,10.497208027,-36.98,51.65,-173.85,-23.95,
2012-05-08,315.662917182,15.7734167613,-36.98,51.65,-173.85,-23.95,
2012-05-09,319.191553347,19.2722816963,-36.98,51.65,-173.85,-23.95,
2012-05-10,306.701643056,34.5231913371,-36.98,51.65,-173.85,-23.95,
2012-05-11,326.214808722,20.4989211895,-36.98,51.65,-173.85,-23.95,
2012-05-12,314.474241448,26.872632407,-36.98,51.65,-173.85,-23.95,
2012-05-13,371.048565648,50.8161146621,-36.98,51.65,-173.85,-23.95,
2012-05-14,385.676201547,61.1634934978,-36.98,51.65,-173.85,-23.95,
2012-05-15,423.257091375,39.8637008499,-36.98,51.65,-173.85,-23.95,
2012-05-16,420.683917228,33.0636662405,-36.98,51.65,-173.85,-23.95,
2012-05-17,404.811411993,38.634792269,-36.98,51.65,-173.85,-23.95,
2012-05-18,391.865863007,45.5987539002,-36.98,51.65,-173.85,-23.95,
2012-05-19,406.328151166,37.5675678877,-36.98,51.65,-173.85,-23.95,
2012-05-20,379.316501603,41.3918792943,-36.98,51.65,-173.85,-23.95,
2012-05-21,395.038534118,30.5315421734,-36.98,51.65,-173.85,-23.95,
2012-05-22,381.460706727,38.2117938182,-36.98,51.65,-173.85,-23.95,
2012-05-23,374.789590924,24.7780316727,-36.98,51.65,-173.85,-23.95,
2012-05-24,377.845837089,14.5063796547,-36.98,51.65,-173.85,-23.95,
2012-05-25,374.456329893,18.7574643055,-36.98,51.65,-173.85,-23.95,
2012-05-26,376.973296218,15.7606834557,-36.98,51.65,-173.85,-23.95,
2012-05-27,383.953192141,16.8315307357,-36.98,51.65,-173.85,-23.95,
2012-05-28,392.518130756,19.8222553131,-36.98,51.65,-173.85,-23.95,
2012-05-29,430.130064653,67.8891258991,-36.98,51.65,-173.85,-23.95,
2012-05-30,385.448239989,8.27449778673,-36.98,51.65,-173.85,-23.95,
2012-05-31,401.767923842,76.7185561002,-36.98,51.65,-173.85,-23.95,
2012-06-01,416.655690346,53.4400549423,-36.98,51.65,-173.85,-23.95,
2012-06-02,415.092991705,37.6074096221,-36.98,51.65,-173.85,-23.95,
2012-06-03,392.531522503,49.0719658258,-36.98,51.65,-173.85,-23.95,
2012-06-04,387.144619771,28.9203403951,-36.98,51.65,-173.85,-23.95,
2012-06-05,384.505714474,30.3469143958,-36.98,51.65,-173.85,-23.95,
2012-06-06,376.818324547,24.7832246155,-36.98,51.65,-173.85,-23.95,
2012-06-07,355.372388225,58.3206937661,-36.98,51.65,-173.85,-23.95,
2012-06-08,366.95955611,22.1352070616,-36.98,51.65,-173.85,-23.95,
2012-06-09,395.90962114,53.4357963824,-36.98,51.65,-173.85,-23.95,
2012-06-10,388.019770513,22.770537467,-36.98,51.65,-173.85,-23.95,
2012-06-11,389.592289235,20.0950464727,-36.98,51.65,-173.85,-23.95,
2012-06-12,401.324814184,27.3618901068,-36.98,51.65,-173.85,-23.95,
2012-06-13,418.501195626,29.298908155,-36.98,51.65,-173.85,-23.95,
2012-06-14,409.190833289,29.7050245282,-36.98,51.65,-173.85,-23.95,
2012-06-15,388.296827033,39.1797490995,-36.98,51.65,-173.85,-23.95,
2012-06-16,359.376675485,30.3738975035,-36.98,51.65,-173.85,-23.95,
2012-06-17,352.921408219,25.6755836606,-36.98,51.65,-173.85,-23.95,
2012-06-18,352.254801432,35.876589577,-36.98,51.65,-173.85,-23.95,
2012-06-19,356.351703788,28.7163403968,-36.98,51.65,-173.85,-23.95,
2012-06-20,361.53543755,21.2332297521,-36.98,51.65,-173.85,-23.95,
2012-06-21,359.54109277,64.422111938,-36.98,51.65,-173.85,-23.95,
2012-06-22,353.081181963,25.2463765951,-36.98,51.65,-173.85,-23.95,
2012-06-23,353.201976253,25.9401122084,-36.98,51.65,-173.85,-23.95,
2012-06-24,377.147152695,39.3993077797,-36.98,51.65,-173.85,-23.95,
2012-06-25,385.378620581,53.8634359483,-36.98,51.65,-173.85,-23.95,
2012-06-26,397.519820125,60.8806046606,-36.98,51.65,-173.85,-23.95,
2012-06-27,417.965194047,68.139973132,-36.98,51.65,-173.85,-23.95,
2012-06-28,415.188782139,57.7702228949,-36.98,51.65,-173.85,-23.95,
2012-06-29,418.008651466,71.1223387375,-36.98,51.65,-173.85,-23.95,
2012-06-30,370.10371271,46.6661481972,-36.98,51.65,-173.85,-23.95,
2012-07-01,396.947529568,58.5541926559,-36.98,51.65,-173.85,-23.95,
2012-07-02,410.998530379,53.3078110686,-36.98,51.65,-173.85,-23.95,
2012-07-03,378.982794245,67.3207703969,-36.98,51.65,-173.85,-23.95,
2012-07-04,402.384476519,70.6820139255,-36.98,51.65,-173.85,-23.95,
2012-07-05,404.317626344,84.0623568499,-36.98,51.65,-173.85,-23.95,
2012-07-06,397.548910912,54.9065360534,-36.98,51.65,-173.85,-23.95,
2012-07-07,416.037563067,54.878056486,-36.98,51.65,-173.85,-23.95,
2012-07-08,430.958713732,62.1010175816,-36.98,51.65,-173.85,-23.95,
2012-07-09,416.429633014,42.7845042744,-36.98,51.65,-173.85,-23.95,
2012-07-10,435.355586763,73.8550193687,-36.98,51.65,-173.85,-23.95,
2012-07-11,432.831468516,65.6610329764,-36.98,51.65,-173.85,-23.95,
2012-07-12,391.492921066,47.8486457771,-36.98,51.65,-173.85,-23.95,
2012-07-13,393.444052591,51.8419103654,-36.98,51.65,-173.85,-23.95,
2012-07-14,409.804810793,52.9679942835,-36.98,51.65,-173.85,-23.95,
2012-07-15,386.647761329,51.0458505026,-36.98,51.65,-173.85,-23.95,
2012-07-16,370.951768514,66.3967022984,-36.98,51.65,-173.85,-23.95,
2012-07-17,425.032433339,99.2728212837,-36.98,51.65,-173.85,-23.95,
2012-07-18,428.431968927,122.833553311,-36.98,51.65,-173.85,-23.95,
2012-07-19,382.781042062,93.6556692495,-36.98,51.65,-173.85,-23.95,
2012-07-20,393.546178373,74.2048188909,-36.98,51.65,-173.85,-23.95,
2012-07-21,402.893948959,91.5509568541,-36.98,51.65,-173.85,-23.95,
2012-07-22,430.789365937,80.9653365742,-36.98,51.65,-173.85,-23.95,
2012-07-23,405.652889582,102.991165831,-36.98,51.65,-173.85,-23.95,
2012-07-24,395.059874025,83.0429720024,-36.98,51.65,-173.85,-23.95,
2012-07-25,413.045439456,98.2330642431,-36.98,51.65,-173.85,-23.95,
2012-07-26,435.540811738,80.8729194084,-36.98,51.65,-173.85,-23.95,
2012-07-27,441.977711634,71.7987976928,-36.98,51.65,-173.85,-23.95,
2012-07-28,462.672779636,133.061615436,-36.98,51.65,-173.85,-23.95,
2012-07-29,444.83243265,83.1773801521,-36.98,51.65,-173.85,-23.95,
2012-07-30,450.163550639,76.3620616502,-36.98,51.65,-173.85,-23.95,
2012-07-31,469.451050074,103.054942248,-36.98,51.65,-173.85,-23.95,
2012-08-01,438.339142793,78.5835219558,-36.98,51.65,-173.85,-23.95,
2012-08-02,439.228035184,70.2145544108,-36.98,51.65,-173.85,-23.95,
2012-08-03,412.763709338,78.1741171464,-36.98,51.65,-173.85,-23.95,
2012-08-04,400.965488058,17.6551611216,-36.98,51.65,-173.85,-23.95,
2012-08-05,411.168276294,20.6418738013,-36.98,51.65,-173.85,-23.95,
2012-08-06,392.910310733,14.1174763286,-36.98,51.65,-173.85,-23.95,
2012-08-07,398.72277177,34.5768695436,-36.98,51.65,-173.85,-23.95,
2012-08-08,411.649704481,24.9204259613,-36.98,51.65,-173.85,-23.95,
2012-08-09,414.192248026,88.2295657507,-36.98,51.65,-173.85,-23.95,
2012-08-10,373.592324015,45.4565525089,-36.98,51.65,-173.85,-23.95,
2012-08-11,403.553868512,33.1192070896,-36.98,51.65,-173.85,-23.95,
2012-08-12,412.142817443,42.9280621025,-36.98,51.65,-173.85,-23.95,
2012-08-13,396.395174406,37.9902121724,-36.98,51.65,-173.85,-23.95,
2012-08-14,381.141782037,13.2640419613,-36.98,51.65,-173.85,-23.95,
2012-08-15,394.250340773,21.4739709956,-36.98,51.65,-173.85,-23.95,
2012-08-16,394.910691454,22.9581101907,-36.98,51.65,-173.85,-23.95,
2012-08-17,380.075282585,26.7316677567,-36.98,51.65,-173.85,-23.95,
2012-08-18,389.944255101,34.2539215036,-36.98,51.65,-173.85,-23.95,
2012-08-19,384.757056547,26.0846896663,-36.98,51.65,-173.85,-23.95,
2012-08-20,382.607797845,27.8122511767,-36.98,51.65,-173.85,-23.95,
2012-08-21,388.652677466,39.4287847467,-36.98,51.65,-173.85,-23.95,
2012-08-22,385.198542879,39.1928142925,-36.98,51.65,-173.85,-23.95,
2012-08-23,386.953708442,34.8133559837,-36.98,51.65,-173.85,-23.95,
2012-08-24,374.363578862,41.3677916422,-36.98,51.65,-173.85,-23.95,
2012-08-25,369.049365664,46.213635426,-36.98,51.65,-173.85,-23.95,
2012-08-26,374.24707926,33.4448437791,-36.98,51.65,-173.85,-23.95,
2012-08-27,416.84300069,11.1634860019,-36.98,51.65,-173.85,-23.95,
2012-08-28,378.600090484,88.2370688285,-36.98,51.65,-173.85,-23.95,
2012-08-29,389.167256957,17.4067859475,-36.98,51.65,-173.85,-23.95,
2012-08-30,385.874698682,52.0631312855,-36.98,51.65,-173.85,-23.95,
2012-08-31,391.184875969,23.1084404601,-36.98,51.65,-173.85,-23.95,
2012-09-01,415.655617049,17.4378486402,-36.98,51.65,-173.85,-23.95,
2012-09-02,420.255989109,8.85461637756,-36.98,51.65,-173.85,-23.95,
2012-09-03,390.944958168,9.70562073898,-36.98,51.65,-173.85,-23.95,
2012-09-04,379.926602276,2.68572501964,-36.98,51.65,-173.85,-23.95,
2012-09-05,328.476320324,24.1684289186,-36.98,51.65,-173.85,-23.95,
2012-09-06,287.680646136,31.1221200476,-36.98,51.65,-173.85,-23.95,
2012-09-07,354.615750506,70.5559598201,-36.98,51.65,-173.85,-23.95,
2012-09-08,380.971753777,66.4164866378,-36.98,51.65,-173.85,-23.95,
2012-09-09,393.529556965,56.3612364642,-36.98,51.65,-173.85,-23.95,
2012-09-10,393.853901813,57.7330071076,-36.98,51.65,-173.85,-23.95,
2012-09-11,381.551600324,59.8735836203,-36.98,51.65,-173.85,-23.95,
2012-09-12,440.676447478,64.3022347794,-36.98,51.65,-173.85,-23.95,
2012-09-13,459.589009148,112.046857226,-36.98,51.65,-173.85,-23.95,
2012-09-14,396.676204263,40.5844278255,-36.98,51.65,-173.85,-23.95,
2012-09-15,390.132721715,28.1496722918,-36.98,51.65,-173.85,-23.95,
2012-09-16,392.460400409,38.8611993921,-36.98,51.65,-173.85,-23.95,
2012-09-17,407.657569024,40.8949455954,-36.98,51.65,-173.85,-23.95,
2012-09-18,409.628720975,40.8435545457,-36.98,51.65,-173.85,-23.95,
2012-09-19,435.822641633,68.6975615918,-36.98,51.65,-173.85,-23.95,
2012-09-20,406.280225838,18.873371027,-36.98,51.65,-173.85,-23.95,
2012-09-21,391.28218848,12.416280794,-36.98,51.65,-173.85,-23.95,
2012-09-22,391.792164893,11.5487639275,-36.98,51.65,-173.85,-23.95,
2012-09-23,395.256303307,18.3367766487,-36.98,51.65,-173.85,-23.95,
2012-09-24,437.426866567,107.674880188,-36.98,51.65,-173.85,-23.95,
2012-09-25,423.580764292,150.269256679,-36.98,51.65,-173.85,-23.95,
2012-09-26,339.159308131,8.7255606308,-36.98,51.65,-173.85,-23.95,
2012-09-27,342.382563277,15.3268679208,-36.98,51.65,-173.85,-23.95,
2012-09-28,355.804803752,22.6870228661,-36.98,51.65,-173.85,-23.95,
2012-09-29,366.123907235,16.90176495,-36.98,51.65,-173.85,-23.95,
2012-09-30,408.682159771,81.0958316662,-36.98,51.65,-173.85,-23.95,
2012-10-01,422.208062176,64.0991809333,-36.98,51.65,-173.85,-23.95,
2012-10-02,412.487217399,37.3199080546,-36.98,51.65,-173.85,-23.95,
2012-10-03,375.580794407,16.6100532422,-36.98,51.65,-173.85,-23.95,
2012-10-04,405.749675486,45.9745457858,-36.98,51.65,-173.85,-23.95,
2012-10-05,378.054509912,34.9606660481,-36.98,51.65,-173.85,-23.95,
2012-10-06,378.348094049,7.30204114271,-36.98,51.65,-173.85,-23.95,
2012-10-07,400.80984695,38.6157881448,-36.98,51.65,-173.85,-23.95,
2012-10-08,361.734369112,29.6392370776,-36.98,51.65,-173.85,-23.95,
2012-10-09,392.800741752,8.94709419017,-36.98,51.65,-173.85,-23.95,
2012-10-10,376.941373191,10.7053239335,-36.98,51.65,-173.85,-23.95,
2012-10-11,360.718981131,12.8001741535,-36.98,51.65,-173.85,-23.95,
2012-10-12,340.924199714,8.36957471559,-36.98,51.65,-173.85,-23.95,
2012-10-13,341.025187553,12.2865647317,-36.98,51.65,-173.85,-23.95,
2012-10-14,375.975498932,55.6565034606,-36.98,51.65,-173.85,-23.95,
2012-10-15,355.252053055,16.2844361108,-36.98,51.65,-173.85,-23.95,
2012-10-16,398.459790027,42.4813941896,-36.98,51.65,-173.85,-23.95,
2012-10-17,366.556475253,8.96016293641,-36.98,51.65,-173.85,-23.95,
2012-10-18,405.382245017,44.4363868825,-36.98,51.65,-173.85,-23.95,
2012-10-19,377.880288561,27.420048494,-36.98,51.65,-173.85,-23.95,
2012-10-20,425.597087156,47.531237371,-36.98,51.65,-173.85,-23.95,
2012-10-21,390.847966029,50.3527820206,-36.98,51.65,-173.85,-23.95,
2012-10-22,358.69574097,15.3219229651,-36.98,51.65,-173.85,-23.95,
2012-10-23,368.664419531,15.6441381082,-36.98,51.65,-173.85,-23.95,
2012-10-24,405.407548265,49.3774480471,-36.98,51.65,-173.85,-23.95,
2012-10-25,368.428791476,30.7624932454,-36.98,51.65,-173.85,-23.95,
2012-10-26,377.722353276,33.7240231866,-36.98,51.65,-173.85,-23.95,
2012-10-27,362.119431971,18.1239200412,-36.98,51.65,-173.85,-23.95,
2012-10-28,360.959494333,17.7356798874,-36.98,51.65,-173.85,-23.95,
2012-10-29,370.541200849,13.2581441128,-36.98,51.65,-173.85,-23.95,
2012-10-30,371.349481503,6.05539084324,-36.98,51.65,-173.85,-23.95,
2012-10-31,367.85260183,9.2461572488,-36.98,51.65,-173.85,-23.95,
2012-11-01,381.388163126,30.4334053305,-36.98,51.65,-173.85,-23.95,
2012-11-02,416.977041412,32.1322987191,-36.98,51.65,-173.85,-23.95,
2012-11-03,370.400964302,14.1259711239,-36.98,51.65,-173.85,-23.95,
2012-11-04,403.593443427,39.9307412785,-36.98,51.65,-173.85,-23.95,
2012-11-05,407.153705091,41.170324462,-36.98,51.65,-173.85,-23.95,
2012-11-06,383.516840493,27.2495528012,-36.98,51.65,-173.85,-23.95,
2012-11-07,401.733409809,24.2284062752,-36.98,51.65,-173.85,-23.95,
2012-11-08,383.254831862,8.18465636512,-36.98,51.65,-173.85,-23.95,
2012-11-09,396.527730548,31.7608811609,-36.98,51.65,-173.85,-23.95,
2012-11-10,419.23472357,26.5055252501,-36.98,51.65,-173.85,-23.95,
2012-11-11,399.965327079,24.0213277794,-36.98,51.65,-173.85,-23.95,
2012-11-12,375.199119807,4.98130014579,-36.98,51.65,-173.85,-23.95,
2012-11-13,356.592687105,1.47878074411,-36.98,51.65,-173.85,-23.95,
2012-11-14,350.766888592,4.81901786388,-36.98,51.65,-173.85,-23.95,
2012-11-15,402.443566889,36.6909981219,-36.98,51.65,-173.85,-23.95,
2012-11-16,331.390991663,22.4635152718,-36.98,51.65,-173.85,-23.95,
2012-11-17,,,-36.98,51.65,-173.85,-23.95,
2012-11-18,,,-36.98,51.65,-173.85,-23.95,
2012-11-19,,,-36.98,51.65,-173.85,-23.95,
2012-11-20,,,-36.98,51.65,-173.85,-23.95,
2012-11-21,,,-36.98,51.65,-173.85,-23.95,
2012-11-22,,,-36.98,51.65,-173.85,-23.95,
2012-11-23,,,-36.98,51.65,-173.85,-23.95,
2012-11-24,357.899888537,2.22289464811,-36.98,51.65,-173.85,-23.95,
2012-11-25,355.681571675,3.15408587012,-36.98,51.65,-173.85,-23.95,
2012-11-26,357.8314949,4.93941874445,-36.98,51.65,-173.85,-23.95,
2012-11-27,360.615666005,6.44158280875,-36.98,51.65,-173.85,-23.95,
2012-11-28,354.517055716,7.60147650174,-36.98,51.65,-173.85,-23.95,
2012-11-29,360.776706522,3.24340158288,-36.98,51.65,-173.85,-23.95,
2012-11-30,365.574912402,2.43682866953,-36.98,51.65,-173.85,-23.95,
2012-12-01,370.227384791,4.04240557965,-36.98,51.65,-173.85,-23.95,
2012-12-02,381.532200941,6.60515516922,-36.98,51.65,-173.85,-23.95,
2012-12-03,394.035276415,2.16796603244,-36.98,51.65,-173.85,-23.95,
2012-12-04,371.221908166,6.74004498193,-36.98,51.65,-173.85,-23.95,
2012-12-05,371.251715061,0.780490479974,-36.98,51.65,-173.85,-23.95,
2012-12-06,,,-36.98,51.65,-173.85,-23.95,
2012-12-07,,,-36.98,51.65,-173.85,-23.95,
2012-12-08,374.41533775,19.5766983562,-36.98,51.65,-173.85,-23.95,
2012-12-09,380.6538903,4.52472398881,-36.98,51.65,-173.85,-23.95,
2012-12-10,373.734592838,2.32637043482,-36.98,51.65,-173.85,-23.95,
2012-12-11,366.230572751,3.18106880271,-36.98,51.65,-173.85,-23.95,
2012-12-12,355.42744642,6.26873117177,-36.98,51.65,-173.85,-23.95,
2012-12-13,353.034650634,4.46377064782,-36.98,51.65,-173.85,-23.95,
2012-12-14,346.36357384,2.00636862386,-36.98,51.65,-173.85,-23.95,
2012-12-15,,,-36.98,51.65,-173.85,-23.95,
2012-12-16,,,-36.98,51.65,-173.85,-23.95,
2012-12-17,,,-36.98,51.65,-173.85,-23.95,
2012-12-18,,,-36.98,51.65,-173.85,-23.95,
2012-12-19,,,-36.98,51.65,-173.85,-23.95,
2012-12-20,,,-36.98,51.65,-173.85,-23.95,
2012-12-21,,,-36.98,51.65,-173.85,-23.95,
2012-12-22,348.651948225,1.97953824468,-36.98,51.65,-173.85,-23.95,
2012-12-23,346.534467848,1.64843362235,-36.98,51.65,-173.85,-23.95,
2012-12-24,350.47721872,4.60462854194,-36.98,51.65,-173.85,-23.95,
2012-12-25,348.246745596,3.66063219987,-36.98,51.65,-173.85,-23.95,
2012-12-26,342.113809769,1.86514098251,-36.98,51.65,-173.85,-23.95,
2012-12-27,,,-36.98,51.65,-173.85,-23.95,
2012-12-28,,,-36.98,51.65,-173.85,-23.95,
2012-12-29,,,-36.98,51.65,-173.85,-23.95,
2012-12-30,,,-36.98,51.65,-173.85,-23.95,
2012-12-31,,,-36.98,51.65,-173.85,-23.95,
2013-01-01,386.89901574,12.2276433546,-36.98,51.65,-173.85,-23.95,
2013-01-02,377.91012028,3.2668788018,-36.98,51.65,-173.85,-23.95,
2013-01-03,373.858994193,5.23245076812,-36.98,51.65,-173.85,-23.95,
2013-01-04,364.263100026,2.97485323244,-36.98,51.65,-173.85,-23.95,
2013-01-05,364.271661477,9.22259264932,-36.98,51.65,-173.85,-23.95,
2013-01-06,367.88938992,5.80012769549,-36.98,51.65,-173.85,-23.95,
2013-01-07,,,-36.98,51.65,-173.85,-23.95,
2013-01-08,346.134991716,2.69629519277,-36.98,51.65,-173.85,-23.95,
2013-01-09,346.587738277,2.94498567839,-36.98,51.65,-173.85,-23.95,
2013-01-10,362.667441797,30.056730798,-36.98,51.65,-173.85,-23.95,
2013-01-11,363.427593998,4.07979166085,-36.98,51.65,-173.85,-23.95,
2013-01-12,395.214596501,15.1662484585,-36.98,51.65,-173.85,-23.95,
2013-01-13,,,-36.98,51.65,-173.85,-23.95,
2013-01-14,,,-36.98,51.65,-173.85,-23.95,
2013-01-15,,,-36.98,51.65,-173.85,-23.95,
2013-01-16,,,-36.98,51.65,-173.85,-23.95,
2013-01-17,,,-36.98,51.65,-173.85,-23.95,
2013-01-18,,,-36.98,51.65,-173.85,-23.95,
2013-01-19,379.23594209,3.85521532646,-36.98,51.65,-173.85,-23.95,
2013-01-20,377.501174333,5.24069176903,-36.98,51.65,-173.85,-23.95,
2013-01-21,386.106710482,1.38737222992,-36.98,51.65,-173.85,-23.95,
2013-01-22,,,-36.98,51.65,-173.85,-23.95,
2013-01-23,,,-36.98,51.65,-173.85,-23.95,
2013-01-24,,,-36.98,51.65,-173.85,-23.95,
2013-01-25,,,-36.98,51.65,-173.85,-23.95,
2013-01-26,,,-36.98,51.65,-173.85,-23.95,
2013-01-27,,,-36.98,51.65,-173.85,-23.95,
2013-01-28,,,-36.98,51.65,-173.85,-23.95,
2013-01-29,,,-36.98,51.65,-173.85,-23.95,
2013-01-30,,,-36.98,51.65,-173.85,-23.95,
2013-01-31,,,-36.98,51.65,-173.85,-23.95,
2013-02-01,394.786545227,19.3631300389,-36.98,51.65,-173.85,-23.95,
2013-02-02,370.033914201,13.9583064459,-36.98,51.65,-173.85,-23.95,
2013-02-03,347.731049552,11.4110214496,-36.98,51.65,-173.85,-23.95,
2013-02-04,346.151033445,13.8417011801,-36.98,51.65,-173.85,-23.95,
2013-02-05,365.139247329,11.1400404231,-36.98,51.65,-173.85,-23.95,
2013-02-06,408.949558574,29.6682768501,-36.98,51.65,-173.85,-23.95,
2013-02-07,408.568843083,49.0044157867,-36.98,51.65,-173.85,-23.95,
2013-02-08,412.35290059,33.2752578232,-36.98,51.65,-173.85,-23.95,
2013-02-09,359.388228867,6.09051313247,-36.98,51.65,-173.85,-23.95,
2013-02-10,369.060049694,31.2219128194,-36.98,51.65,-173.85,-23.95,
2013-02-11,361.363533483,8.37740811215,-36.98,51.65,-173.85,-23.95,
2013-02-12,358.027433748,10.048024296,-36.98,51.65,-173.85,-23.95,
2013-02-13,,,-36.98,51.65,-173.85,-23.95,
2013-02-14,368.734197539,3.72676190835,-36.98,51.65,-173.85,-23.95,
2013-02-15,368.665798295,5.50070860633,-36.98,51.65,-173.85,-23.95,
2013-02-16,359.177976399,12.4331829624,-36.98,51.65,-173.85,-23.95,
2013-02-17,379.877069473,1.28773904232,-36.98,51.65,-173.85,-23.95,
2013-02-18,382.176545704,1.41008788449,-36.98,51.65,-173.85,-23.95,
2013-02-19,378.745786425,1.90595096987,-36.98,51.65,-173.85,-23.95,
2013-02-20,372.165690901,4.76955845558,-36.98,51.65,-173.85,-23.95,
2013-02-21,371.543440249,2.40878064418,-36.98,51.65,-173.85,-23.95,
2013-02-22,,,-36.98,51.65,-173.85,-23.95,
2013-02-23,,,-36.98,51.65,-173.85,-23.95,
2013-02-24,,,-36.98,51.65,-173.85,-23.95,
2013-02-25,,,-36.98,51.65,-173.85,-23.95,
2013-02-26,,,-36.98,51.65,-173.85,-23.95,
2013-02-27,,,-36.98,51.65,-173.85,-23.95,
2013-02-28,340.799273344,49.267380554,-36.98,51.65,-173.85,-23.95,
2013-03-01,505.328045905,89.5894108676,-36.98,51.65,-173.85,-23.95,
2013-03-02,420.186651327,39.4584507676,-36.98,51.65,-173.85,-23.95,
2013-03-03,374.227708731,12.9281553582,-36.98,51.65,-173.85,-23.95,
2013-03-04,372.457180214,15.1311924742,-36.98,51.65,-173.85,-23.95,
2013-03-05,373.376062085,13.1701327714,-36.98,51.65,-173.85,-23.95,
2013-03-06,373.086490959,11.4163832525,-36.98,51.65,-173.85,-23.95,
2013-03-07,381.440415134,19.356869301,-36.98,51.65,-173.85,-23.95,
2013-03-08,382.870416912,13.4052540788,-36.98,51.65,-173.85,-23.95,
2013-03-09,390.548870347,28.4146262189,-36.98,51.65,-173.85,-23.95,
2013-03-10,440.944766116,80.7433280601,-36.98,51.65,-173.85,-23.95,
2013-03-11,612.751447909,24.480192803,-36.98,51.65,-173.85,-23.95,
2013-03-12,525.798123651,56.3651807739,-36.98,51.65,-173.85,-23.95,
2013-03-13,417.386831349,34.7784864887,-36.98,51.65,-173.85,-23.95,
2013-03-14,364.249308012,38.9547989813,-36.98,51.65,-173.85,-23.95,
2013-03-15,365.310656163,18.0191919763,-36.98,51.65,-173.85,-23.95,
2013-03-16,362.399318021,25.9485739832,-36.98,51.65,-173.85,-23.95,
2013-03-17,359.110738499,23.6870826578,-36.98,51.65,-173.85,-23.95,
2013-03-18,355.525156811,22.1179311978,-36.98,51.65,-173.85,-23.95,
2013-03-19,351.588677968,16.1724648573,-36.98,51.65,-173.85,-23.95,
2013-03-20,331.821171291,28.4904689551,-36.98,51.65,-173.85,-23.95,
2013-03-21,300.887954198,24.5752334923,-36.98,51.65,-173.85,-23.95,
2013-03-22,291.149992635,16.2881962817,-36.98,51.65,-173.85,-23.95,
2013-03-23,301.102961312,31.7775835578,-36.98,51.65,-173.85,-23.95,
2013-03-24,357.363484491,10.5350446341,-36.98,51.65,-173.85,-23.95,
2013-03-25,336.71094835,26.1234323068,-36.98,51.65,-173.85,-23.95,
2013-03-26,332.10466244,31.6292443748,-36.98,51.65,-173.85,-23.95,
2013-03-27,306.780516123,31.1289146164,-36.98,51.65,-173.85,-23.95,
2013-03-28,352.287130222,18.8776615549,-36.98,51.65,-173.85,-23.95,
2013-03-29,318.646099843,68.4751184673,-36.98,51.65,-173.85,-23.95,
2013-03-30,343.083010151,37.8605360769,-36.98,51.65,-173.85,-23.95,
2013-03-31,348.401397851,27.0195056287,-36.98,51.65,-173.85,-23.95,
2013-04-01,341.802711927,37.5247390364,-36.98,51.65,-173.85,-23.95,
2013-04-02,358.908578572,39.4824160675,-36.98,51.65,-173.85,-23.95,
2013-04-03,411.931563398,40.1917141169,-36.98,51.65,-173.85,-23.95,
2013-04-04,381.330055123,76.986560143,-36.98,51.65,-173.85,-23.95,
2013-04-05,359.445456205,43.4015350885,-36.98,51.65,-173.85,-23.95,
2013-04-06,352.529551953,13.3077452625,-36.98,51.65,-173.85,-23.95,
2013-04-07,359.166615958,28.2944687038,-36.98,51.65,-173.85,-23.95,
2013-04-08,362.087154928,10.5595519231,-36.98,51.65,-173.85,-23.95,
2013-04-09,352.904705474,16.6083082972,-36.98,51.65,-173.85,-23.95,
2013-04-10,349.231722994,27.6384672376,-36.98,51.65,-173.85,-23.95,
2013-04-11,340.257755802,33.8538588825,-36.98,51.65,-173.85,-23.95,
2013-04-12,345.944330252,13.3646705166,-36.98,51.65,-173.85,-23.95,
2013-04-13,347.829598334,21.0485751209,-36.98,51.65,-173.85,-23.95,
2013-04-14,358.074917996,21.5089852196,-36.98,51.65,-173.85,-23.95,
2013-04-15,360.855026063,22.0905599327,-36.98,51.65,-173.85,-23.95,
2013-04-16,363.434562696,17.543737788,-36.98,51.65,-173.85,-23.95,
2013-04-17,362.335636656,20.7030853118,-36.98,51.65,-173.85,-23.95,
2013-04-18,355.19011727,29.3255502905,-36.98,51.65,-173.85,-23.95,
2013-04-19,357.351919505,40.2262527409,-36.98,51.65,-173.85,-23.95,
2013-04-20,360.167614675,24.1195108422,-36.98,51.65,-173.85,-23.95,
2013-04-21,345.995744308,34.6143876384,-36.98,51.65,-173.85,-23.95,
2013-04-22,358.008286394,19.3831194817,-36.98,51.65,-173.85,-23.95,
2013-04-23,367.483765808,22.3403102745,-36.98,51.65,-173.85,-23.95,
2013-04-24,370.357012232,24.7494453872,-36.98,51.65,-173.85,-23.95,
2013-04-25,364.578870507,26.3592013175,-36.98,51.65,-173.85,-23.95,
2013-04-26,373.479784646,36.4403145511,-36.98,51.65,-173.85,-23.95,
2013-04-27,361.576950793,28.4081915832,-36.98,51.65,-173.85,-23.95,
2013-04-28,370.420006691,25.5381690364,-36.98,51.65,-173.85,-23.95,
2013-04-29,350.680841185,3.10118527442,-36.98,51.65,-173.85,-23.95,
2013-04-30,349.639504387,28.6688982754,-36.98,51.65,-173.85,-23.95,
2013-05-01,338.762301945,19.1131677172,-36.98,51.65,-173.85,-23.95,
2013-05-02,321.266438357,30.4360568302,-36.98,51.65,-173.85,-23.95,
2013-05-03,316.402524863,26.6182249443,-36.98,51.65,-173.85,-23.95,
2013-05-04,331.260929588,43.6105367471,-36.98,51.65,-173.85,-23.95,
2013-05-05,338.336015667,32.2904036918,-36.98,51.65,-173.85,-23.95,
2013-05-06,334.437711479,32.9860138118,-36.98,51.65,-173.85,-23.95,
2013-05-07,307.451623372,47.9779359126,-36.98,51.65,-173.85,-23.95,
2013-05-08,338.882099853,26.5066398169,-36.98,51.65,-173.85,-23.95,
2013-05-09,364.980583557,24.0408427053,-36.98,51.65,-173.85,-23.95,
2013-05-10,351.097462502,11.4692422808,-36.98,51.65,-173.85,-23.95,
2013-05-11,347.701661038,6.80319127861,-36.98,51.65,-173.85,-23.95,
2013-05-12,352.14816215,3.62952445958,-36.98,51.65,-173.85,-23.95,
2013-05-13,351.823615068,2.64698484322,-36.98,51.65,-173.85,-23.95,
2013-05-14,353.08942669,3.37788122115,-36.98,51.65,-173.85,-23.95,
2013-05-15,352.052243202,3.27349632667,-36.98,51.65,-173.85,-23.95,
2013-05-16,354.070305145,5.19708745825,-36.98,51.65,-173.85,-23.95,
2013-05-17,359.433254238,3.35840636057,-36.98,51.65,-173.85,-23.95,
2013-05-18,387.357657919,16.1488621441,-36.98,51.65,-173.85,-23.95,
2013-05-19,362.888735965,6.49647931115,-36.98,51.65,-173.85,-23.95,
2013-05-20,359.404912994,4.06296458877,-36.98,51.65,-173.85,-23.95,
2013-05-21,337.656797752,9.33088452053,-36.98,51.65,-173.85,-23.95,
2013-05-22,330.964632126,15.075812006,-36.98,51.65,-173.85,-23.95,
2013-05-23,342.871435084,25.9528458243,-36.98,51.65,-173.85,-23.95,
2013-05-24,348.127680218,23.2084743531,-36.98,51.65,-173.85,-23.95,
2013-05-25,393.619546392,18.8372919754,-36.98,51.65,-173.85,-23.95,
2013-05-26,375.436044672,13.8111205131,-36.98,51.65,-173.85,-23.95,
2013-05-27,372.490117537,7.23161765546,-36.98,51.65,-173.85,-23.95,
2013-05-28,385.881374025,11.4928807062,-36.98,51.65,-173.85,-23.95,
2013-05-29,443.176409847,15.1479757009,-36.98,51.65,-173.85,-23.95,
2013-05-30,465.794827019,7.14280907405,-36.98,51.65,-173.85,-23.95,
2013-05-31,435.271976059,26.2224065857,-36.98,51.65,-173.85,-23.95,
2013-06-01,370.23921533,9.10379109939,-36.98,51.65,-173.85,-23.95,
2013-06-02,369.605450723,12.1826079985,-36.98,51.65,-173.85,-23.95,
2013-06-03,378.008004115,20.0108729803,-36.98,51.65,-173.85,-23.95,
2013-06-04,359.785487095,19.9044906832,-36.98,51.65,-173.85,-23.95,
2013-06-05,366.116235969,5.6019143731,-36.98,51.65,-173.85,-23.95,
2013-06-06,388.657830057,9.94004156542,-36.98,51.65,-173.85,-23.95,
2013-06-07,,,-36.98,51.65,-173.85,-23.95,
2013-06-08,,,-36.98,51.65,-173.85,-23.95,
2013-06-09,399.292267301,22.3451539586,-36.98,51.65,-173.85,-23.95,
2013-06-10,359.618308432,13.0567676244,-36.98,51.65,-173.85,-23.95,
2013-06-11,326.676337865,16.1785786592,-36.98,51.65,-173.85,-23.95,
2013-06-12,327.805011325,22.4345841393,-36.98,51.65,-173.85,-23.95,
2013-06-13,340.412368672,22.7809897429,-36.98,51.65,-173.85,-23.95,
2013-06-14,357.075451715,44.2685571839,-36.98,51.65,-173.85,-23.95,
2013-06-15,346.176262411,30.4249636231,-36.98,51.65,-173.85,-23.95,
2013-06-16,364.666396698,42.6513125234,-36.98,51.65,-173.85,-23.95,
2013-06-17,380.878451194,30.5073740687,-36.98,51.65,-173.85,-23.95,
2013-06-18,358.621440632,43.9077331343,-36.98,51.65,-173.85,-23.95,
2013-06-19,356.669198756,23.9078828485,-36.98,51.65,-173.85,-23.95,
2013-06-20,357.054403237,16.4381182457,-36.98,51.65,-173.85,-23.95,
2013-06-21,343.732763219,15.2941478176,-36.98,51.65,-173.85,-23.95,
2013-06-22,357.493808535,29.2778413068,-36.98,51.65,-173.85,-23.95,
2013-06-23,368.235992289,32.4353312215,-36.98,51.65,-173.85,-23.95,
2013-06-24,412.27545642,26.7343421067,-36.98,51.65,-173.85,-23.95,
2013-06-25,425.145986301,14.1090458173,-36.98,51.65,-173.85,-23.95,
2013-06-26,388.894421672,17.3491959674,-36.98,51.65,-173.85,-23.95,
2013-06-27,368.791368654,57.3995137075,-36.98,51.65,-173.85,-23.95,
2013-06-28,379.907388139,19.0582742733,-36.98,51.65,-173.85,-23.95,
2013-06-29,391.140921231,15.891279244,-36.98,51.65,-173.85,-23.95,
2013-06-30,395.896196154,12.1913593956,-36.98,51.65,-173.85,-23.95,
2013-07-01,409.414632268,23.0096274966,-36.98,51.65,-173.85,-23.95,
2013-07-02,405.752960539,39.8186470448,-36.98,51.65,-173.85,-23.95,
2013-07-03,384.320803498,42.874936255,-36.98,51.65,-173.85,-23.95,
2013-07-04,390.775448341,20.164392842,-36.98,51.65,-173.85,-23.95,
2013-07-05,385.598631681,20.9801218377,-36.98,51.65,-173.85,-23.95,
2013-07-06,423.112085477,55.5459231265,-36.98,51.65,-173.85,-23.95,
2013-07-07,416.368244618,28.8951685135,-36.98,51.65,-173.85,-23.95,
2013-07-08,401.767215399,41.1392378918,-36.98,51.65,-173.85,-23.95,
2013-07-09,437.19990979,21.2762349927,-36.98,51.65,-173.85,-23.95,
2013-07-10,420.204036936,16.3394049284,-36.98,51.65,-173.85,-23.95,
2013-07-11,405.927296642,37.3342267398,-36.98,51.65,-173.85,-23.95,
2013-07-12,402.020556445,27.033411975,-36.98,51.65,-173.85,-23.95,
2013-07-13,406.815585797,20.140502439,-36.98,51.65,-173.85,-23.95,
2013-07-14,405.26706924,17.1107300085,-36.98,51.65,-173.85,-23.95,
2013-07-15,416.026123513,22.5584686926,-36.98,51.65,-173.85,-23.95,
2013-07-16,405.137396702,9.94700774496,-36.98,51.65,-173.85,-23.95,
2013-07-17,398.228152783,29.9424408401,-36.98,51.65,-173.85,-23.95,
2013-07-18,393.111448012,25.5209854051,-36.98,51.65,-173.85,-23.95,
2013-07-19,402.093465991,27.2766549486,-36.98,51.65,-173.85,-23.95,
2013-07-20,425.77238062,38.2425465723,-36.98,51.65,-173.85,-23.95,
2013-07-21,427.625778215,34.4353590787,-36.98,51.65,-173.85,-23.95,
2013-07-22,418.869005779,23.8248454596,-36.98,51.65,-173.85,-23.95,
2013-07-23,426.617014143,35.9433229644,-36.98,51.65,-173.85,-23.95,
2013-07-24,395.344402379,30.7159296042,-36.98,51.65,-173.85,-23.95,
2013-07-25,366.504503673,39.984356783,-36.98,51.65,-173.85,-23.95,
2013-07-26,402.446363516,17.7858406836,-36.98,51.65,-173.85,-23.95,
2013-07-27,415.185206319,16.8456510161,-36.98,51.65,-173.85,-23.95,
2013-07-28,419.095339269,16.9171510432,-36.98,51.65,-173.85,-23.95,
2013-07-29,415.615409031,18.0296365293,-36.98,51.65,-173.85,-23.95,
2013-07-30,397.368542796,14.5513182697,-36.98,51.65,-173.85,-23.95,
2013-07-31,387.195553476,17.3530071227,-36.98,51.65,-173.85,-23.95,
2013-08-01,397.545090909,19.4424103033,-36.98,51.65,-173.85,-23.95,
2013-08-02,394.726234573,13.5256044559,-36.98,51.65,-173.85,-23.95,
2013-08-03,390.635373336,14.5376143031,-36.98,51.65,-173.85,-23.95,
2013-08-04,395.266590897,14.7359268901,-36.98,51.65,-173.85,-23.95,
2013-08-05,394.525326326,20.6207386236,-36.98,51.65,-173.85,-23.95,
2013-08-06,397.50075831,13.933421519,-36.98,51.65,-173.85,-23.95,
2013-08-07,393.348427883,19.5411096296,-36.98,51.65,-173.85,-23.95,
2013-08-08,397.492146306,18.6555865945,-36.98,51.65,-173.85,-23.95,
2013-08-09,389.481221497,16.3364842457,-36.98,51.65,-173.85,-23.95,
2013-08-10,396.198508328,17.318755158,-36.98,51.65,-173.85,-23.95,
2013-08-11,414.717852443,20.566552467,-36.98,51.65,-173.85,-23.95,
2013-08-12,406.604668566,23.358437518,-36.98,51.65,-173.85,-23.95,
2013-08-13,399.638639756,15.0015696663,-36.98,51.65,-173.85,-23.95,
2013-08-14,392.324698587,13.9855609728,-36.98,51.65,-173.85,-23.95,
2013-08-15,381.460926574,19.1046702509,-36.98,51.65,-173.85,-23.95,
2013-08-16,380.381177852,19.4796248634,-36.98,51.65,-173.85,-23.95,
2013-08-17,386.778741544,20.1140957504,-36.98,51.65,-173.85,-23.95,
2013-08-18,391.076277045,24.3187520374,-36.98,51.65,-173.85,-23.95,
2013-08-19,393.755880967,6.56619215414,-36.98,51.65,-173.85,-23.95,
2013-08-20,390.918870241,7.60028370569,-36.98,51.65,-173.85,-23.95,
2013-08-21,391.42901643,4.61772857986,-36.98,51.65,-173.85,-23.95,
2013-08-22,410.213264543,8.48241923143,-36.98,51.65,-173.85,-23.95,
2013-08-23,405.34544876,9.22750577173,-36.98,51.65,-173.85,-23.95,
2013-08-24,420.409885312,11.2213947912,-36.98,51.65,-173.85,-23.95,
2013-08-25,417.902091551,13.4706581708,-36.98,51.65,-173.85,-23.95,
2013-08-26,408.932792973,10.5997815632,-36.98,51.65,-173.85,-23.95,
2013-08-27,384.607736039,8.2365929358,-36.98,51.65,-173.85,-23.95,
2013-08-28,372.11797369,2.71565137675,-36.98,51.65,-173.85,-23.95,
2013-08-29,375.397283884,6.94391242357,-36.98,51.65,-173.85,-23.95,
2013-08-30,385.264135074,7.17578416778,-36.98,51.65,-173.85,-23.95,
2013-08-31,397.063004397,14.7879834659,-36.98,51.65,-173.85,-23.95,
2013-09-01,389.239568068,5.52955593243,-36.98,51.65,-173.85,-23.95,
2013-09-02,388.516701945,2.29149698846,-36.98,51.65,-173.85,-23.95,
2013-09-03,404.320933321,25.9305933287,-36.98,51.65,-173.85,-23.95,
2013-09-04,394.476065671,17.5739141724,-36.98,51.65,-173.85,-23.95,
2013-09-05,405.540174242,17.3459607605,-36.98,51.65,-173.85,-23.95,
2013-09-06,405.373243886,15.0609262482,-36.98,51.65,-173.85,-23.95,
2013-09-07,397.478294952,17.5652168983,-36.98,51.65,-173.85,-23.95,
2013-09-08,395.338999388,19.5025403463,-36.98,51.65,-173.85,-23.95,
2013-09-09,401.997443478,22.0583271914,-36.98,51.65,-173.85,-23.95,
2013-09-10,395.707492715,25.9748585952,-36.98,51.65,-173.85,-23.95,
2013-09-11,389.892629928,22.978644448,-36.98,51.65,-173.85,-23.95,
2013-09-12,397.06774882,26.7100724895,-36.98,51.65,-173.85,-23.95,
2013-09-13,395.444685587,28.2073194696,-36.98,51.65,-173.85,-23.95,
2013-09-14,410.657082428,23.5537792573,-36.98,51.65,-173.85,-23.95,
2013-09-15,400.548218589,28.2197992415,-36.98,51.65,-173.85,-23.95,
2013-09-16,385.801787659,13.6718360722,-36.98,51.65,-173.85,-23.95,
2013-09-17,386.209512289,12.0627813223,-36.98,51.65,-173.85,-23.95,
2013-09-18,374.751743134,14.807347665,-36.98,51.65,-173.85,-23.95,
2013-09-19,386.698241286,20.9014330816,-36.98,51.65,-173.85,-23.95,
2013-09-20,362.135175093,24.2008749233,-36.98,51.65,-173.85,-23.95,
2013-09-21,365.859867727,19.364678172,-36.98,51.65,-173.85,-23.95,
2013-09-22,363.710763063,11.9865327659,-36.98,51.65,-173.85,-23.95,
2013-09-23,375.183260376,13.5331546511,-36.98,51.65,-173.85,-23.95,
2013-09-24,371.399791573,9.24483975482,-36.98,51.65,-173.85,-23.95,
2013-09-25,376.024921424,11.5110547128,-36.98,51.65,-173.85,-23.95,
2013-09-26,380.108130385,40.3514386195,-36.98,51.65,-173.85,-23.95,
2013-09-27,385.973006648,32.3126170529,-36.98,51.65,-173.85,-23.95,
2013-09-28,400.362885943,17.4460483974,-36.98,51.65,-173.85,-23.95,
2013-09-29,388.295848102,29.5730353378,-36.98,51.65,-173.85,-23.95,
2013-09-30,399.743319179,22.7781422838,-36.98,51.65,-173.85,-23.95,
2013-10-01,395.739508634,21.3766018117,-36.98,51.65,-173.85,-23.95,
2013-10-02,394.279243801,11.4671911088,-36.98,51.65,-173.85,-23.95,
2013-10-03,,,-36.98,51.65,-173.85,-23.95,
2013-10-04,366.416668939,8.51564800582,-36.98,51.65,-173.85,-23.95,
2013-10-05,363.22448979,22.9040637127,-36.98,51.65,-173.85,-23.95,
2013-10-06,354.608680042,22.6099139287,-36.98,51.65,-173.85,-23.95,
2013-10-07,377.262372592,5.22226507698,-36.98,51.65,-173.85,-23.95,
2013-10-08,369.644403211,24.8084087737,-36.98,51.65,-173.85,-23.95,
2013-10-09,355.378564811,47.0251564071,-36.98,51.65,-173.85,-23.95,
2013-10-10,338.933135957,2.99853272532,-36.98,51.65,-173.85,-23.95,
2013-10-11,343.081981315,3.6464085002,-36.98,51.65,-173.85,-23.95,
2013-10-12,,,-36.98,51.65,-173.85,-23.95,
2013-10-13,,,-36.98,51.65,-173.85,-23.95,
2013-10-14,,,-36.98,51.65,-173.85,-23.95,
2013-10-15,,,-36.98,51.65,-173.85,-23.95,
2013-10-16,,,-36.98,51.65,-173.85,-23.95,
2013-10-17,399.530308229,9.97782582206,-36.98,51.65,-173.85,-23.95,
2013-10-18,417.607974815,38.3350193363,-36.98,51.65,-173.85,-23.95,
2013-10-19,,,-36.98,51.65,-173.85,-23.95,
2013-10-20,385.541109084,2.56498847365,-36.98,51.65,-173.85,-23.95,
2013-10-21,381.837167311,8.40656082332,-36.98,51.65,-173.85,-23.95,
2013-10-22,382.566971609,51.0533362521,-36.98,51.65,-173.85,-23.95,
2013-10-23,347.731245478,55.5988011726,-36.98,51.65,-173.85,-23.95,
2013-10-24,326.953047916,23.1635811302,-36.98,51.65,-173.85,-23.95,
2013-10-25,362.654856677,37.8735313609,-36.98,51.65,-173.85,-23.95,
2013-10-26,378.509923093,42.788562958,-36.98,51.65,-173.85,-23.95,
2013-10-27,371.750976699,15.9970845301,-36.98,51.65,-173.85,-23.95,
2013-10-28,366.81140343,20.5503126658,-36.98,51.65,-173.85,-23.95,
2013-10-29,374.291406854,16.8630956877,-36.98,51.65,-173.85,-23.95,
2013-10-30,380.554221099,17.9033011557,-36.98,51.65,-173.85,-23.95,
2013-10-31,384.403866575,31.873918072,-36.98,51.65,-173.85,-23.95,
2013-11-01,365.538249751,21.2671052007,-36.98,51.65,-173.85,-23.95,
2013-11-02,376.783032861,22.8839087957,-36.98,51.65,-173.85,-23.95,
2013-11-03,358.862635169,29.8101143975,-36.98,51.65,-173.85,-23.95,
2013-11-04,371.10348866,27.8828256913,-36.98,51.65,-173.85,-23.95,
2013-11-05,368.811386324,11.4165907123,-36.98,51.65,-173.85,-23.95,
2013-11-06,364.104306324,21.6844010856,-36.98,51.65,-173.85,-23.95,
2013-11-07,361.611952373,22.3192763262,-36.98,51.65,-173.85,-23.95,
2013-11-08,377.665302014,29.3871789551,-36.98,51.65,-173.85,-23.95,
2013-11-09,394.839188423,21.345115812,-36.98,51.65,-173.85,-23.95,
2013-11-10,388.217090557,16.5762163499,-36.98,51.65,-173.85,-23.95,
2013-11-11,401.5966749,33.064440291,-36.98,51.65,-173.85,-23.95,
2013-11-12,392.558383584,28.5238241365,-36.98,51.65,-173.85,-23.95,
2013-11-13,378.70181476,31.9750403207,-36.98,51.65,-173.85,-23.95,
2013-11-14,365.901817408,33.5247310429,-36.98,51.65,-173.85,-23.95,
2013-11-15,360.859957661,32.4227066046,-36.98,51.65,-173.85,-23.95,
2013-11-16,357.687035337,18.1635797058,-36.98,51.65,-173.85,-23.95,
2013-11-17,373.350757055,24.224667506,-36.98,51.65,-173.85,-23.95,
2013-11-18,381.066565721,24.8788806287,-36.98,51.65,-173.85,-23.95,
2013-11-19,371.891571345,19.5983347543,-36.98,51.65,-173.85,-23.95,
2013-11-20,367.957240694,20.8204634488,-36.98,51.65,-173.85,-23.95,
2013-11-21,359.811070026,26.3145779187,-36.98,51.65,-173.85,-23.95,
2013-11-22,348.283934129,22.1757607232,-36.98,51.65,-173.85,-23.95,
2013-11-23,368.760693371,29.9952701293,-36.98,51.65,-173.85,-23.95,
2013-11-24,372.36862293,33.7818974987,-36.98,51.65,-173.85,-23.95,
2013-11-25,359.565432014,11.5777292869,-36.98,51.65,-173.85,-23.95,
2013-11-26,396.447718136,6.59138261669,-36.98,51.65,-173.85,-23.95,
2013-11-27,389.327209904,12.7398445285,-36.98,51.65,-173.85,-23.95,
2013-11-28,366.397648267,19.0945587539,-36.98,51.65,-173.85,-23.95,
2013-11-29,369.764021886,23.0718361077,-36.98,51.65,-173.85,-23.95,
2013-11-30,358.005793804,16.7869270152,-36.98,51.65,-173.85,-23.95,
2013-12-01,354.074177191,11.2161264558,-36.98,51.65,-173.85,-23.95,
2013-12-02,355.645848471,20.5247478979,-36.98,51.65,-173.85,-23.95,
2013-12-03,350.866489163,15.7353863655,-36.98,51.65,-173.85,-23.95,
2013-12-04,348.656904786,8.60848306789,-36.98,51.65,-173.85,-23.95,
2013-12-05,375.233696072,9.15288063992,-36.98,51.65,-173.85,-23.95,
2013-12-06,377.873434387,5.77260374047,-36.98,51.65,-173.85,-23.95,
2013-12-07,373.215897955,8.18077450542,-36.98,51.65,-173.85,-23.95,
2013-12-08,377.060494295,2.83403563353,-36.98,51.65,-173.85,-23.95,
2013-12-09,356.46001052,4.11497139833,-36.98,51.65,-173.85,-23.95,
2013-12-10,350.06494783,4.69284501397,-36.98,51.65,-173.85,-23.95,
2013-12-11,346.831011195,8.1157664118,-36.98,51.65,-173.85,-23.95,
2013-12-12,337.505523209,8.121822757,-36.98,51.65,-173.85,-23.95,
2013-12-13,342.474559298,10.7282224025,-36.98,51.65,-173.85,-23.95,
2013-12-14,344.482214352,3.67554770732,-36.98,51.65,-173.85,-23.95,
2013-12-15,354.553601257,2.68941237859,-36.98,51.65,-173.85,-23.95,
2013-12-16,365.927143984,7.09970566689,-36.98,51.65,-173.85,-23.95,
2013-12-17,367.78355358,1.66420173486,-36.98,51.65,-173.85,-23.95,
2013-12-18,369.761395402,4.63000038738,-36.98,51.65,-173.85,-23.95,
2013-12-19,375.117679789,7.74714465831,-36.98,51.65,-173.85,-23.95,
2013-12-20,366.492675311,11.9976267017,-36.98,51.65,-173.85,-23.95,
2013-12-21,364.828257189,33.0954136732,-36.98,51.65,-173.85,-23.95,
2013-12-22,333.635250664,10.7602826362,-36.98,51.65,-173.85,-23.95,
2013-12-23,325.805862149,12.9172241633,-36.98,51.65,-173.85,-23.95,
2013-12-24,416.718873655,1.4599980013,-36.98,51.65,-173.85,-23.95,
2013-12-25,422.062641274,5.16205111463,-36.98,51.65,-173.85,-23.95,
2013-12-26,422.401811313,1.74451802165,-36.98,51.65,-173.85,-23.95,
2013-12-27,416.582190164,2.993750963,-36.98,51.65,-173.85,-23.95,
2013-12-28,377.795134267,22.4159957638,-36.98,51.65,-173.85,-23.95,
2013-12-29,360.351312023,28.7976356607,-36.98,51.65,-173.85,-23.95,
2013-12-30,353.636821498,27.2596534708,-36.98,51.65,-173.85,-23.95,
2013-12-31,353.104718634,28.0906956439,-36.98,51.65,-173.85,-23.95,
2014-01-01,359.560682995,30.8032095425,-36.98,51.65,-173.85,-23.95,
2014-01-02,366.280788093,34.7805419722,-36.98,51.65,-173.85,-23.95,
2014-01-03,383.015880798,33.2245871452,-36.98,51.65,-173.85,-23.95,
2014-01-04,420.249679153,4.28887218166,-36.98,51.65,-173.85,-23.95,
2014-01-05,430.296565619,7.85834008227,-36.98,51.65,-173.85,-23.95,
2014-01-06,443.457491915,6.53447333707,-36.98,51.65,-173.85,-23.95,
2014-01-07,446.577326057,3.09683810389,-36.98,51.65,-173.85,-23.95,
2014-01-08,439.452741894,7.56332707595,-36.98,51.65,-173.85,-23.95,
2014-01-09,424.49557188,5.37318222548,-36.98,51.65,-173.85,-23.95,
2014-01-10,427.279717368,9.3499803757,-36.98,51.65,-173.85,-23.95,
2014-01-11,424.916342994,8.82224050246,-36.98,51.65,-173.85,-23.95,
2014-01-12,424.365595069,4.7174733463,-36.98,51.65,-173.85,-23.95,
2014-01-13,390.410287791,11.7470622865,-36.98,51.65,-173.85,-23.95,
2014-01-14,,,-36.98,51.65,-173.85,-23.95,
2014-01-15,,,-36.98,51.65,-173.85,-23.95,
2014-01-16,,,-36.98,51.65,-173.85,-23.95,
2014-01-17,,,-36.98,51.65,-173.85,-23.95,
2014-01-18,,,-36.98,51.65,-173.85,-23.95,
2014-01-19,,,-36.98,51.65,-173.85,-23.95,
2014-01-20,,,-36.98,51.65,-173.85,-23.95,
2014-01-21,,,-36.98,51.65,-173.85,-23.95,
2014-01-22,373.178519715,4.26849718515,-36.98,51.65,-173.85,-23.95,
2014-01-23,360.385007527,6.72920611974,-36.98,51.65,-173.85,-23.95,
2014-01-24,363.264874428,4.8297867402,-36.98,51.65,-173.85,-23.95,
2014-01-25,397.567180915,15.0741910475,-36.98,51.65,-173.85,-23.95,
2014-01-26,416.41130466,6.55663211254,-36.98,51.65,-173.85,-23.95,
2014-01-27,391.558021498,5.80827312161,-36.98,51.65,-173.85,-23.95,
2014-01-28,,,-36.98,51.65,-173.85,-23.95,
2014-01-29,384.951328678,29.0296025,-36.98,51.65,-173.85,-23.95,
2014-01-30,370.098266912,18.6813960571,-36.98,51.65,-173.85,-23.95,
2014-01-31,,,-36.98,51.65,-173.85,-23.95,
2014-02-01,372.097628903,1.95895670073,-36.98,51.65,-173.85,-23.95,
2014-02-02,380.292460815,5.16989492357,-36.98,51.65,-173.85,-23.95,
2014-02-03,363.448240813,6.14871870515,-36.98,51.65,-173.85,-23.95,
2014-02-04,370.910348445,7.83019634556,-36.98,51.65,-173.85,-23.95,
2014-02-05,379.809031204,15.1354694101,-36.98,51.65,-173.85,-23.95,
2014-02-06,411.306012707,28.2771547948,-36.98,51.65,-173.85,-23.95,
2014-02-07,423.426737183,34.019623773,-36.98,51.65,-173.85,-23.95,
2014-02-08,400.645889267,14.542750724,-36.98,51.65,-173.85,-23.95,
2014-02-09,390.377599744,12.6045878554,-36.98,51.65,-173.85,-23.95,
