time_X,sst,sst_std_X,time_Y,Fe,Fe_std_Y,lat1,lat2,lon1,lon2,,depth
2015-01-07,23.4074933731,0.151966275718,2015-01-07,,,23.99,24.57,-158.13,-157.34,,0.494024991989
2015-01-08,23.3687433743,0.124342015528,2015-01-08,,,23.99,24.57,-158.13,-157.34,,0.494024991989
2015-01-09,23.4612433722,0.103372805995,2015-01-09,,,23.99,24.57,-158.13,-157.34,,0.494024991989
2015-01-10,23.5462433703,0.0861593708448,2015-01-10,6.38931996946e-05,4.73246652163e-06,23.99,24.57,-158.13,-157.34,,0.494024991989
2015-01-11,23.424993373,0.080156095994,2015-01-11,,,23.99,24.57,-158.13,-157.34,,0.494024991989
2015-01-12,23.3437433749,0.0810767363887,2015-01-12,,,23.99,24.57,-158.13,-157.34,,0.494024991989
2015-01-13,23.2662433764,0.105704479389,2015-01-13,,,23.99,24.57,-158.13,-157.34,,0.494024991989
2015-01-14,23.1149933798,0.0961769180989,2015-01-14,,,23.99,24.57,-158.13,-157.34,,0.494024991989
2015-01-15,23.0799933806,0.0987420858981,2015-01-15,,,23.99,24.57,-158.13,-157.34,,0.494024991989
2015-01-16,23.3399933749,0.106887789282,2015-01-16,,,23.99,24.57,-158.13,-157.34,,0.494024991989
2015-01-17,23.3374933745,0.0902427263135,2015-01-17,6.3956030317e-05,6.24278823844e-06,23.99,24.57,-158.13,-157.34,,0.494024991989
2015-01-18,23.3524933746,0.0815092001517,2015-01-18,,,23.99,24.57,-158.13,-157.34,,0.494024991989
2015-01-19,23.4524933724,0.100591995472,2015-01-19,,,23.99,24.57,-158.13,-157.34,,0.494024991989
2015-01-20,23.6862433673,0.11789163208,2015-01-20,,,23.99,24.57,-158.13,-157.34,,0.494024991989
2015-01-21,23.5312433702,0.11196399843,2015-01-21,,,23.99,24.57,-158.13,-157.34,,0.494024991989
2015-01-22,23.4362433727,0.0982264582515,2015-01-22,,,23.99,24.57,-158.13,-157.34,,0.494024991989
2015-01-23,23.3987433734,0.114502999757,2015-01-23,,,23.99,24.57,-158.13,-157.34,,0.494024991989
2015-01-24,23.3324933749,0.141575948295,2015-01-24,6.21339086138e-05,6.14656225044e-06,23.99,24.57,-158.13,-157.34,,0.494024991989
2015-01-25,23.0474933811,0.101949740268,2015-01-25,,,23.99,24.57,-158.13,-157.34,,0.494024991989
2015-01-26,22.9624933832,0.10532686969,2015-01-26,,,23.99,24.57,-158.13,-157.34,,0.494024991989
2015-01-27,22.8674933856,0.115081490326,2015-01-27,,,23.99,24.57,-158.13,-157.34,,0.494024991989
2015-01-28,22.9174933843,0.100343159041,2015-01-28,,,23.99,24.57,-158.13,-157.34,,0.494024991989
2015-01-29,22.973743383,0.138918813071,2015-01-29,,,23.99,24.57,-158.13,-157.34,,0.494024991989
2015-01-30,23.0637433809,0.240672879477,2015-01-30,,,23.99,24.57,-158.13,-157.34,,0.494024991989
2015-01-31,22.7137433886,0.220337094875,2015-01-31,6.06780558883e-05,7.74962287147e-06,23.99,24.57,-158.13,-157.34,,0.494024991989
2015-02-01,22.702493389,0.176617520493,2015-02-01,,,23.99,24.57,-158.13,-157.34,,0.494024991989
2015-02-02,22.6449933903,0.158745075325,2015-02-02,,,23.99,24.57,-158.13,-157.34,,0.494024991989
2015-02-03,22.5412433926,0.108447853602,2015-02-03,,,23.99,24.57,-158.13,-157.34,,0.494024991989
2015-02-04,22.5424933926,0.103892971499,2015-02-04,,,23.99,24.57,-158.13,-157.34,,0.494024991989
2015-02-05,22.4737433941,0.113791198766,2015-02-05,,,23.99,24.57,-158.13,-157.34,,0.494024991989
2015-02-06,22.2487433991,0.110503108306,2015-02-06,,,23.99,24.57,-158.13,-157.34,,0.494024991989
2015-02-07,22.1262434019,0.117679381739,2015-02-07,5.46773690075e-05,7.63209254697e-06,23.99,24.57,-158.13,-157.34,,0.494024991989
2015-02-08,22.2362433995,0.147049095751,2015-02-08,,,23.99,24.57,-158.13,-157.34,,0.494024991989
2015-02-09,22.2099934001,0.195448198521,2015-02-09,,,23.99,24.57,-158.13,-157.34,,0.494024991989
2015-02-10,21.8187434086,0.186375792303,2015-02-10,,,23.99,24.57,-158.13,-157.34,,0.494024991989
2015-02-11,21.7387434108,0.203926299657,2015-02-11,,,23.99,24.57,-158.13,-157.34,,0.494024991989
2015-02-12,21.7574934102,0.231124961014,2015-02-12,,,23.99,24.57,-158.13,-157.34,,0.494024991989
2015-02-13,21.727493411,0.34730209399,2015-02-13,,,23.99,24.57,-158.13,-157.34,,0.494024991989
2015-02-14,21.4587434167,0.303374246327,2015-02-14,4.67474192191e-05,3.15338734453e-06,23.99,24.57,-158.13,-157.34,,0.494024991989
2015-02-15,21.404993418,0.253623731411,2015-02-15,,,23.99,24.57,-158.13,-157.34,,0.494024991989
2015-02-16,21.3874934183,0.236841186143,2015-02-16,,,23.99,24.57,-158.13,-157.34,,0.494024991989
2015-02-17,21.4712434166,0.227290420428,2015-02-17,,,23.99,24.57,-158.13,-157.34,,0.494024991989
2015-02-18,21.6924934116,0.184306127101,2015-02-18,,,23.99,24.57,-158.13,-157.34,,0.494024991989
2015-02-19,21.5612434146,0.248718585491,2015-02-19,,,23.99,24.57,-158.13,-157.34,,0.494024991989
2015-02-20,21.3562434191,0.327258968927,2015-02-20,,,23.99,24.57,-158.13,-157.34,,0.494024991989
2015-02-21,21.4349934175,0.340147019556,2015-02-21,4.52887352367e-05,3.10324366871e-06,23.99,24.57,-158.13,-157.34,,0.494024991989
2015-02-22,21.5424934149,0.341568067588,2015-02-22,,,23.99,24.57,-158.13,-157.34,,0.494024991989
2015-02-23,21.8749934075,0.284209423564,2015-02-23,,,23.99,24.57,-158.13,-157.34,,0.494024991989
2015-02-24,21.9637434056,0.315988026728,2015-02-24,,,23.99,24.57,-158.13,-157.34,,0.494024991989
2015-02-25,22.2087434,0.345414145719,2015-02-25,,,23.99,24.57,-158.13,-157.34,,0.494024991989
2015-02-26,22.3499933969,0.362284410422,2015-02-26,,,23.99,24.57,-158.13,-157.34,,0.494024991989
2015-02-27,22.4124933958,0.324528496902,2015-02-27,,,23.99,24.57,-158.13,-157.34,,0.494024991989
2015-02-28,22.3637433965,0.397773089152,2015-02-28,4.85555992782e-05,6.94185118372e-06,23.99,24.57,-158.13,-157.34,,0.494024991989
2015-03-01,21.9762434053,0.416501416275,2015-03-01,,,23.99,24.57,-158.13,-157.34,,0.494024991989
2015-03-02,21.9949934049,0.388007723262,2015-03-02,,,23.99,24.57,-158.13,-157.34,,0.494024991989
2015-03-03,22.2524933992,0.34834429027,2015-03-03,,,23.99,24.57,-158.13,-157.34,,0.494024991989
2015-03-04,22.3612433965,0.326704656825,2015-03-04,,,23.99,24.57,-158.13,-157.34,,0.494024991989
2015-03-05,22.4512433948,0.377506200258,2015-03-05,,,23.99,24.57,-158.13,-157.34,,0.494024991989
2015-03-06,22.2874933985,0.429731010962,2015-03-06,,,23.99,24.57,-158.13,-157.34,,0.494024991989
2015-03-07,22.3087433977,0.414500819857,2015-03-07,5.0768064284e-05,8.83270865272e-06,23.99,24.57,-158.13,-157.34,,0.494024991989
2015-03-08,22.3574933966,0.383788670264,2015-03-08,,,23.99,24.57,-158.13,-157.34,,0.494024991989
2015-03-09,22.3599933967,0.44657025311,2015-03-09,,,23.99,24.57,-158.13,-157.34,,0.494024991989
2015-03-10,22.343743397,0.537562484433,2015-03-10,,,23.99,24.57,-158.13,-157.34,,0.494024991989
2015-03-11,22.2087434001,0.642036540386,2015-03-11,,,23.99,24.57,-158.13,-157.34,,0.494024991989
2015-03-12,22.5837433919,0.689019895289,2015-03-12,,,23.99,24.57,-158.13,-157.34,,0.494024991989
2015-03-13,22.4999933936,0.572887410693,2015-03-13,,,23.99,24.57,-158.13,-157.34,,0.494024991989
2015-03-14,22.4749933941,0.550817561999,2015-03-14,5.82503680562e-05,1.33847301636e-05,23.99,24.57,-158.13,-157.34,,0.494024991989
2015-03-15,23.0874933805,0.591898415611,2015-03-15,,,23.99,24.57,-158.13,-157.34,,0.494024991989
2015-03-16,23.2412433769,0.523126108365,2015-03-16,,,23.99,24.57,-158.13,-157.34,,0.494024991989
2015-03-17,23.0374933816,0.489789484843,2015-03-17,,,23.99,24.57,-158.13,-157.34,,0.494024991989
2015-03-18,23.152493379,0.35237585675,2015-03-18,,,23.99,24.57,-158.13,-157.34,,0.494024991989
2015-03-19,23.0312433816,0.250870354408,2015-03-19,,,23.99,24.57,-158.13,-157.34,,0.494024991989
2015-03-20,22.7674933876,0.238104488561,2015-03-20,,,23.99,24.57,-158.13,-157.34,,0.494024991989
2015-03-21,22.9124933844,0.172970369451,2015-03-21,7.33898668841e-05,1.29542717788e-05,23.99,24.57,-158.13,-157.34,,0.494024991989
2015-03-22,23.1674933786,0.167313324897,2015-03-22,,,23.99,24.57,-158.13,-157.34,,0.494024991989
2015-03-23,23.2287433774,0.130425981944,2015-03-23,,,23.99,24.57,-158.13,-157.34,,0.494024991989
2015-03-24,23.3412433749,0.0832822742113,2015-03-24,,,23.99,24.57,-158.13,-157.34,,0.494024991989
2015-03-25,23.4562433724,0.112687341427,2015-03-25,,,23.99,24.57,-158.13,-157.34,,0.494024991989
2015-03-26,23.462493372,0.132547158306,2015-03-26,,,23.99,24.57,-158.13,-157.34,,0.494024991989
2015-03-27,23.3174933752,0.133299471806,2015-03-27,,,23.99,24.57,-158.13,-157.34,,0.494024991989
2015-03-28,23.3587433744,0.175957199578,2015-03-28,8.32685545902e-05,1.25888325546e-05,23.99,24.57,-158.13,-157.34,,0.494024991989
2015-03-29,23.5462433701,0.128737860587,2015-03-29,,,23.99,24.57,-158.13,-157.34,,0.494024991989
2015-03-30,23.6574933676,0.156424898659,2015-03-30,,,23.99,24.57,-158.13,-157.34,,0.494024991989
2015-03-31,23.7587433655,0.16251441898,2015-03-31,,,23.99,24.57,-158.13,-157.34,,0.494024991989
2015-04-01,24.0062433598,0.202480704551,2015-04-01,,,23.99,24.57,-158.13,-157.34,,0.494024991989
2015-04-02,24.0487433591,0.198143724977,2015-04-02,,,23.99,24.57,-158.13,-157.34,,0.494024991989
2015-04-03,24.0774933582,0.0937749943948,2015-04-03,,,23.99,24.57,-158.13,-157.34,,0.494024991989
2015-04-04,24.046243359,0.119366816369,2015-04-04,8.1176045569e-05,1.44907833836e-05,23.99,24.57,-158.13,-157.34,,0.494024991989
2015-04-05,24.0312433592,0.116773014421,2015-04-05,,,23.99,24.57,-158.13,-157.34,,0.494024991989
2015-04-06,24.1087433575,0.106117562136,2015-04-06,,,23.99,24.57,-158.13,-157.34,,0.494024991989
2015-04-07,24.0724933585,0.106036547921,2015-04-07,,,23.99,24.57,-158.13,-157.34,,0.494024991989
2015-04-08,24.0249933596,0.0827647248606,2015-04-08,,,23.99,24.57,-158.13,-157.34,,0.494024991989
2015-04-09,23.9524933611,0.077902180373,2015-04-09,,,23.99,24.57,-158.13,-157.34,,0.494024991989
2015-04-10,23.8874933627,0.0782224376138,2015-04-10,,,23.99,24.57,-158.13,-157.34,,0.494024991989
2015-04-11,23.7599933654,0.0776208718548,2015-04-11,7.66700723034e-05,1.1982785732e-05,23.99,24.57,-158.13,-157.34,,0.494024991989
2015-04-12,23.5637433699,0.0992392920593,2015-04-12,,,23.99,24.57,-158.13,-157.34,,0.494024991989
2015-04-13,23.519993371,0.113907854909,2015-04-13,,,23.99,24.57,-158.13,-157.34,,0.494024991989
2015-04-14,23.6699933674,0.092601293849,2015-04-14,,,23.99,24.57,-158.13,-157.34,,0.494024991989
2015-04-15,23.7612433656,0.0797554838455,2015-04-15,,,23.99,24.57,-158.13,-157.34,,0.494024991989
2015-04-16,23.954993361,0.14705440846,2015-04-16,,,23.99,24.57,-158.13,-157.34,,0.494024991989
2015-04-17,24.178743356,0.109936058495,2015-04-17,,,23.99,24.57,-158.13,-157.34,,0.494024991989
2015-04-18,24.1924933558,0.0651440695593,2015-04-18,7.37577902328e-05,8.91036291505e-06,23.99,24.57,-158.13,-157.34,,0.494024991989
2015-04-19,24.1074933575,0.041457808794,2015-04-19,,,23.99,24.57,-158.13,-157.34,,0.494024991989
2015-04-20,24.2037433554,0.051462971151,2015-04-20,,,23.99,24.57,-158.13,-157.34,,0.494024991989
2015-04-21,24.2512433544,0.0459449388025,2015-04-21,,,23.99,24.57,-158.13,-157.34,,0.494024991989
2015-04-22,24.1862433559,0.0482020475868,2015-04-22,,,23.99,24.57,-158.13,-157.34,,0.494024991989
2015-04-23,24.1412433567,0.101419608659,2015-04-23,,,23.99,24.57,-158.13,-157.34,,0.494024991989
2015-04-24,24.1437433566,0.138648608333,2015-04-24,,,23.99,24.57,-158.13,-157.34,,0.494024991989
2015-04-25,24.1099933575,0.108512669537,2015-04-25,7.19733388905e-05,1.12615578532e-05,23.99,24.57,-158.13,-157.34,,0.494024991989
2015-04-26,23.9112433622,0.117307019853,2015-04-26,,,23.99,24.57,-158.13,-157.34,,0.494024991989
2015-04-27,23.8874933624,0.161225769681,2015-04-27,,,23.99,24.57,-158.13,-157.34,,0.494024991989
2015-04-28,23.6612433676,0.214093286796,2015-04-28,,,23.99,24.57,-158.13,-157.34,,0.494024991989
2015-04-29,23.6612433676,0.228988941127,2015-04-29,,,23.99,24.57,-158.13,-157.34,,0.494024991989
2015-04-30,23.783743365,0.19202457096,2015-04-30,,,23.99,24.57,-158.13,-157.34,,0.494024991989
2015-05-01,23.7199933664,0.1352774896,2015-05-01,,,23.99,24.57,-158.13,-157.34,,0.494024991989
2015-05-02,23.788743365,0.134576880119,2015-05-02,7.81663675297e-05,8.62463011699e-06,23.99,24.57,-158.13,-157.34,,0.494024991989
2015-05-03,23.9774933606,0.1240715493,2015-05-03,,,23.99,24.57,-158.13,-157.34,,0.494024991989
2015-05-04,24.1387433567,0.101419608764,2015-05-04,,,23.99,24.57,-158.13,-157.34,,0.494024991989
2015-05-05,24.1287433571,0.126237620186,2015-05-05,,,23.99,24.57,-158.13,-157.34,,0.494024991989
2015-05-06,24.1224933573,0.171591808338,2015-05-06,,,23.99,24.57,-158.13,-157.34,,0.494024991989
2015-05-07,23.9762433605,0.155879557395,2015-05-07,,,23.99,24.57,-158.13,-157.34,,0.494024991989
2015-05-08,24.0762433585,0.131523521475,2015-05-08,,,23.99,24.57,-158.13,-157.34,,0.494024991989
2015-05-09,24.0287433594,0.116986909037,2015-05-09,8.10988840385e-05,6.57677804574e-06,23.99,24.57,-158.13,-157.34,,0.494024991989
2015-05-10,24.0337433591,0.110672656714,2015-05-10,,,23.99,24.57,-158.13,-157.34,,0.494024991989
2015-05-11,23.9624933609,0.0994673289609,2015-05-11,,,23.99,24.57,-158.13,-157.34,,0.494024991989
2015-05-12,24.1174933574,0.0943066782862,2015-05-12,,,23.99,24.57,-158.13,-157.34,,0.494024991989
2015-05-13,23.9537433609,0.125093711946,2015-05-13,,,23.99,24.57,-158.13,-157.34,,0.494024991989
2015-05-14,23.8312433639,0.123129756143,2015-05-14,,,23.99,24.57,-158.13,-157.34,,0.494024991989
2015-05-15,23.9749933605,0.111691536888,2015-05-15,,,23.99,24.57,-158.13,-157.34,,0.494024991989
2015-05-16,24.1662433564,0.0902686942013,2015-05-16,6.58469325572e-05,2.9452639731e-06,23.99,24.57,-158.13,-157.34,,0.494024991989
2015-05-17,24.1962433556,0.0966873160874,2015-05-17,,,23.99,24.57,-158.13,-157.34,,0.494024991989
2015-05-18,24.1312433571,0.121905442258,2015-05-18,,,23.99,24.57,-158.13,-157.34,,0.494024991989
2015-05-19,23.956243361,0.120720490525,2015-05-19,,,23.99,24.57,-158.13,-157.34,,0.494024991989
2015-05-20,23.8274933638,0.141752421721,2015-05-20,,,23.99,24.57,-158.13,-157.34,,0.494024991989
2015-05-21,24.2512433545,0.144606142941,2015-05-21,,,23.99,24.57,-158.13,-157.34,,0.494024991989
2015-05-22,24.5974933467,0.174767698979,2015-05-22,,,23.99,24.57,-158.13,-157.34,,0.494024991989
2015-05-23,24.4124933509,0.169760857468,2015-05-23,6.32580904494e-05,2.06932929482e-06,23.99,24.57,-158.13,-157.34,,0.494024991989
2015-05-24,24.4112433507,0.175601640498,2015-05-24,,,23.99,24.57,-158.13,-157.34,,0.494024991989
2015-05-25,24.3824933514,0.181021403336,2015-05-25,,,23.99,24.57,-158.13,-157.34,,0.494024991989
2015-05-26,24.2412433545,0.187445821276,2015-05-26,,,23.99,24.57,-158.13,-157.34,,0.494024991989
2015-05-27,24.4212433505,0.189105620954,2015-05-27,,,23.99,24.57,-158.13,-157.34,,0.494024991989
2015-05-28,24.5412433481,0.182581313337,2015-05-28,,,23.99,24.57,-158.13,-157.34,,0.494024991989
2015-05-29,24.2737433541,0.234410825367,2015-05-29,,,23.99,24.57,-158.13,-157.34,,0.494024991989
2015-05-30,24.0287433595,0.224690754619,2015-05-30,6.46317384963e-05,3.16916604184e-06,23.99,24.57,-158.13,-157.34,,0.494024991989
2015-05-31,23.9299933616,0.222092318226,2015-05-31,,,23.99,24.57,-158.13,-157.34,,0.494024991989
2015-06-01,24.1887433559,0.138873815745,2015-06-01,,,23.99,24.57,-158.13,-157.34,,0.494024991989
2015-06-02,24.4299933505,0.113247513946,2015-06-02,,,23.99,24.57,-158.13,-157.34,,0.494024991989
2015-06-03,24.4574933498,0.114427922341,2015-06-03,,,23.99,24.57,-158.13,-157.34,,0.494024991989
2015-06-04,24.6412433455,0.153577135102,2015-06-04,,,23.99,24.57,-158.13,-157.34,,0.494024991989
2015-06-05,24.9499933389,0.269629369167,2015-06-05,,,23.99,24.57,-158.13,-157.34,,0.494024991989
2015-06-06,25.5174933262,0.341275174714,2015-06-06,6.49177736704e-05,5.26611812839e-06,23.99,24.57,-158.13,-157.34,,0.494024991989
2015-06-07,26.1499933121,0.337527769213,2015-06-07,,,23.99,24.57,-158.13,-157.34,,0.494024991989
2015-06-08,25.8774933181,0.309101513589,2015-06-08,,,23.99,24.57,-158.13,-157.34,,0.494024991989
2015-06-09,25.5524933254,0.30342832082,2015-06-09,,,23.99,24.57,-158.13,-157.34,,0.494024991989
2015-06-10,25.34624333,0.312807341898,2015-06-10,,,23.99,24.57,-158.13,-157.34,,0.494024991989
2015-06-11,25.1474933344,0.342846532321,2015-06-11,,,23.99,24.57,-158.13,-157.34,,0.494024991989
2015-06-12,25.0549933366,0.340587719709,2015-06-12,,,23.99,24.57,-158.13,-157.34,,0.494024991989
2015-06-13,25.258743332,0.348727590022,2015-06-13,6.03730441071e-05,2.08737260141e-06,23.99,24.57,-158.13,-157.34,,0.494024991989
2015-06-14,25.5024933265,0.274214781877,2015-06-14,,,23.99,24.57,-158.13,-157.34,,0.494024991989
2015-06-15,25.5537433253,0.217883995243,2015-06-15,,,23.99,24.57,-158.13,-157.34,,0.494024991989
2015-06-16,25.5099933261,0.197420865773,2015-06-16,,,23.99,24.57,-158.13,-157.34,,0.494024991989
2015-06-17,25.4574933278,0.183354161369,2015-06-17,,,23.99,24.57,-158.13,-157.34,,0.494024991989
2015-06-18,25.3712433294,0.169811472651,2015-06-18,,,23.99,24.57,-158.13,-157.34,,0.494024991989
2015-06-19,25.2974933311,0.161999224815,2015-06-19,,,23.99,24.57,-158.13,-157.34,,0.494024991989
2015-06-20,25.2424933322,0.139530459645,2015-06-20,5.68561317777e-05,4.10955962537e-06,23.99,24.57,-158.13,-157.34,,0.494024991989
2015-06-21,25.1699933337,0.163935959486,2015-06-21,,,23.99,24.57,-158.13,-157.34,,0.494024991989
2015-06-22,25.257493332,0.165586076604,2015-06-22,,,23.99,24.57,-158.13,-157.34,,0.494024991989
2015-06-23,25.2362433326,0.119993486728,2015-06-23,,,23.99,24.57,-158.13,-157.34,,0.494024991989
2015-06-24,25.2499933321,0.129711215003,2015-06-24,,,23.99,24.57,-158.13,-157.34,,0.494024991989
2015-06-25,25.2899933312,0.101980388115,2015-06-25,,,23.99,24.57,-158.13,-157.34,,0.494024991989
2015-06-26,25.3612433296,0.104575030545,2015-06-26,,,23.99,24.57,-158.13,-157.34,,0.494024991989
2015-06-27,25.4424933279,0.100343159013,2015-06-27,5.46762339582e-05,6.62937912255e-07,23.99,24.57,-158.13,-157.34,,0.494024991989
2015-06-28,25.4499933278,0.0915150239988,2015-06-28,,,23.99,24.57,-158.13,-157.34,,0.494024991989
2015-06-29,25.6437433232,0.0763114488011,2015-06-29,,,23.99,24.57,-158.13,-157.34,,0.494024991989
2015-06-30,25.9137433171,0.0906831689679,2015-06-30,,,23.99,24.57,-158.13,-157.34,,0.494024991989
2015-07-01,26.0737433136,0.0733037327686,2015-07-01,,,23.99,24.57,-158.13,-157.34,,0.494024991989
2015-07-02,26.0512433141,0.0707879741707,2015-07-02,,,23.99,24.57,-158.13,-157.34,,0.494024991989
2015-07-03,25.9537433162,0.078411971252,2015-07-03,,,23.99,24.57,-158.13,-157.34,,0.494024991989
2015-07-04,26.1387433122,0.0627370490868,2015-07-04,5.53644422325e-05,1.0000838874e-06,23.99,24.57,-158.13,-157.34,,0.494024991989
2015-07-05,26.277493309,0.0692369104777,2015-07-05,,,23.99,24.57,-158.13,-157.34,,0.494024991989
2015-07-06,26.3324933079,0.060981553343,2015-07-06,,,23.99,24.57,-158.13,-157.34,,0.494024991989
2015-07-07,26.2899933087,0.0585234981866,2015-07-07,,,23.99,24.57,-158.13,-157.34,,0.494024991989
2015-07-08,26.064993314,0.0538516469804,2015-07-08,,,23.99,24.57,-158.13,-157.34,,0.494024991989
2015-07-09,25.9574933164,0.0623999184044,2015-07-09,,,23.99,24.57,-158.13,-157.34,,0.494024991989
2015-07-10,25.9512433163,0.0828307744403,2015-07-10,,,23.99,24.57,-158.13,-157.34,,0.494024991989
2015-07-11,26.0024933152,0.0988369846831,2015-07-11,5.74420928387e-05,2.3158449432e-06,23.99,24.57,-158.13,-157.34,,0.494024991989
2015-07-12,26.144993312,0.102956299188,2015-07-12,,,23.99,24.57,-158.13,-157.34,,0.494024991989
2015-07-13,26.2312433101,0.0957127843195,2015-07-13,,,23.99,24.57,-158.13,-157.34,,0.494024991989
2015-07-14,26.2924933088,0.109857860148,2015-07-14,,,23.99,24.57,-158.13,-157.34,,0.494024991989
2015-07-15,26.4474933052,0.116699397604,2015-07-15,,,23.99,24.57,-158.13,-157.34,,0.494024991989
2015-07-16,26.4862433046,0.13900876448,2015-07-16,,,23.99,24.57,-158.13,-157.34,,0.494024991989
2015-07-17,26.2724933094,0.0842244008624,2015-07-17,,,23.99,24.57,-158.13,-157.34,,0.494024991989
2015-07-18,26.7162432994,0.109079956776,2015-07-18,6.45515428914e-05,4.19644905072e-06,23.99,24.57,-158.13,-157.34,,0.494024991989
2015-07-19,26.7949932976,0.153541522027,2015-07-19,,,23.99,24.57,-158.13,-157.34,,0.494024991989
2015-07-20,26.8112432972,0.155759225704,2015-07-20,,,23.99,24.57,-158.13,-157.34,,0.494024991989
2015-07-21,26.7912432978,0.10763799045,2015-07-21,,,23.99,24.57,-158.13,-157.34,,0.494024991989
2015-07-22,27.1062432908,0.151981697716,2015-07-22,,,23.99,24.57,-158.13,-157.34,,0.494024991989
2015-07-23,27.2674932871,0.141133798399,2015-07-23,,,23.99,24.57,-158.13,-157.34,,0.494024991989
2015-07-24,27.2562432873,0.157077803705,2015-07-24,,,23.99,24.57,-158.13,-157.34,,0.494024991989
2015-07-25,27.1099932905,0.158587511638,2015-07-25,6.57450564176e-05,2.55553009788e-06,23.99,24.57,-158.13,-157.34,,0.494024991989
2015-07-26,27.0199932926,0.12698424796,2015-07-26,,,23.99,24.57,-158.13,-157.34,,0.494024991989
2015-07-27,26.7987432975,0.0908896977729,2015-07-27,,,23.99,24.57,-158.13,-157.34,,0.494024991989
2015-07-28,27.2324932877,0.155382588813,2015-07-28,,,23.99,24.57,-158.13,-157.34,,0.494024991989
2015-07-29,27.2637432873,0.124392269778,2015-07-29,,,23.99,24.57,-158.13,-157.34,,0.494024991989
2015-07-30,27.1862432889,0.172911642571,2015-07-30,,,23.99,24.57,-158.13,-157.34,,0.494024991989
2015-07-31,27.0574932919,0.157856735379,2015-07-31,,,23.99,24.57,-158.13,-157.34,,0.494024991989
2015-08-01,27.0699932914,0.119163750203,2015-08-01,6.40958223812e-05,1.34682860438e-06,23.99,24.57,-158.13,-157.34,,0.494024991989
2015-08-02,26.9812432933,0.100801473473,2015-08-02,,,23.99,24.57,-158.13,-157.34,,0.494024991989
2015-08-03,26.8124932971,0.0486698048011,2015-08-03,,,23.99,24.57,-158.13,-157.34,,0.494024991989
2015-08-04,26.5349933034,0.0595818751488,2015-08-04,,,23.99,24.57,-158.13,-157.34,,0.494024991989
2015-08-05,26.4949933041,0.079372537324,2015-08-05,,,23.99,24.57,-158.13,-157.34,,0.494024991989
2015-08-06,26.6874932999,0.0871421232205,2015-08-06,,,23.99,24.57,-158.13,-157.34,,0.494024991989
2015-08-07,26.7199932992,0.0734846907526,2015-08-07,,,23.99,24.57,-158.13,-157.34,,0.494024991989
2015-08-08,26.7912432976,0.0333307284414,2015-08-08,6.38920564598e-05,3.47630003393e-06,23.99,24.57,-158.13,-157.34,,0.494024991989
2015-08-09,26.6887432999,0.047020606171,2015-08-09,,,23.99,24.57,-158.13,-157.34,,0.494024991989
2015-08-10,26.5512433029,0.0247171493666,2015-08-10,,,23.99,24.57,-158.13,-157.34,,0.494024991989
2015-08-11,26.4774933047,0.0222204854526,2015-08-11,,,23.99,24.57,-158.13,-157.34,,0.494024991989
2015-08-12,26.5824933021,0.0204633813646,2015-08-12,,,23.99,24.57,-158.13,-157.34,,0.494024991989
2015-08-13,26.6712433001,0.0252178007008,2015-08-13,,,23.99,24.57,-158.13,-157.34,,0.494024991989
2015-08-14,26.6887432998,0.0231503233644,2015-08-14,,,23.99,24.57,-158.13,-157.34,,0.494024991989
2015-08-15,26.6762433003,0.0165359450705,2015-08-15,6.55958319839e-05,1.49005447084e-06,23.99,24.57,-158.13,-157.34,,0.494024991989
2015-08-16,26.8787432959,0.0305930950492,2015-08-16,,,23.99,24.57,-158.13,-157.34,,0.494024991989
2015-08-17,26.9799932935,0.0324037026819,2015-08-17,,,23.99,24.57,-158.13,-157.34,,0.494024991989
2015-08-18,27.2099932882,0.0412310554679,2015-08-18,,,23.99,24.57,-158.13,-157.34,,0.494024991989
2015-08-19,27.0062432929,0.0595687614573,2015-08-19,,,23.99,24.57,-158.13,-157.34,,0.494024991989
2015-08-20,26.9349932945,0.0779422847689,2015-08-20,,,23.99,24.57,-158.13,-157.34,,0.494024991989
2015-08-21,26.9662432937,0.0769638697093,2015-08-21,,,23.99,24.57,-158.13,-157.34,,0.494024991989
2015-08-22,26.9262432945,0.0540688207866,2015-08-22,6.6590771894e-05,6.81079723155e-07,23.99,24.57,-158.13,-157.34,,0.494024991989
2015-08-23,26.8837432955,0.0626373475951,2015-08-23,,,23.99,24.57,-158.13,-157.34,,0.494024991989
2015-08-24,26.7774932979,0.0593190512557,2015-08-24,,,23.99,24.57,-158.13,-157.34,,0.494024991989
2015-08-25,27.1499932898,0.121860573505,2015-08-25,,,23.99,24.57,-158.13,-157.34,,0.494024991989
2015-08-26,27.2937432865,0.118631517065,2015-08-26,,,23.99,24.57,-158.13,-157.34,,0.494024991989
2015-08-27,27.5849932799,0.120623378212,2015-08-27,,,23.99,24.57,-158.13,-157.34,,0.494024991989
2015-08-28,27.4112432839,0.0982900659798,2015-08-28,,,23.99,24.57,-158.13,-157.34,,0.494024991989
2015-08-29,27.6537432784,0.0973315831048,2015-08-29,6.41324568278e-05,3.57781416702e-06,23.99,24.57,-158.13,-157.34,,0.494024991989
2015-08-30,27.7574932762,0.109058468292,2015-08-30,,,23.99,24.57,-158.13,-157.34,,0.494024991989
2015-08-31,27.357493285,0.144460198792,2015-08-31,,,23.99,24.57,-158.13,-157.34,,0.494024991989
2015-09-01,27.3324932855,0.113330266941,2015-09-01,,,23.99,24.57,-158.13,-157.34,,0.494024991989
2015-09-02,27.624993279,0.122270189928,2015-09-02,,,23.99,24.57,-158.13,-157.34,,0.494024991989
2015-09-03,27.5649932803,0.127377388918,2015-09-03,,,23.99,24.57,-158.13,-157.34,,0.494024991989
2015-09-04,27.5887432797,0.128689303273,2015-09-04,,,23.99,24.57,-158.13,-157.34,,0.494024991989
2015-09-05,27.6387432787,0.134762519583,2015-09-05,6.0966073761e-05,4.77611901262e-06,23.99,24.57,-158.13,-157.34,,0.494024991989
2015-09-06,27.7649932759,0.157241848362,2015-09-06,,,23.99,24.57,-158.13,-157.34,,0.494024991989
2015-09-07,27.8287432744,0.170179129797,2015-09-07,,,23.99,24.57,-158.13,-157.34,,0.494024991989
2015-09-08,27.706243277,0.15983878245,2015-09-08,,,23.99,24.57,-158.13,-157.34,,0.494024991989
2015-09-09,27.2962432865,0.172549807878,2015-09-09,,,23.99,24.57,-158.13,-157.34,,0.494024991989
2015-09-10,26.869993296,0.205426381296,2015-09-10,,,23.99,24.57,-158.13,-157.34,,0.494024991989
2015-09-11,27.0374932921,0.181848146775,2015-09-11,,,23.99,24.57,-158.13,-157.34,,0.494024991989
2015-09-12,27.0349932923,0.197989894275,2015-09-12,6.10775869063e-05,2.82939253078e-06,23.99,24.57,-158.13,-157.34,,0.494024991989
2015-09-13,27.1724932894,0.140690259482,2015-09-13,,,23.99,24.57,-158.13,-157.34,,0.494024991989
2015-09-14,27.0987432909,0.158148463057,2015-09-14,,,23.99,24.57,-158.13,-157.34,,0.494024991989
2015-09-15,26.6549933006,0.1487447445,2015-09-15,,,23.99,24.57,-158.13,-157.34,,0.494024991989
2015-09-16,26.4762433046,0.168147067153,2015-09-16,,,23.99,24.57,-158.13,-157.34,,0.494024991989
2015-09-17,26.4474933052,0.17590835284,2015-09-17,,,23.99,24.57,-158.13,-157.34,,0.494024991989
2015-09-18,26.4499933055,0.111130551414,2015-09-18,,,23.99,24.57,-158.13,-157.34,,0.494024991989
2015-09-19,26.4149933061,0.0585234982187,2015-09-19,5.91919897488e-05,2.84734108396e-06,23.99,24.57,-158.13,-157.34,,0.494024991989
2015-09-20,26.373743307,0.0640190388478,2015-09-20,,,23.99,24.57,-158.13,-157.34,,0.494024991989
2015-09-21,26.4062433065,0.0303881137741,2015-09-21,,,23.99,24.57,-158.13,-157.34,,0.494024991989
2015-09-22,26.2149933105,0.0452769245864,2015-09-22,,,23.99,24.57,-158.13,-157.34,,0.494024991989
2015-09-23,26.5187433039,0.0329535650907,2015-09-23,,,23.99,24.57,-158.13,-157.34,,0.494024991989
2015-09-24,26.7174932991,0.0379967096355,2015-09-24,,,23.99,24.57,-158.13,-157.34,,0.494024991989
2015-09-25,26.5987433019,0.0413634795102,2015-09-25,,,23.99,24.57,-158.13,-157.34,,0.494024991989
2015-09-26,26.5162433037,0.0441411078885,2015-09-26,5.48024445379e-05,1.86959052899e-06,23.99,24.57,-158.13,-157.34,,0.494024991989
2015-09-27,26.4562433051,0.0558877210211,2015-09-27,,,23.99,24.57,-158.13,-157.34,,0.494024991989
2015-09-28,26.1299933124,0.0406201909461,2015-09-28,,,23.99,24.57,-158.13,-157.34,,0.494024991989
2015-09-29,26.0937433134,0.0427017261617,2015-09-29,,,23.99,24.57,-158.13,-157.34,,0.494024991989
2015-09-30,26.1349933124,0.0476969591143,2015-09-30,,,23.99,24.57,-158.13,-157.34,,0.494024991989
2015-10-01,26.1399933121,0.0494974736729,2015-10-01,,,23.99,24.57,-158.13,-157.34,,0.494024991989
2015-10-02,26.1174933127,0.0573912002292,2015-10-02,,,23.99,24.57,-158.13,-157.34,,0.494024991989
2015-10-03,26.2574933098,0.0621992751465,2015-10-03,6.76046101944e-05,6.57054783261e-06,23.99,24.57,-158.13,-157.34,,0.494024991989
2015-10-04,26.191243311,0.0744038792503,2015-10-04,,,23.99,24.57,-158.13,-157.34,,0.494024991989
2015-10-05,26.059993314,0.0956556301924,2015-10-05,,,23.99,24.57,-158.13,-157.34,,0.494024991989
2015-10-06,25.9212433171,0.118156408617,2015-10-06,,,23.99,24.57,-158.13,-157.34,,0.494024991989
2015-10-07,26.1387433124,0.0942652488377,2015-10-07,,,23.99,24.57,-158.13,-157.34,,0.494024991989
2015-10-08,26.1262433126,0.152146102545,2015-10-08,,,23.99,24.57,-158.13,-157.34,,0.494024991989
2015-10-09,25.9174933172,0.089407771691,2015-10-09,,,23.99,24.57,-158.13,-157.34,,0.494024991989
2015-10-10,25.9349933168,0.0663324942619,2015-10-10,8.12420184957e-05,4.58569790805e-06,23.99,24.57,-158.13,-157.34,,0.494024991989
2015-10-11,25.8949933176,0.0898610019906,2015-10-11,,,23.99,24.57,-158.13,-157.34,,0.494024991989
2015-10-12,25.921243317,0.116773014423,2015-10-12,,,23.99,24.57,-158.13,-157.34,,0.494024991989
2015-10-13,26.0599933139,0.141067356669,2015-10-13,,,23.99,24.57,-158.13,-157.34,,0.494024991989
2015-10-14,25.9437433166,0.13133330387,2015-10-14,,,23.99,24.57,-158.13,-157.34,,0.494024991989
2015-10-15,25.9074933174,0.108599030759,2015-10-15,,,23.99,24.57,-158.13,-157.34,,0.494024991989
2015-10-16,25.838743319,0.0760653484019,2015-10-16,,,23.99,24.57,-158.13,-157.34,,0.494024991989
2015-10-17,25.6012433244,0.0641165914687,2015-10-17,6.47981632937e-05,4.62448569024e-06,23.99,24.57,-158.13,-157.34,,0.494024991989
2015-10-18,25.5974933246,0.0341869849961,2015-10-18,,,23.99,24.57,-158.13,-157.34,,0.494024991989
2015-10-19,25.884993318,0.0324037028362,2015-10-19,,,23.99,24.57,-158.13,-157.34,,0.494024991989
2015-10-20,25.9512433164,0.0247171494931,2015-10-20,,,23.99,24.57,-158.13,-157.34,,0.494024991989
2015-10-21,25.7549933206,0.0206155276733,2015-10-21,,,23.99,24.57,-158.13,-157.34,,0.494024991989
2015-10-22,25.8662433181,0.0295539752984,2015-10-22,,,23.99,24.57,-158.13,-157.34,,0.494024991989
2015-10-23,26.2087433108,0.0372281807489,2015-10-23,,,23.99,24.57,-158.13,-157.34,,0.494024991989
2015-10-24,26.1612433117,0.0590418270222,2015-10-24,6.06135763519e-05,2.11769362071e-06,23.99,24.57,-158.13,-157.34,,0.494024991989
2015-10-25,26.1924933111,0.0621992750912,2015-10-25,,,23.99,24.57,-158.13,-157.34,,0.494024991989
2015-10-26,26.2149933106,0.0519615230363,2015-10-26,,,23.99,24.57,-158.13,-157.34,,0.494024991989
2015-10-27,25.9974933154,0.0352668391251,2015-10-27,,,23.99,24.57,-158.13,-157.34,,0.494024991989
2015-10-28,26.0362433145,0.0587233969449,2015-10-28,,,23.99,24.57,-158.13,-157.34,,0.494024991989
2015-10-29,25.9112433174,0.0623372868279,2015-10-29,,,23.99,24.57,-158.13,-157.34,,0.494024991989
2015-10-30,25.9449933166,0.0672681186837,2015-10-30,,,23.99,24.57,-158.13,-157.34,,0.494024991989
2015-10-31,26.0824933137,0.0674073422651,2015-10-31,6.50176198178e-05,4.43804871424e-06,23.99,24.57,-158.13,-157.34,,0.494024991989
2015-11-01,26.274993309,0.094207216231,2015-11-01,,,23.99,24.57,-158.13,-157.34,,0.494024991989
2015-11-02,26.4337433055,0.111684541908,2015-11-02,,,23.99,24.57,-158.13,-157.34,,0.494024991989
2015-11-03,26.2687433095,0.0153602567117,2015-11-03,,,23.99,24.57,-158.13,-157.34,,0.494024991989
2015-11-04,25.8837433177,0.0616314638953,2015-11-04,,,23.99,24.57,-158.13,-157.34,,0.494024991989
2015-11-05,25.9962433154,0.069630721006,2015-11-05,,,23.99,24.57,-158.13,-157.34,,0.494024991989
2015-11-06,26.0212433149,0.0297647015408,2015-11-06,,,23.99,24.57,-158.13,-157.34,,0.494024991989
2015-11-07,25.927493317,0.0408503356167,2015-11-07,7.25094614609e-05,5.44134104547e-06,23.99,24.57,-158.13,-157.34,,0.494024991989
2015-11-08,25.8699933181,0.0487339706981,2015-11-08,,,23.99,24.57,-158.13,-157.34,,0.494024991989
2015-11-09,25.8599933185,0.0390512474193,2015-11-09,,,23.99,24.57,-158.13,-157.34,,0.494024991989
2015-11-10,25.7562433207,0.0593585489894,2015-11-10,,,23.99,24.57,-158.13,-157.34,,0.494024991989
2015-11-11,25.6024933241,0.046300646803,2015-11-11,,,23.99,24.57,-158.13,-157.34,,0.494024991989
2015-11-12,25.5612433253,0.0496078359171,2015-11-12,,,23.99,24.57,-158.13,-157.34,,0.494024991989
2015-11-13,25.383743329,0.0466201395322,2015-11-13,,,23.99,24.57,-158.13,-157.34,,0.494024991989
2015-11-14,25.3199933306,0.0141421351818,2015-11-14,8.15389030322e-05,3.43168660562e-06,23.99,24.57,-158.13,-157.34,,0.494024991989
2015-11-15,25.1374933348,0.0178535706863,2015-11-15,,,23.99,24.57,-158.13,-157.34,,0.494024991989
2015-11-16,25.122493335,0.019843134392,2015-11-16,,,23.99,24.57,-158.13,-157.34,,0.494024991989
2015-11-17,25.2199933328,0.0390512474513,2015-11-17,,,23.99,24.57,-158.13,-157.34,,0.494024991989
2015-11-18,25.2737433316,0.0228787558734,2015-11-18,,,23.99,24.57,-158.13,-157.34,,0.494024991989
2015-11-19,25.3174933305,0.0392905832866,2015-11-19,,,23.99,24.57,-158.13,-157.34,,0.494024991989
2015-11-20,25.33999333,0.0421307479165,2015-11-20,,,23.99,24.57,-158.13,-157.34,,0.494024991989
2015-11-21,25.4337433279,0.0857230256899,2015-11-21,8.31489687698e-05,3.03022683821e-06,23.99,24.57,-158.13,-157.34,,0.494024991989
2015-11-22,25.3749933294,0.0939414691111,2015-11-22,,,23.99,24.57,-158.13,-157.34,,0.494024991989
2015-11-23,25.4824933269,0.141310824437,2015-11-23,,,23.99,24.57,-158.13,-157.34,,0.494024991989
2015-11-24,25.5762433249,0.147219008815,2015-11-24,,,23.99,24.57,-158.13,-157.34,,0.494024991989
2015-11-25,25.5712433249,0.152433383549,2015-11-25,,,23.99,24.57,-158.13,-157.34,,0.494024991989
2015-11-26,25.3924933287,0.155784302639,2015-11-26,,,23.99,24.57,-158.13,-157.34,,0.494024991989
2015-11-27,25.3962433289,0.113461169212,2015-11-27,,,23.99,24.57,-158.13,-157.34,,0.494024991989
2015-11-28,25.4874933267,0.131315457054,2015-11-28,8.32247915241e-05,6.13305072935e-06,23.99,24.57,-158.13,-157.34,,0.494024991989
2015-11-29,25.4462433278,0.123180504984,2015-11-29,,,23.99,24.57,-158.13,-157.34,,0.494024991989
2015-11-30,25.34124333,0.128883423294,2015-11-30,,,23.99,24.57,-158.13,-157.34,,0.494024991989
2015-12-01,25.3624933296,0.131410613153,2015-12-01,,,23.99,24.57,-158.13,-157.34,,0.494024991989
2015-12-02,25.3549933299,0.110227036027,2015-12-02,,,23.99,24.57,-158.13,-157.34,,0.494024991989
2015-12-03,25.2637433317,0.114884450251,2015-12-03,,,23.99,24.57,-158.13,-157.34,,0.494024991989
2015-12-04,25.1424933345,0.133111792218,2015-12-04,,,23.99,24.57,-158.13,-157.34,,0.494024991989
2015-12-05,25.1224933349,0.105918598417,2015-12-05,7.92368209659e-05,4.06339573931e-06,23.99,24.57,-158.13,-157.34,,0.494024991989
2015-12-06,25.2174933326,0.0925675406291,2015-12-06,,,23.99,24.57,-158.13,-157.34,,0.494024991989
2015-12-07,25.248743332,0.123332626644,2015-12-07,,,23.99,24.57,-158.13,-157.34,,0.494024991989
2015-12-08,25.3362433302,0.128056381125,2015-12-08,,,23.99,24.57,-158.13,-157.34,,0.494024991989
2015-12-09,25.0087433375,0.105052068037,2015-12-09,,,23.99,24.57,-158.13,-157.34,,0.494024991989
2015-12-10,24.8962433399,0.12030559757,2015-12-10,,,23.99,24.57,-158.13,-157.34,,0.494024991989
2015-12-11,25.0174933371,0.0845207055734,2015-12-11,,,23.99,24.57,-158.13,-157.34,,0.494024991989
2015-12-12,25.1337433348,0.0638234855236,2015-12-12,7.67714063841e-05,4.46073392968e-06,23.99,24.57,-158.13,-157.34,,0.494024991989
2015-12-13,25.1224933351,0.0319178626223,2015-12-13,,,23.99,24.57,-158.13,-157.34,,0.494024991989
2015-12-14,25.2349933324,0.0447213586136,2015-12-14,,,23.99,24.57,-158.13,-157.34,,0.494024991989
2015-12-15,25.33999333,0.0651920225564,2015-12-15,,,23.99,24.57,-158.13,-157.34,,0.494024991989
2015-12-16,25.251243332,0.0901994299594,2015-12-16,,,23.99,24.57,-158.13,-157.34,,0.494024991989
2015-12-17,25.0799933359,0.0759934190901,2015-12-17,,,23.99,24.57,-158.13,-157.34,,0.494024991989
2015-12-18,25.0374933369,0.0774193108945,2015-12-18,,,23.99,24.57,-158.13,-157.34,,0.494024991989
2015-12-19,24.9062433399,0.0929969736823,2015-12-19,7.82492752478e-05,6.59457583375e-06,23.99,24.57,-158.13,-157.34,,0.494024991989
2015-12-20,24.6849933447,0.0987420863158,2015-12-20,,,23.99,24.57,-158.13,-157.34,,0.494024991989
2015-12-21,24.539993348,0.112249719209,2015-12-21,,,23.99,24.57,-158.13,-157.34,,0.494024991989
2015-12-22,24.43874335,0.126138561729,2015-12-22,,,23.99,24.57,-158.13,-157.34,,0.494024991989
2015-12-23,24.4812433491,0.137061798588,2015-12-23,,,23.99,24.57,-158.13,-157.34,,0.494024991989
2015-12-24,24.401243351,0.0745716919816,2015-12-24,,,23.99,24.57,-158.13,-157.34,,0.494024991989
2015-12-25,24.5737433471,0.113791198821,2015-12-25,,,23.99,24.57,-158.13,-157.34,,0.494024991989
2015-12-26,24.7062433442,0.121340169943,2015-12-26,8.10104320408e-05,1.06743885534e-05,23.99,24.57,-158.13,-157.34,,0.494024991989
2015-12-27,24.6599933453,0.108742813533,2015-12-27,,,23.99,24.57,-158.13,-157.34,,0.494024991989
2015-12-28,24.6974933444,0.132169395727,2015-12-28,,,23.99,24.57,-158.13,-157.34,,0.494024991989
2015-12-29,24.673743345,0.132281656693,2015-12-29,,,23.99,24.57,-158.13,-157.34,,0.494024991989
2015-12-30,24.6012433465,0.134576880244,2015-12-30,,,23.99,24.57,-158.13,-157.34,,0.494024991989
2015-12-31,24.4849933493,0.135462168907,2015-12-31,,,23.99,24.57,-158.13,-157.34,,0.494024991989
2016-01-01,24.504993349,0.140267598272,2016-01-01,,,23.99,24.57,-158.13,-157.34,,0.494024991989
2016-01-02,24.492493349,0.164829453618,2016-01-02,7.92054270278e-05,1.11714898859e-05,23.99,24.57,-158.13,-157.34,,0.494024991989
2016-01-03,24.2462433545,0.219256551399,2016-01-03,,,23.99,24.57,-158.13,-157.34,,0.494024991989
2016-01-04,24.176243356,0.240204985065,2016-01-04,,,23.99,24.57,-158.13,-157.34,,0.494024991989
2016-01-05,24.2424933546,0.189720184593,2016-01-05,,,23.99,24.57,-158.13,-157.34,,0.494024991989
2016-01-06,24.2124933555,0.151471941214,2016-01-06,,,23.99,24.57,-158.13,-157.34,,0.494024991989
2016-01-07,24.3762433516,0.131523521574,2016-01-07,,,23.99,24.57,-158.13,-157.34,,0.494024991989
2016-01-08,24.4249933506,0.121449575385,2016-01-08,,,23.99,24.57,-158.13,-157.34,,0.494024991989
2016-01-09,24.314993353,0.108972471168,2016-01-09,7.52702017053e-05,6.14967159853e-06,23.99,24.57,-158.13,-157.34,,0.494024991989
2016-01-10,24.1737433563,0.103795168689,2016-01-10,,,23.99,24.57,-158.13,-157.34,,0.494024991989
2016-01-11,24.1449933566,0.101980387839,2016-01-11,,,23.99,24.57,-158.13,-157.34,,0.494024991989
2016-01-12,24.2737433539,0.122263800247,2016-01-12,,,23.99,24.57,-158.13,-157.34,,0.494024991989
2016-01-13,24.3299933526,0.116726172718,2016-01-13,,,23.99,24.57,-158.13,-157.34,,0.494024991989
2016-01-14,24.3712433516,0.0970099843235,2016-01-14,,,23.99,24.57,-158.13,-157.34,,0.494024991989
2016-01-15,24.1374933569,0.114864047571,2016-01-15,,,23.99,24.57,-158.13,-157.34,,0.494024991989
2016-01-16,24.3449933524,0.125499001206,2016-01-16,7.08722527634e-05,1.87784425644e-06,23.99,24.57,-158.13,-157.34,,0.494024991989
2016-01-17,24.1687433563,0.127223963184,2016-01-17,,,23.99,24.57,-158.13,-157.34,,0.494024991989
2016-01-18,23.9699933609,0.14448182948,2016-01-18,,,23.99,24.57,-158.13,-157.34,,0.494024991989
2016-01-19,23.8774933629,0.147796309255,2016-01-19,,,23.99,24.57,-158.13,-157.34,,0.494024991989
2016-01-20,23.783743365,0.155478089968,2016-01-20,,,23.99,24.57,-158.13,-157.34,,0.494024991989
2016-01-21,23.7362433657,0.150991511328,2016-01-21,,,23.99,24.57,-158.13,-157.34,,0.494024991989
2016-01-22,23.8699933631,0.120830457036,2016-01-22,,,23.99,24.57,-158.13,-157.34,,0.494024991989
2016-01-23,23.9449933611,0.120519705002,2016-01-23,7.1852497058e-05,1.99762426295e-06,23.99,24.57,-158.13,-157.34,,0.494024991989
2016-01-24,23.9637433611,0.132470512574,2016-01-24,,,23.99,24.57,-158.13,-157.34,,0.494024991989
2016-01-25,23.913743362,0.145339039817,2016-01-25,,,23.99,24.57,-158.13,-157.34,,0.494024991989
2016-01-26,24.1162433572,0.165977216063,2016-01-26,,,23.99,24.57,-158.13,-157.34,,0.494024991989
2016-01-27,23.7899933647,0.15394803953,2016-01-27,,,23.99,24.57,-158.13,-157.34,,0.494024991989
2016-01-28,23.6662433676,0.137925475166,2016-01-28,,,23.99,24.57,-158.13,-157.34,,0.494024991989
2016-01-29,23.6324933683,0.144373643963,2016-01-29,,,23.99,24.57,-158.13,-157.34,,0.494024991989
2016-01-30,23.4187433731,0.121597437608,2016-01-30,7.09358027962e-05,4.09268644603e-06,23.99,24.57,-158.13,-157.34,,0.494024991989
2016-01-31,23.6162433686,0.108620610255,2016-01-31,,,23.99,24.57,-158.13,-157.34,,0.494024991989
2016-02-01,23.7537433657,0.0933993422454,2016-02-01,,,23.99,24.57,-158.13,-157.34,,0.494024991989
2016-02-02,23.6999933666,0.0484767974912,2016-02-02,,,23.99,24.57,-158.13,-157.34,,0.494024991989
2016-02-03,23.4112433732,0.0621364414364,2016-02-03,,,23.99,24.57,-158.13,-157.34,,0.494024991989
2016-02-04,23.3974933736,0.0849632254162,2016-02-04,,,23.99,24.57,-158.13,-157.34,,0.494024991989
2016-02-05,23.5862433694,0.125492776048,2016-02-05,,,23.99,24.57,-158.13,-157.34,,0.494024991989
