time_X,sst,sst_std_X,time_Y,Si,Si_std_Y,lat1,lat2,lon1,lon2,,depth
2015-01-01,6.94491874125,1.39590140959,2015-01-01,,,43.0,53.0,-160.0,-150.0,,0.494024991989
2015-01-02,6.9959874901,1.56318276795,2015-01-02,,,43.0,53.0,-160.0,-150.0,,0.494024991989
2015-01-03,6.85531249327,1.52822326102,2015-01-03,19.4141320988,2.84530971803,43.0,53.0,-160.0,-150.0,,0.494024991989
2015-01-04,6.71171249647,1.4089005537,2015-01-04,,,43.0,53.0,-160.0,-150.0,,0.494024991989
2015-01-05,6.66817499743,1.39929596063,2015-01-05,,,43.0,53.0,-160.0,-150.0,,0.494024991989
2015-01-06,6.59658124903,1.4332226249,2015-01-06,,,43.0,53.0,-160.0,-150.0,,0.494024991989
2015-01-07,6.56578124974,1.43135504823,2015-01-07,,,43.0,53.0,-160.0,-150.0,,0.494024991989
2015-01-08,6.5498687501,1.33378118992,2015-01-08,,,43.0,53.0,-160.0,-150.0,,0.494024991989
2015-01-09,6.63002499828,1.4350583925,2015-01-09,,,43.0,53.0,-160.0,-150.0,,0.494024991989
2015-01-10,6.59354999911,1.5920363657,2015-01-10,19.4717307556,2.87888581447,43.0,53.0,-160.0,-150.0,,0.494024991989
2015-01-11,6.60382499887,1.67054937637,2015-01-11,,,43.0,53.0,-160.0,-150.0,,0.494024991989
2015-01-12,6.54592500016,1.84721807443,2015-01-12,,,43.0,53.0,-160.0,-150.0,,0.494024991989
2015-01-13,6.51117500095,1.90243927036,2015-01-13,,,43.0,53.0,-160.0,-150.0,,0.494024991989
2015-01-14,6.5935749991,1.82210887828,2015-01-14,,,43.0,53.0,-160.0,-150.0,,0.494024991989
2015-01-15,6.61942499851,1.75595510697,2015-01-15,,,43.0,53.0,-160.0,-150.0,,0.494024991989
2015-01-16,6.72786249611,1.48292167948,2015-01-16,,,43.0,53.0,-160.0,-150.0,,0.494024991989
2015-01-17,6.77169374513,1.45446646092,2015-01-17,19.512935526,2.87581746618,43.0,53.0,-160.0,-150.0,,0.494024991989
2015-01-18,6.74744374568,1.47891485319,2015-01-18,,,43.0,53.0,-160.0,-150.0,,0.494024991989
2015-01-19,6.65238124778,1.47478920686,2015-01-19,,,43.0,53.0,-160.0,-150.0,,0.494024991989
2015-01-20,6.69741874678,1.54369212564,2015-01-20,,,43.0,53.0,-160.0,-150.0,,0.494024991989
2015-01-21,6.59550624907,1.75270975059,2015-01-21,,,43.0,53.0,-160.0,-150.0,,0.494024991989
2015-01-22,6.57314374956,1.7496661533,2015-01-22,,,43.0,53.0,-160.0,-150.0,,0.494024991989
2015-01-23,6.55726874992,1.71120065988,2015-01-23,,,43.0,53.0,-160.0,-150.0,,0.494024991989
2015-01-24,6.51588125084,1.57809623231,2015-01-24,19.5540065463,2.88526679888,43.0,53.0,-160.0,-150.0,,0.494024991989
2015-01-25,6.44135000251,1.51500433806,2015-01-25,,,43.0,53.0,-160.0,-150.0,,0.494024991989
2015-01-26,6.38028125387,1.46659870656,2015-01-26,,,43.0,53.0,-160.0,-150.0,,0.494024991989
2015-01-27,6.30306250561,1.39009020505,2015-01-27,,,43.0,53.0,-160.0,-150.0,,0.494024991989
2015-01-28,6.26159375654,1.34165471822,2015-01-28,,,43.0,53.0,-160.0,-150.0,,0.494024991989
2015-01-29,6.22665000732,1.30909324857,2015-01-29,,,43.0,53.0,-160.0,-150.0,,0.494024991989
2015-01-30,6.22591250734,1.27809659836,2015-01-30,,,43.0,53.0,-160.0,-150.0,,0.494024991989
2015-01-31,6.21160000765,1.21994111585,2015-01-31,19.6439165431,2.92799799721,43.0,53.0,-160.0,-150.0,,0.494024991989
2015-02-01,6.17586250844,1.20853978432,2015-02-01,,,43.0,53.0,-160.0,-150.0,,0.494024991989
2015-02-02,6.14925000906,1.28369163972,2015-02-02,,,43.0,53.0,-160.0,-150.0,,0.494024991989
2015-02-03,6.21918750748,1.23236157093,2015-02-03,,,43.0,53.0,-160.0,-150.0,,0.494024991989
2015-02-04,6.23041875722,1.25342253119,2015-02-04,,,43.0,53.0,-160.0,-150.0,,0.494024991989
2015-02-05,6.08926876038,1.30134885475,2015-02-05,,,43.0,53.0,-160.0,-150.0,,0.494024991989
2015-02-06,6.06745626087,1.29313339707,2015-02-06,,,43.0,53.0,-160.0,-150.0,,0.494024991989
2015-02-07,6.09525626024,1.2510820777,2015-02-07,19.6901434295,2.95911494928,43.0,53.0,-160.0,-150.0,,0.494024991989
2015-02-08,6.09036251035,1.30549882416,2015-02-08,,,43.0,53.0,-160.0,-150.0,,0.494024991989
2015-02-09,6.04521251137,1.40993055803,2015-02-09,,,43.0,53.0,-160.0,-150.0,,0.494024991989
2015-02-10,6.10108126011,1.42312381848,2015-02-10,,,43.0,53.0,-160.0,-150.0,,0.494024991989
2015-02-11,6.22755000731,1.28938443121,2015-02-11,,,43.0,53.0,-160.0,-150.0,,0.494024991989
2015-02-12,6.24278125694,1.29170738668,2015-02-12,,,43.0,53.0,-160.0,-150.0,,0.494024991989
2015-02-13,6.32346250515,1.24337255913,2015-02-13,,,43.0,53.0,-160.0,-150.0,,0.494024991989
2015-02-14,6.38080625386,1.24585632969,2015-02-14,19.6643445173,2.9591587059,43.0,53.0,-160.0,-150.0,,0.494024991989
2015-02-15,6.38805000371,1.22944705228,2015-02-15,,,43.0,53.0,-160.0,-150.0,,0.494024991989
2015-02-16,6.43968125254,1.26435045367,2015-02-16,,,43.0,53.0,-160.0,-150.0,,0.494024991989
2015-02-17,6.36003125433,1.27068099668,2015-02-17,,,43.0,53.0,-160.0,-150.0,,0.494024991989
2015-02-18,6.29699375574,1.18860882177,2015-02-18,,,43.0,53.0,-160.0,-150.0,,0.494024991989
2015-02-19,6.26422500647,1.28114159563,2015-02-19,,,43.0,53.0,-160.0,-150.0,,0.494024991989
2015-02-20,6.14266875918,1.4803791991,2015-02-20,,,43.0,53.0,-160.0,-150.0,,0.494024991989
2015-02-21,6.20775625774,1.40004995212,2015-02-21,19.6116449763,2.97946739379,43.0,53.0,-160.0,-150.0,,0.494024991989
2015-02-22,6.32963750501,1.31502620394,2015-02-22,,,43.0,53.0,-160.0,-150.0,,0.494024991989
2015-02-23,6.33703750485,1.23551155818,2015-02-23,,,43.0,53.0,-160.0,-150.0,,0.494024991989
2015-02-24,6.27291875628,1.26882576491,2015-02-24,,,43.0,53.0,-160.0,-150.0,,0.494024991989
2015-02-25,6.21686250753,1.41972926546,2015-02-25,,,43.0,53.0,-160.0,-150.0,,0.494024991989
2015-02-26,6.19300625807,1.49796641792,2015-02-26,,,43.0,53.0,-160.0,-150.0,,0.494024991989
2015-02-27,6.25980625658,1.52560243022,2015-02-27,,,43.0,53.0,-160.0,-150.0,,0.494024991989
2015-02-28,6.43353125269,1.35143905585,2015-02-28,19.5331002709,2.97212548987,43.0,53.0,-160.0,-150.0,,0.494024991989
2015-03-01,6.60178124892,1.34084750047,2015-03-01,,,43.0,53.0,-160.0,-150.0,,0.494024991989
2015-03-02,6.65716874768,1.24231907067,2015-03-02,,,43.0,53.0,-160.0,-150.0,,0.494024991989
2015-03-03,6.73851874587,1.22064547164,2015-03-03,,,43.0,53.0,-160.0,-150.0,,0.494024991989
2015-03-04,6.72916249608,1.23305969086,2015-03-04,,,43.0,53.0,-160.0,-150.0,,0.494024991989
2015-03-05,6.70549999661,1.21981469686,2015-03-05,,,43.0,53.0,-160.0,-150.0,,0.494024991989
2015-03-06,6.79699999457,1.15672427445,2015-03-06,,,43.0,53.0,-160.0,-150.0,,0.494024991989
2015-03-07,6.83208124378,1.16972068686,2015-03-07,19.4690388011,2.98378527331,43.0,53.0,-160.0,-150.0,,0.494024991989
2015-03-08,6.72412499619,1.2827040297,2015-03-08,,,43.0,53.0,-160.0,-150.0,,0.494024991989
2015-03-09,6.66454374753,1.34800047556,2015-03-09,,,43.0,53.0,-160.0,-150.0,,0.494024991989
2015-03-10,6.55912499988,1.34789929034,2015-03-10,,,43.0,53.0,-160.0,-150.0,,0.494024991989
2015-03-11,6.49678125127,1.34453610397,2015-03-11,,,43.0,53.0,-160.0,-150.0,,0.494024991989
2015-03-12,6.62885624831,1.37386095747,2015-03-12,,,43.0,53.0,-160.0,-150.0,,0.494024991989
2015-03-13,6.5044250011,1.3834655133,2015-03-13,,,43.0,53.0,-160.0,-150.0,,0.494024991989
2015-03-14,6.50167500116,1.33067801207,2015-03-14,19.5756826336,3.07148831064,43.0,53.0,-160.0,-150.0,,0.494024991989
2015-03-15,6.5760624995,1.36772610412,2015-03-15,,,43.0,53.0,-160.0,-150.0,,0.494024991989
2015-03-16,6.5900812492,1.42300140021,2015-03-16,,,43.0,53.0,-160.0,-150.0,,0.494024991989
2015-03-17,6.48909375144,1.37132898878,2015-03-17,,,43.0,53.0,-160.0,-150.0,,0.494024991989
2015-03-18,6.44130000252,1.34599729504,2015-03-18,,,43.0,53.0,-160.0,-150.0,,0.494024991989
2015-03-19,6.36940000411,1.34474173566,2015-03-19,,,43.0,53.0,-160.0,-150.0,,0.494024991989
2015-03-20,6.34008125477,1.2999007195,2015-03-20,,,43.0,53.0,-160.0,-150.0,,0.494024991989
2015-03-21,6.33075000499,1.27921090142,2015-03-21,19.6244585444,3.06703444007,43.0,53.0,-160.0,-150.0,,0.494024991989
2015-03-22,6.27601250621,1.26985830022,2015-03-22,,,43.0,53.0,-160.0,-150.0,,0.494024991989
2015-03-23,6.1917875081,1.22672192525,2015-03-23,,,43.0,53.0,-160.0,-150.0,,0.494024991989
2015-03-24,6.2230125074,1.23604262962,2015-03-24,,,43.0,53.0,-160.0,-150.0,,0.494024991989
2015-03-25,6.49110625139,1.28892188976,2015-03-25,,,43.0,53.0,-160.0,-150.0,,0.494024991989
2015-03-26,6.52779375059,1.38588175608,2015-03-26,,,43.0,53.0,-160.0,-150.0,,0.494024991989
2015-03-27,6.51701875082,1.39173453503,2015-03-27,,,43.0,53.0,-160.0,-150.0,,0.494024991989
2015-03-28,6.50384375111,1.33124128181,2015-03-28,19.6985876685,3.02383290391,43.0,53.0,-160.0,-150.0,,0.494024991989
2015-03-29,6.56704999971,1.31351342521,2015-03-29,,,43.0,53.0,-160.0,-150.0,,0.494024991989
2015-03-30,6.52832500055,1.29176961807,2015-03-30,,,43.0,53.0,-160.0,-150.0,,0.494024991989
2015-03-31,6.46000000209,1.25382870489,2015-03-31,,,43.0,53.0,-160.0,-150.0,,0.494024991989
2015-04-01,6.44291875247,1.1712548428,2015-04-01,,,43.0,53.0,-160.0,-150.0,,0.494024991989
2015-04-02,6.45947500211,1.23538241297,2015-04-02,,,43.0,53.0,-160.0,-150.0,,0.494024991989
2015-04-03,6.46942500187,1.27742208004,2015-04-03,,,43.0,53.0,-160.0,-150.0,,0.494024991989
2015-04-04,6.35364375447,1.30687941671,2015-04-04,19.8641755305,3.0897039629,43.0,53.0,-160.0,-150.0,,0.494024991989
2015-04-05,6.18690000821,1.36085119721,2015-04-05,,,43.0,53.0,-160.0,-150.0,,0.494024991989
2015-04-06,6.35836250436,1.32931740022,2015-04-06,,,43.0,53.0,-160.0,-150.0,,0.494024991989
2015-04-07,6.44248125249,1.34800419258,2015-04-07,,,43.0,53.0,-160.0,-150.0,,0.494024991989
2015-04-08,6.4864187515,1.27589643642,2015-04-08,,,43.0,53.0,-160.0,-150.0,,0.494024991989
2015-04-09,6.58103749938,1.27889121968,2015-04-09,,,43.0,53.0,-160.0,-150.0,,0.494024991989
2015-04-10,6.59574374906,1.35381599256,2015-04-10,,,43.0,53.0,-160.0,-150.0,,0.494024991989
2015-04-11,6.51670625083,1.36603862405,2015-04-11,20.0333733288,3.2138961231,43.0,53.0,-160.0,-150.0,,0.494024991989
2015-04-12,6.49495000129,1.4074085348,2015-04-12,,,43.0,53.0,-160.0,-150.0,,0.494024991989
2015-04-13,6.50828125101,1.38905810088,2015-04-13,,,43.0,53.0,-160.0,-150.0,,0.494024991989
2015-04-14,6.35598125442,1.35839089865,2015-04-14,,,43.0,53.0,-160.0,-150.0,,0.494024991989
2015-04-15,6.31989375523,1.35236791228,2015-04-15,,,43.0,53.0,-160.0,-150.0,,0.494024991989
2015-04-16,6.32712500504,1.36875584269,2015-04-16,,,43.0,53.0,-160.0,-150.0,,0.494024991989
2015-04-17,6.33206875496,1.38419831921,2015-04-17,,,43.0,53.0,-160.0,-150.0,,0.494024991989
2015-04-18,6.4774500017,1.41907548649,2015-04-18,20.301896863,3.32088024324,43.0,53.0,-160.0,-150.0,,0.494024991989
2015-04-19,6.57038749963,1.37102950357,2015-04-19,,,43.0,53.0,-160.0,-150.0,,0.494024991989
2015-04-20,6.57638749949,1.40001120155,2015-04-20,,,43.0,53.0,-160.0,-150.0,,0.494024991989
2015-04-21,6.61737499859,1.3730506775,2015-04-21,,,43.0,53.0,-160.0,-150.0,,0.494024991989
2015-04-22,6.68154999714,1.35749186861,2015-04-22,,,43.0,53.0,-160.0,-150.0,,0.494024991989
2015-04-23,6.63218124824,1.34400268737,2015-04-23,,,43.0,53.0,-160.0,-150.0,,0.494024991989
2015-04-24,6.61121874872,1.38259824251,2015-04-24,,,43.0,53.0,-160.0,-150.0,,0.494024991989
2015-04-25,6.59693749904,1.40187309132,2015-04-25,20.4888952735,3.39940924841,43.0,53.0,-160.0,-150.0,,0.494024991989
2015-04-26,6.63533749817,1.32573575341,2015-04-26,,,43.0,53.0,-160.0,-150.0,,0.494024991989
2015-04-27,6.63794374812,1.28989320816,2015-04-27,,,43.0,53.0,-160.0,-150.0,,0.494024991989
2015-04-28,6.68684374704,1.28912146424,2015-04-28,,,43.0,53.0,-160.0,-150.0,,0.494024991989
2015-04-29,6.70344999667,1.3132514737,2015-04-29,,,43.0,53.0,-160.0,-150.0,,0.494024991989
2015-04-30,6.71911249631,1.3247409347,2015-04-30,,,43.0,53.0,-160.0,-150.0,,0.494024991989
2015-05-01,6.62839374832,1.30327633096,2015-05-01,,,43.0,53.0,-160.0,-150.0,,0.494024991989
2015-05-02,6.64490624796,1.29277234283,2015-05-02,20.5316065682,3.39879698436,43.0,53.0,-160.0,-150.0,,0.494024991989
2015-05-03,6.65686249771,1.27616895023,2015-05-03,,,43.0,53.0,-160.0,-150.0,,0.494024991989
2015-05-04,6.55479999997,1.18326321874,2015-05-04,,,43.0,53.0,-160.0,-150.0,,0.494024991989
2015-05-05,6.42278750293,1.18024491378,2015-05-05,,,43.0,53.0,-160.0,-150.0,,0.494024991989
2015-05-06,6.54645625015,1.19306309438,2015-05-06,,,43.0,53.0,-160.0,-150.0,,0.494024991989
2015-05-07,6.732612496,1.16357206765,2015-05-07,,,43.0,53.0,-160.0,-150.0,,0.494024991989
2015-05-08,6.73616874593,1.15348450965,2015-05-08,,,43.0,53.0,-160.0,-150.0,,0.494024991989
2015-05-09,6.7681687452,1.21183345246,2015-05-09,20.5134570626,3.34675931226,43.0,53.0,-160.0,-150.0,,0.494024991989
2015-05-10,6.75388749552,1.29161715438,2015-05-10,,,43.0,53.0,-160.0,-150.0,,0.494024991989
2015-05-11,6.7057937466,1.34193191624,2015-05-11,,,43.0,53.0,-160.0,-150.0,,0.494024991989
2015-05-12,6.91275624197,1.59257329073,2015-05-12,,,43.0,53.0,-160.0,-150.0,,0.494024991989
2015-05-13,7.12774998715,1.79072295184,2015-05-13,,,43.0,53.0,-160.0,-150.0,,0.494024991989
2015-05-14,6.96301249084,1.2377696382,2015-05-14,,,43.0,53.0,-160.0,-150.0,,0.494024991989
2015-05-15,6.97712499056,1.21055216331,2015-05-15,,,43.0,53.0,-160.0,-150.0,,0.494024991989
2015-05-16,7.0234687395,1.15277520431,2015-05-16,20.4502166631,3.27260927231,43.0,53.0,-160.0,-150.0,,0.494024991989
2015-05-17,7.05294998884,1.12263533063,2015-05-17,,,43.0,53.0,-160.0,-150.0,,0.494024991989
2015-05-18,7.16089373643,1.03411750619,2015-05-18,,,43.0,53.0,-160.0,-150.0,,0.494024991989
2015-05-19,7.21307498525,1.08120043825,2015-05-19,,,43.0,53.0,-160.0,-150.0,,0.494024991989
2015-05-20,7.29037498354,1.08571259865,2015-05-20,,,43.0,53.0,-160.0,-150.0,,0.494024991989
2015-05-21,7.4883562291,1.13093103882,2015-05-21,,,43.0,53.0,-160.0,-150.0,,0.494024991989
2015-05-22,7.59326247676,1.15932047239,2015-05-22,,,43.0,53.0,-160.0,-150.0,,0.494024991989
2015-05-23,7.6762187249,1.25180327388,2015-05-23,20.3727748335,3.24468083579,43.0,53.0,-160.0,-150.0,,0.494024991989
2015-05-24,7.78504372247,1.18645395201,2015-05-24,,,43.0,53.0,-160.0,-150.0,,0.494024991989
2015-05-25,7.96117496853,1.18977522335,2015-05-25,,,43.0,53.0,-160.0,-150.0,,0.494024991989
2015-05-26,8.17791871369,1.17906509736,2015-05-26,,,43.0,53.0,-160.0,-150.0,,0.494024991989
2015-05-27,8.28099996138,1.06613426715,2015-05-27,,,43.0,53.0,-160.0,-150.0,,0.494024991989
2015-05-28,8.1235624649,0.965914737122,2015-05-28,,,43.0,53.0,-160.0,-150.0,,0.494024991989
2015-05-29,7.86778122063,1.09356983581,2015-05-29,,,43.0,53.0,-160.0,-150.0,,0.494024991989
2015-05-30,7.9541937187,1.10443148773,2015-05-30,20.1992546328,3.22271726302,43.0,53.0,-160.0,-150.0,,0.494024991989
2015-05-31,8.0476374666,1.1292968601,2015-05-31,,,43.0,53.0,-160.0,-150.0,,0.494024991989
2015-06-01,8.20674371304,0.996268029665,2015-06-01,,,43.0,53.0,-160.0,-150.0,,0.494024991989
2015-06-02,8.49509370661,0.987249454245,2015-06-02,,,43.0,53.0,-160.0,-150.0,,0.494024991989
2015-06-03,8.80679369963,0.827548262632,2015-06-03,,,43.0,53.0,-160.0,-150.0,,0.494024991989
2015-06-04,9.0366249445,0.78181588897,2015-06-04,,,43.0,53.0,-160.0,-150.0,,0.494024991989
2015-06-05,9.19464369097,0.860765236521,2015-06-05,,,43.0,53.0,-160.0,-150.0,,0.494024991989
2015-06-06,9.37186868701,0.964827251396,2015-06-06,20.1292490624,3.13321294058,43.0,53.0,-160.0,-150.0,,0.494024991989
2015-06-07,9.53913743326,1.01820472945,2015-06-07,,,43.0,53.0,-160.0,-150.0,,0.494024991989
2015-06-08,9.59490618202,1.1119273475,2015-06-08,,,43.0,53.0,-160.0,-150.0,,0.494024991989
2015-06-09,9.29996243861,1.43336546457,2015-06-09,,,43.0,53.0,-160.0,-150.0,,0.494024991989
2015-06-10,9.2605561895,1.47824134003,2015-06-10,,,43.0,53.0,-160.0,-150.0,,0.494024991989
2015-06-11,9.03334369457,1.42857926294,2015-06-11,,,43.0,53.0,-160.0,-150.0,,0.494024991989
2015-06-12,9.06434994389,1.41325402023,2015-06-12,,,43.0,53.0,-160.0,-150.0,,0.494024991989
2015-06-13,9.10630619294,1.23805399515,2015-06-13,20.0816129914,3.1718265365,43.0,53.0,-160.0,-150.0,,0.494024991989
2015-06-14,8.98780619559,1.4598901651,2015-06-14,,,43.0,53.0,-160.0,-150.0,,0.494024991989
2015-06-15,9.00776869514,1.53680563217,2015-06-15,,,43.0,53.0,-160.0,-150.0,,0.494024991989
2015-06-16,9.04540619431,1.52296667509,2015-06-16,,,43.0,53.0,-160.0,-150.0,,0.494024991989
2015-06-17,9.07581244363,1.51987157598,2015-06-17,,,43.0,53.0,-160.0,-150.0,,0.494024991989
2015-06-18,9.21319369055,1.564514051,2015-06-18,,,43.0,53.0,-160.0,-150.0,,0.494024991989
2015-06-19,9.47956243459,1.65207221201,2015-06-19,,,43.0,53.0,-160.0,-150.0,,0.494024991989
2015-06-20,9.63538743111,1.705457807,2015-06-20,19.9110961793,3.20264498405,43.0,53.0,-160.0,-150.0,,0.494024991989
2015-06-21,9.71814992926,1.79601278745,2015-06-21,,,43.0,53.0,-160.0,-150.0,,0.494024991989
2015-06-22,9.85861242612,1.75625832209,2015-06-22,,,43.0,53.0,-160.0,-150.0,,0.494024991989
2015-06-23,9.90926242499,1.79613820569,2015-06-23,,,43.0,53.0,-160.0,-150.0,,0.494024991989
2015-06-24,9.99659367304,1.81601947866,2015-06-24,,,43.0,53.0,-160.0,-150.0,,0.494024991989
2015-06-25,9.99034367318,1.90587688333,2015-06-25,,,43.0,53.0,-160.0,-150.0,,0.494024991989
2015-06-26,10.0733624213,1.83507813413,2015-06-26,,,43.0,53.0,-160.0,-150.0,,0.494024991989
2015-06-27,10.1466061697,1.68236169162,2015-06-27,19.7935469123,3.18363846232,43.0,53.0,-160.0,-150.0,,0.494024991989
2015-06-28,10.444837413,1.29401978551,2015-06-28,,,43.0,53.0,-160.0,-150.0,,0.494024991989
2015-06-29,10.6371186587,1.23898424808,2015-06-29,,,43.0,53.0,-160.0,-150.0,,0.494024991989
2015-06-30,10.9561686516,1.22413944296,2015-06-30,,,43.0,53.0,-160.0,-150.0,,0.494024991989
2015-07-01,11.2687873946,1.38314309637,2015-07-01,,,43.0,53.0,-160.0,-150.0,,0.494024991989
2015-07-02,11.5385748886,1.41932801606,2015-07-02,,,43.0,53.0,-160.0,-150.0,,0.494024991989
2015-07-03,11.7659373835,1.44887172787,2015-07-03,,,43.0,53.0,-160.0,-150.0,,0.494024991989
2015-07-04,11.47423739,1.55319717317,2015-07-04,19.6954765363,3.14240511192,43.0,53.0,-160.0,-150.0,,0.494024991989
2015-07-05,11.3590998926,1.54471206596,2015-07-05,,,43.0,53.0,-160.0,-150.0,,0.494024991989
2015-07-06,11.3640373925,1.52907346036,2015-07-06,,,43.0,53.0,-160.0,-150.0,,0.494024991989
2015-07-07,11.4795123899,1.58676667667,2015-07-07,,,43.0,53.0,-160.0,-150.0,,0.494024991989
2015-07-08,11.5863686375,1.49684993706,2015-07-08,,,43.0,53.0,-160.0,-150.0,,0.494024991989
2015-07-09,11.6266623866,1.36278460183,2015-07-09,,,43.0,53.0,-160.0,-150.0,,0.494024991989
2015-07-10,11.6359998864,1.24951479473,2015-07-10,,,43.0,53.0,-160.0,-150.0,,0.494024991989
2015-07-11,11.6407936363,1.20326532819,2015-07-11,19.603432132,3.08589249325,43.0,53.0,-160.0,-150.0,,0.494024991989
2015-07-12,11.4429623907,1.05021053299,2015-07-12,,,43.0,53.0,-160.0,-150.0,,0.494024991989
2015-07-13,11.3104248937,1.24665789395,2015-07-13,,,43.0,53.0,-160.0,-150.0,,0.494024991989
2015-07-14,11.3662061424,1.69035993952,2015-07-14,,,43.0,53.0,-160.0,-150.0,,0.494024991989
2015-07-15,12.0764061266,1.87620096309,2015-07-15,,,43.0,53.0,-160.0,-150.0,,0.494024991989
2015-07-16,13.2934623493,2.21077240656,2015-07-16,,,43.0,53.0,-160.0,-150.0,,0.494024991989
2015-07-17,13.0524811047,2.08879361814,2015-07-17,,,43.0,53.0,-160.0,-150.0,,0.494024991989
2015-07-18,12.9254123576,2.00518306384,2015-07-18,19.4934087351,3.04613204246,43.0,53.0,-160.0,-150.0,,0.494024991989
2015-07-19,12.4303686187,1.86750704622,2015-07-19,,,43.0,53.0,-160.0,-150.0,,0.494024991989
2015-07-20,12.4962248672,1.42393811954,2015-07-20,,,43.0,53.0,-160.0,-150.0,,0.494024991989
2015-07-21,13.2052311013,1.27711163551,2015-07-21,,,43.0,53.0,-160.0,-150.0,,0.494024991989
2015-07-22,13.1893748517,1.42669929663,2015-07-22,,,43.0,53.0,-160.0,-150.0,,0.494024991989
2015-07-23,12.7507311115,1.47669394233,2015-07-23,,,43.0,53.0,-160.0,-150.0,,0.494024991989
2015-07-24,12.5101811169,1.54500773097,2015-07-24,,,43.0,53.0,-160.0,-150.0,,0.494024991989
2015-07-25,12.3820248697,1.75343070827,2015-07-25,19.4729458556,3.02433017479,43.0,53.0,-160.0,-150.0,,0.494024991989
2015-07-26,12.2198998733,1.8280046239,2015-07-26,,,43.0,53.0,-160.0,-150.0,,0.494024991989
2015-07-27,12.2728498722,1.88134992617,2015-07-27,,,43.0,53.0,-160.0,-150.0,,0.494024991989
2015-07-28,12.2864436219,1.87569120627,2015-07-28,,,43.0,53.0,-160.0,-150.0,,0.494024991989
2015-07-29,12.37103112,1.88422834678,2015-07-29,,,43.0,53.0,-160.0,-150.0,,0.494024991989
2015-07-30,12.6598061135,1.84633523058,2015-07-30,,,43.0,53.0,-160.0,-150.0,,0.494024991989
2015-07-31,12.7617748612,1.82131298232,2015-07-31,,,43.0,53.0,-160.0,-150.0,,0.494024991989
2015-08-01,12.9202186077,1.84601175423,2015-08-01,19.3658323374,2.97603947031,43.0,53.0,-160.0,-150.0,,0.494024991989
2015-08-02,12.998356106,2.06663691063,2015-08-02,,,43.0,53.0,-160.0,-150.0,,0.494024991989
2015-08-03,12.9320686074,2.24127938984,2015-08-03,,,43.0,53.0,-160.0,-150.0,,0.494024991989
2015-08-04,12.9635936067,2.42550532359,2015-08-04,,,43.0,53.0,-160.0,-150.0,,0.494024991989
2015-08-05,13.0716623543,2.55085287572,2015-08-05,,,43.0,53.0,-160.0,-150.0,,0.494024991989
2015-08-06,13.3362248484,2.59176613842,2015-08-06,,,43.0,53.0,-160.0,-150.0,,0.494024991989
2015-08-07,13.5213373443,2.46012583488,2015-08-07,,,43.0,53.0,-160.0,-150.0,,0.494024991989
2015-08-08,14.2983373269,1.53365238737,2015-08-08,19.2684463017,2.92789937265,43.0,53.0,-160.0,-150.0,,0.494024991989
2015-08-09,14.829862315,1.30936945662,2015-08-09,,,43.0,53.0,-160.0,-150.0,,0.494024991989
2015-08-10,14.8966498135,1.49127515769,2015-08-10,,,43.0,53.0,-160.0,-150.0,,0.494024991989
2015-08-11,13.9247060852,2.32388238072,2015-08-11,,,43.0,53.0,-160.0,-150.0,,0.494024991989
2015-08-12,13.9171748354,2.52396012086,2015-08-12,,,43.0,53.0,-160.0,-150.0,,0.494024991989
2015-08-13,14.1565873301,2.67718888995,2015-08-13,,,43.0,53.0,-160.0,-150.0,,0.494024991989
2015-08-14,14.2370498283,2.90526657614,2015-08-14,,,43.0,53.0,-160.0,-150.0,,0.494024991989
2015-08-15,14.7997560657,2.93299972109,2015-08-15,19.1422980778,2.91395046444,43.0,53.0,-160.0,-150.0,,0.494024991989
2015-08-16,15.2713248051,2.85567750012,2015-08-16,,,43.0,53.0,-160.0,-150.0,,0.494024991989
2015-08-17,15.6112497975,2.77077882117,2015-08-17,,,43.0,53.0,-160.0,-150.0,,0.494024991989
2015-08-18,15.6637435464,2.90719014368,2015-08-18,,,43.0,53.0,-160.0,-150.0,,0.494024991989
2015-08-19,15.7360435448,3.0555802169,2015-08-19,,,43.0,53.0,-160.0,-150.0,,0.494024991989
2015-08-20,15.7157622952,3.14191629291,2015-08-20,,,43.0,53.0,-160.0,-150.0,,0.494024991989
2015-08-21,15.725268545,3.19794842655,2015-08-21,,,43.0,53.0,-160.0,-150.0,,0.494024991989
2015-08-22,15.7047872954,3.23453062403,2015-08-22,18.9877439443,2.9615531748,43.0,53.0,-160.0,-150.0,,0.494024991989
2015-08-23,15.6435810468,3.2217353092,2015-08-23,,,43.0,53.0,-160.0,-150.0,,0.494024991989
2015-08-24,15.5291560494,3.2267132864,2015-08-24,,,43.0,53.0,-160.0,-150.0,,0.494024991989
2015-08-25,15.4966373001,3.16275263478,2015-08-25,,,43.0,53.0,-160.0,-150.0,,0.494024991989
2015-08-26,15.5347060493,3.01416441629,2015-08-26,,,43.0,53.0,-160.0,-150.0,,0.494024991989
2015-08-27,15.7105560453,2.78387597439,2015-08-27,,,43.0,53.0,-160.0,-150.0,,0.494024991989
2015-08-28,15.5582560487,2.62317340218,2015-08-28,,,43.0,53.0,-160.0,-150.0,,0.494024991989
2015-08-29,15.5194872996,2.55384981116,2015-08-29,18.8970556562,3.00578370627,43.0,53.0,-160.0,-150.0,,0.494024991989
2015-08-30,15.4237123017,2.5880575893,2015-08-30,,,43.0,53.0,-160.0,-150.0,,0.494024991989
2015-08-31,15.3499435534,2.63334552056,2015-08-31,,,43.0,53.0,-160.0,-150.0,,0.494024991989
2015-09-01,15.05513106,2.38499221056,2015-09-01,,,43.0,53.0,-160.0,-150.0,,0.494024991989
2015-09-02,15.6050560477,2.42957635365,2015-09-02,,,43.0,53.0,-160.0,-150.0,,0.494024991989
2015-09-03,15.6660310463,2.46969570984,2015-09-03,,,43.0,53.0,-160.0,-150.0,,0.494024991989
2015-09-04,15.6926497957,2.48256642741,2015-09-04,,,43.0,53.0,-160.0,-150.0,,0.494024991989
2015-09-05,15.6479372967,2.64685460423,2015-09-05,18.7367480834,2.97136078749,43.0,53.0,-160.0,-150.0,,0.494024991989
2015-09-06,15.4750998006,2.65018161436,2015-09-06,,,43.0,53.0,-160.0,-150.0,,0.494024991989
2015-09-07,15.4046123022,2.56561921119,2015-09-07,,,43.0,53.0,-160.0,-150.0,,0.494024991989
2015-09-08,15.413149802,2.35348957378,2015-09-08,,,43.0,53.0,-160.0,-150.0,,0.494024991989
2015-09-09,15.4202123018,2.38356272056,2015-09-09,,,43.0,53.0,-160.0,-150.0,,0.494024991989
2015-09-10,15.4761060506,2.40065021522,2015-09-10,,,43.0,53.0,-160.0,-150.0,,0.494024991989
2015-09-11,15.3871873025,2.36277911396,2015-09-11,,,43.0,53.0,-160.0,-150.0,,0.494024991989
2015-09-12,15.3638248031,2.4040819208,2015-09-12,18.5848790102,2.9488720993,43.0,53.0,-160.0,-150.0,,0.494024991989
2015-09-13,15.2544310555,2.29034233069,2015-09-13,,,43.0,53.0,-160.0,-150.0,,0.494024991989
2015-09-14,15.2224685562,2.31260209843,2015-09-14,,,43.0,53.0,-160.0,-150.0,,0.494024991989
2015-09-15,15.1355060582,2.23974232149,2015-09-15,,,43.0,53.0,-160.0,-150.0,,0.494024991989
2015-09-16,14.9155123131,2.01339381304,2015-09-16,,,43.0,53.0,-160.0,-150.0,,0.494024991989
2015-09-17,14.8150748153,2.11116764191,2015-09-17,,,43.0,53.0,-160.0,-150.0,,0.494024991989
2015-09-18,15.0965435591,2.29491260774,2015-09-18,,,43.0,53.0,-160.0,-150.0,,0.494024991989
2015-09-19,15.1545748078,2.43828476174,2015-09-19,18.4939469686,2.9098557097,43.0,53.0,-160.0,-150.0,,0.494024991989
2015-09-20,15.1361435582,2.49926508741,2015-09-20,,,43.0,53.0,-160.0,-150.0,,0.494024991989
2015-09-21,14.965499812,2.62313242158,2015-09-21,,,43.0,53.0,-160.0,-150.0,,0.494024991989
2015-09-22,14.739262317,2.63345790374,2015-09-22,,,43.0,53.0,-160.0,-150.0,,0.494024991989
2015-09-23,14.5048998223,2.59238673506,2015-09-23,,,43.0,53.0,-160.0,-150.0,,0.494024991989
2015-09-24,14.3542810756,2.50373950961,2015-09-24,,,43.0,53.0,-160.0,-150.0,,0.494024991989
2015-09-25,14.2288060784,2.40253219179,2015-09-25,,,43.0,53.0,-160.0,-150.0,,0.494024991989
2015-09-26,14.1837685794,2.41639720932,2015-09-26,18.4584441477,2.92389786574,43.0,53.0,-160.0,-150.0,,0.494024991989
2015-09-27,14.203281079,2.46563737206,2015-09-27,,,43.0,53.0,-160.0,-150.0,,0.494024991989
2015-09-28,14.2211060786,2.50155451013,2015-09-28,,,43.0,53.0,-160.0,-150.0,,0.494024991989
2015-09-29,14.2303248284,2.50534451559,2015-09-29,,,43.0,53.0,-160.0,-150.0,,0.494024991989
2015-09-30,13.9084810856,2.1550050253,2015-09-30,,,43.0,53.0,-160.0,-150.0,,0.494024991989
2015-10-01,13.7284873396,1.99235778596,2015-10-01,,,43.0,53.0,-160.0,-150.0,,0.494024991989
2015-10-02,13.6545685913,1.89930932004,2015-10-02,,,43.0,53.0,-160.0,-150.0,,0.494024991989
2015-10-03,13.5418623438,1.93462797302,2015-10-03,18.3634567261,2.91858264215,43.0,53.0,-160.0,-150.0,,0.494024991989
2015-10-04,13.4811310951,1.9367758909,2015-10-04,,,43.0,53.0,-160.0,-150.0,,0.494024991989
2015-10-05,13.3855560973,1.91534986958,2015-10-05,,,43.0,53.0,-160.0,-150.0,,0.494024991989
2015-10-06,13.4134248467,1.96867726462,2015-10-06,,,43.0,53.0,-160.0,-150.0,,0.494024991989
2015-10-07,13.488549845,1.90805283115,2015-10-07,,,43.0,53.0,-160.0,-150.0,,0.494024991989
2015-10-08,13.4207435965,1.90871134843,2015-10-08,,,43.0,53.0,-160.0,-150.0,,0.494024991989
2015-10-09,13.3582623479,1.94320969958,2015-10-09,,,43.0,53.0,-160.0,-150.0,,0.494024991989
2015-10-10,13.2925685994,1.94521422004,2015-10-10,18.2876062782,2.89078743678,43.0,53.0,-160.0,-150.0,,0.494024991989
2015-10-11,13.2364936006,1.90336253937,2015-10-11,,,43.0,53.0,-160.0,-150.0,,0.494024991989
2015-10-12,13.0942311038,1.93064377034,2015-10-12,,,43.0,53.0,-160.0,-150.0,,0.494024991989
2015-10-13,13.0474873549,1.9277648102,2015-10-13,,,43.0,53.0,-160.0,-150.0,,0.494024991989
2015-10-14,12.9812311063,1.88222339625,2015-10-14,,,43.0,53.0,-160.0,-150.0,,0.494024991989
2015-10-15,12.7201998622,1.80006854855,2015-10-15,,,43.0,53.0,-160.0,-150.0,,0.494024991989
2015-10-16,12.6193748644,1.7862836191,2015-10-16,,,43.0,53.0,-160.0,-150.0,,0.494024991989
2015-10-17,12.6161436145,1.75406670591,2015-10-17,18.4208458319,2.88282148945,43.0,53.0,-160.0,-150.0,,0.494024991989
2015-10-18,12.6339936141,1.74726574241,2015-10-18,,,43.0,53.0,-160.0,-150.0,,0.494024991989
2015-10-19,12.6035811148,1.76033600648,2015-10-19,,,43.0,53.0,-160.0,-150.0,,0.494024991989
2015-10-20,12.3490998705,1.85027242679,2015-10-20,,,43.0,53.0,-160.0,-150.0,,0.494024991989
2015-10-21,12.1358498752,1.90737726585,2015-10-21,,,43.0,53.0,-160.0,-150.0,,0.494024991989
2015-10-22,12.1389248752,1.9394218792,2015-10-22,,,43.0,53.0,-160.0,-150.0,,0.494024991989
2015-10-23,12.0406186274,1.97120238307,2015-10-23,,,43.0,53.0,-160.0,-150.0,,0.494024991989
2015-10-24,11.9328436298,1.92120661549,2015-10-24,18.6024648662,2.87733372028,43.0,53.0,-160.0,-150.0,,0.494024991989
2015-10-25,11.5828186376,1.84383596734,2015-10-25,,,43.0,53.0,-160.0,-150.0,,0.494024991989
2015-10-26,11.3487998928,1.86159536915,2015-10-26,,,43.0,53.0,-160.0,-150.0,,0.494024991989
2015-10-27,11.1827186465,1.75058233854,2015-10-27,,,43.0,53.0,-160.0,-150.0,,0.494024991989
2015-10-28,11.1684436469,1.76908836091,2015-10-28,,,43.0,53.0,-160.0,-150.0,,0.494024991989
2015-10-29,11.1781373966,1.81057127051,2015-10-29,,,43.0,53.0,-160.0,-150.0,,0.494024991989
2015-10-30,11.2035748961,1.82237204317,2015-10-30,,,43.0,53.0,-160.0,-150.0,,0.494024991989
2015-10-31,11.1506498973,1.83840013401,2015-10-31,18.744878278,2.94853354901,43.0,53.0,-160.0,-150.0,,0.494024991989
2015-11-01,11.0688686491,1.86495344743,2015-11-01,,,43.0,53.0,-160.0,-150.0,,0.494024991989
2015-11-02,11.0042999005,1.86190639492,2015-11-02,,,43.0,53.0,-160.0,-150.0,,0.494024991989
2015-11-03,10.891893653,1.91803819559,2015-11-03,,,43.0,53.0,-160.0,-150.0,,0.494024991989
2015-11-04,10.9300249022,1.80574679614,2015-11-04,,,43.0,53.0,-160.0,-150.0,,0.494024991989
2015-11-05,10.9677311513,1.84687623398,2015-11-05,,,43.0,53.0,-160.0,-150.0,,0.494024991989
2015-11-06,10.8861686532,1.91096954034,2015-11-06,,,43.0,53.0,-160.0,-150.0,,0.494024991989
2015-11-07,10.8061811549,1.92004916423,2015-11-07,18.859166115,3.02384511806,43.0,53.0,-160.0,-150.0,,0.494024991989
2015-11-08,10.7664061558,1.91632343968,2015-11-08,,,43.0,53.0,-160.0,-150.0,,0.494024991989
2015-11-09,10.5674186603,1.8619248285,2015-11-09,,,43.0,53.0,-160.0,-150.0,,0.494024991989
2015-11-10,10.4967999119,1.87471862866,2015-11-10,,,43.0,53.0,-160.0,-150.0,,0.494024991989
2015-11-11,10.309906166,1.92187950726,2015-11-11,,,43.0,53.0,-160.0,-150.0,,0.494024991989
2015-11-12,10.0997624207,1.95041034833,2015-11-12,,,43.0,53.0,-160.0,-150.0,,0.494024991989
2015-11-13,9.96429992376,2.00491836496,2015-11-13,,,43.0,53.0,-160.0,-150.0,,0.494024991989
2015-11-14,9.7971249275,2.03592857212,2015-11-14,19.0428348874,3.15823481643,43.0,53.0,-160.0,-150.0,,0.494024991989
2015-11-15,9.70526867956,2.07048951026,2015-11-15,,,43.0,53.0,-160.0,-150.0,,0.494024991989
2015-11-16,9.52021243367,2.09212853816,2015-11-16,,,43.0,53.0,-160.0,-150.0,,0.494024991989
2015-11-17,9.37308743698,2.0122940615,2015-11-17,,,43.0,53.0,-160.0,-150.0,,0.494024991989
2015-11-18,9.16359369167,1.87924279382,2015-11-18,,,43.0,53.0,-160.0,-150.0,,0.494024991989
2015-11-19,9.13759369224,1.96184835644,2015-11-19,,,43.0,53.0,-160.0,-150.0,,0.494024991989
2015-11-20,9.16900619154,2.00358592737,2015-11-20,,,43.0,53.0,-160.0,-150.0,,0.494024991989
2015-11-21,9.16566869161,2.0607421032,2015-11-21,19.0300856415,3.22622430371,43.0,53.0,-160.0,-150.0,,0.494024991989
2015-11-22,9.16734994158,2.06946177827,2015-11-22,,,43.0,53.0,-160.0,-150.0,,0.494024991989
2015-11-23,9.20323744077,2.03291867273,2015-11-23,,,43.0,53.0,-160.0,-150.0,,0.494024991989
2015-11-24,9.16049369172,1.98101324026,2015-11-24,,,43.0,53.0,-160.0,-150.0,,0.494024991989
2015-11-25,9.14213119213,1.85789652943,2015-11-25,,,43.0,53.0,-160.0,-150.0,,0.494024991989
2015-11-26,9.09143744327,1.78297688996,2015-11-26,,,43.0,53.0,-160.0,-150.0,,0.494024991989
2015-11-27,9.05305619412,1.76222600925,2015-11-27,,,43.0,53.0,-160.0,-150.0,,0.494024991989
2015-11-28,8.95644994629,1.76884955764,2015-11-28,19.1181021688,3.22167013947,43.0,53.0,-160.0,-150.0,,0.494024991989
2015-11-29,8.89129369775,1.78541458304,2015-11-29,,,43.0,53.0,-160.0,-150.0,,0.494024991989
2015-11-30,8.84329994883,1.88257414229,2015-11-30,,,43.0,53.0,-160.0,-150.0,,0.494024991989
2015-12-01,8.7106812018,1.82014974521,2015-12-01,,,43.0,53.0,-160.0,-150.0,,0.494024991989
2015-12-02,8.57463745483,1.75990160046,2015-12-02,,,43.0,53.0,-160.0,-150.0,,0.494024991989
2015-12-03,8.41521245839,1.70347874874,2015-12-03,,,43.0,53.0,-160.0,-150.0,,0.494024991989
2015-12-04,8.29349996111,1.64273914335,2015-12-04,,,43.0,53.0,-160.0,-150.0,,0.494024991989
2015-12-05,8.20429371311,1.58692106658,2015-12-05,19.3610166714,3.0996062728,43.0,53.0,-160.0,-150.0,,0.494024991989
2015-12-06,8.09111246563,1.57365905679,2015-12-06,,,43.0,53.0,-160.0,-150.0,,0.494024991989
2015-12-07,8.09910621546,1.56675685958,2015-12-07,,,43.0,53.0,-160.0,-150.0,,0.494024991989
2015-12-08,7.98379371803,1.53526348747,2015-12-08,,,43.0,53.0,-160.0,-150.0,,0.494024991989
2015-12-09,7.86210622075,1.58099272988,2015-12-09,,,43.0,53.0,-160.0,-150.0,,0.494024991989
2015-12-10,7.83167497143,1.51586634966,2015-12-10,,,43.0,53.0,-160.0,-150.0,,0.494024991989
2015-12-11,7.77230622276,1.50064182282,2015-12-11,,,43.0,53.0,-160.0,-150.0,,0.494024991989
2015-12-12,7.71571247402,1.51855046098,2015-12-12,19.5598026847,3.07439076696,43.0,53.0,-160.0,-150.0,,0.494024991989
2015-12-13,7.76064997301,1.48237847305,2015-12-13,,,43.0,53.0,-160.0,-150.0,,0.494024991989
2015-12-14,7.65671872535,1.30795701101,2015-12-14,,,43.0,53.0,-160.0,-150.0,,0.494024991989
2015-12-15,7.63659997579,1.25844468535,2015-12-15,,,43.0,53.0,-160.0,-150.0,,0.494024991989
2015-12-16,7.60200622656,1.37339560954,2015-12-16,,,43.0,53.0,-160.0,-150.0,,0.494024991989
2015-12-17,7.54456247787,1.41403311692,2015-12-17,,,43.0,53.0,-160.0,-150.0,,0.494024991989
2015-12-18,7.48290622923,1.4502054107,2015-12-18,,,43.0,53.0,-160.0,-150.0,,0.494024991989
2015-12-19,7.48059372928,1.38991918857,2015-12-19,19.7637810804,3.08404649733,43.0,53.0,-160.0,-150.0,,0.494024991989
2015-12-20,7.56122497748,1.62110989832,2015-12-20,,,43.0,53.0,-160.0,-150.0,,0.494024991989
2015-12-21,7.64671247557,1.45903523456,2015-12-21,,,43.0,53.0,-160.0,-150.0,,0.494024991989
2015-12-22,7.58629372692,1.50321234815,2015-12-22,,,43.0,53.0,-160.0,-150.0,,0.494024991989
2015-12-23,7.52137497837,1.52326011463,2015-12-23,,,43.0,53.0,-160.0,-150.0,,0.494024991989
2015-12-24,7.44236873014,1.44805448943,2015-12-24,,,43.0,53.0,-160.0,-150.0,,0.494024991989
2015-12-25,7.28271248372,1.39616237494,2015-12-25,,,43.0,53.0,-160.0,-150.0,,0.494024991989
2015-12-26,7.1844937359,1.40448692645,2015-12-26,20.0943535612,3.17676884427,43.0,53.0,-160.0,-150.0,,0.494024991989
2015-12-27,7.15418123657,1.40831618353,2015-12-27,,,43.0,53.0,-160.0,-150.0,,0.494024991989
2015-12-28,6.80956874426,1.44660443493,2015-12-28,,,43.0,53.0,-160.0,-150.0,,0.494024991989
2015-12-29,6.821918744,1.41608201033,2015-12-29,,,43.0,53.0,-160.0,-150.0,,0.494024991989
2015-12-30,6.90704999211,1.33679853978,2015-12-30,,,43.0,53.0,-160.0,-150.0,,0.494024991989
2015-12-31,6.89883749228,1.26076573398,2015-12-31,,,43.0,53.0,-160.0,-150.0,,0.494024991989
2016-01-01,6.72631874614,1.2960566234,2016-01-01,,,43.0,53.0,-160.0,-150.0,,0.494024991989
2016-01-02,6.64084374804,1.30725380913,2016-01-02,20.3894500646,3.26814583778,43.0,53.0,-160.0,-150.0,,0.494024991989
2016-01-03,6.62983124829,1.23099228049,2016-01-03,,,43.0,53.0,-160.0,-150.0,,0.494024991989
2016-01-04,6.58129999938,1.20844963074,2016-01-04,,,43.0,53.0,-160.0,-150.0,,0.494024991989
2016-01-05,6.41388125313,1.2113006863,2016-01-05,,,43.0,53.0,-160.0,-150.0,,0.494024991989
2016-01-06,6.31360000537,1.23855944846,2016-01-06,,,43.0,53.0,-160.0,-150.0,,0.494024991989
2016-01-07,6.33736875482,1.24319432226,2016-01-07,,,43.0,53.0,-160.0,-150.0,,0.494024991989
2016-01-08,6.29340625583,1.20844202267,2016-01-08,,,43.0,53.0,-160.0,-150.0,,0.494024991989
2016-01-09,6.35723750439,1.20894566412,2016-01-09,20.5729369339,3.33670143185,43.0,53.0,-160.0,-150.0,,0.494024991989
2016-01-10,6.3654125042,1.25891631882,2016-01-10,,,43.0,53.0,-160.0,-150.0,,0.494024991989
2016-01-11,6.34115625476,1.29565713181,2016-01-11,,,43.0,53.0,-160.0,-150.0,,0.494024991989
2016-01-12,6.29304375582,1.34281456699,2016-01-12,,,43.0,53.0,-160.0,-150.0,,0.494024991989
2016-01-13,6.26605625643,1.33462389068,2016-01-13,,,43.0,53.0,-160.0,-150.0,,0.494024991989
2016-01-14,6.22709375732,1.37884576361,2016-01-14,,,43.0,53.0,-160.0,-150.0,,0.494024991989
2016-01-15,6.18235625831,1.32207621527,2016-01-15,,,43.0,53.0,-160.0,-150.0,,0.494024991989
2016-01-16,6.18448125827,1.28281635471,2016-01-16,20.6204498598,3.35149424145,43.0,53.0,-160.0,-150.0,,0.494024991989
2016-01-17,6.20431875781,1.25191774316,2016-01-17,,,43.0,53.0,-160.0,-150.0,,0.494024991989
2016-01-18,6.18094375833,1.27001160679,2016-01-18,,,43.0,53.0,-160.0,-150.0,,0.494024991989
2016-01-19,6.23969375701,1.24565725802,2016-01-19,,,43.0,53.0,-160.0,-150.0,,0.494024991989
2016-01-20,6.21473125758,1.22176795565,2016-01-20,,,43.0,53.0,-160.0,-150.0,,0.494024991989
2016-01-21,6.13278750941,1.18019388502,2016-01-21,,,43.0,53.0,-160.0,-150.0,,0.494024991989
2016-01-22,6.18476250825,1.23413904828,2016-01-22,,,43.0,53.0,-160.0,-150.0,,0.494024991989
2016-01-23,6.23860000704,1.21814104105,2016-01-23,20.7694875129,3.27024452775,43.0,53.0,-160.0,-150.0,,0.494024991989
2016-01-24,6.30008125566,1.14887221895,2016-01-24,,,43.0,53.0,-160.0,-150.0,,0.494024991989
2016-01-25,6.29924375568,1.14604183442,2016-01-25,,,43.0,53.0,-160.0,-150.0,,0.494024991989
2016-01-26,6.29371875581,1.14264986828,2016-01-26,,,43.0,53.0,-160.0,-150.0,,0.494024991989
2016-01-27,6.2541250067,1.14709075372,2016-01-27,,,43.0,53.0,-160.0,-150.0,,0.494024991989
2016-01-28,6.24628750687,1.17585268331,2016-01-28,,,43.0,53.0,-160.0,-150.0,,0.494024991989
2016-01-29,6.25071250677,1.18506375069,2016-01-29,,,43.0,53.0,-160.0,-150.0,,0.494024991989
2016-01-30,6.2319062572,1.23765014648,2016-01-30,20.9179733843,3.23130642898,43.0,53.0,-160.0,-150.0,,0.494024991989
2016-01-31,6.16951250859,1.25917084011,2016-01-31,,,43.0,53.0,-160.0,-150.0,,0.494024991989
2016-02-01,6.1243687596,1.30454117437,2016-02-01,,,43.0,53.0,-160.0,-150.0,,0.494024991989
2016-02-02,6.08333126052,1.28688741218,2016-02-02,,,43.0,53.0,-160.0,-150.0,,0.494024991989
2016-02-03,6.13191875942,1.24984500835,2016-02-03,,,43.0,53.0,-160.0,-150.0,,0.494024991989
2016-02-04,6.13726250931,1.25109004444,2016-02-04,,,43.0,53.0,-160.0,-150.0,,0.494024991989
2016-02-05,6.11643125976,1.25983266712,2016-02-05,,,43.0,53.0,-160.0,-150.0,,0.494024991989
2016-02-06,6.06588126091,1.24762810072,2016-02-06,21.1202328697,3.21146862813,43.0,53.0,-160.0,-150.0,,0.494024991989
2016-02-07,6.02898751173,1.22866487228,2016-02-07,,,43.0,53.0,-160.0,-150.0,,0.494024991989
2016-02-08,5.99543126249,1.24462390698,2016-02-08,,,43.0,53.0,-160.0,-150.0,,0.494024991989
2016-02-09,5.98488126271,1.2289880195,2016-02-09,,,43.0,53.0,-160.0,-150.0,,0.494024991989
2016-02-10,5.90290001455,1.25662369471,2016-02-10,,,43.0,53.0,-160.0,-150.0,,0.494024991989
2016-02-11,5.86896251532,1.26062912633,2016-02-11,,,43.0,53.0,-160.0,-150.0,,0.494024991989
2016-02-12,5.87671251513,1.23242825458,2016-02-12,,,43.0,53.0,-160.0,-150.0,,0.494024991989
2016-02-13,5.93349376387,1.14540862445,2016-02-13,21.1761111781,3.20593048201,43.0,53.0,-160.0,-150.0,,0.494024991989
2016-02-14,6.03745626153,1.25242258941,2016-02-14,,,43.0,53.0,-160.0,-150.0,,0.494024991989
2016-02-15,5.89286876478,1.12200283406,2016-02-15,,,43.0,53.0,-160.0,-150.0,,0.494024991989
2016-02-16,5.87673126513,1.08883637708,2016-02-16,,,43.0,53.0,-160.0,-150.0,,0.494024991989
2016-02-17,5.89131876481,1.05081079274,2016-02-17,,,43.0,53.0,-160.0,-150.0,,0.494024991989
2016-02-18,5.92124376413,1.05548995715,2016-02-18,,,43.0,53.0,-160.0,-150.0,,0.494024991989
2016-02-19,5.86743751535,1.02395210091,2016-02-19,,,43.0,53.0,-160.0,-150.0,,0.494024991989
2016-02-20,5.82355626631,0.972231537603,2016-02-20,21.2317587924,3.22038692747,43.0,53.0,-160.0,-150.0,,0.494024991989
2016-02-21,5.8157312665,0.939625444859,2016-02-21,,,43.0,53.0,-160.0,-150.0,,0.494024991989
2016-02-22,5.79565001695,0.924460679724,2016-02-22,,,43.0,53.0,-160.0,-150.0,,0.494024991989
2016-02-23,5.77690626737,0.918328445679,2016-02-23,,,43.0,53.0,-160.0,-150.0,,0.494024991989
2016-02-24,5.75216251791,0.952384489656,2016-02-24,,,43.0,53.0,-160.0,-150.0,,0.494024991989
2016-02-25,5.69771251914,0.995703246303,2016-02-25,,,43.0,53.0,-160.0,-150.0,,0.494024991989
2016-02-26,5.75855626778,1.03946178901,2016-02-26,,,43.0,53.0,-160.0,-150.0,,0.494024991989
2016-02-27,5.69232501925,0.987568296965,2016-02-27,21.2858992747,3.22233713606,43.0,53.0,-160.0,-150.0,,0.494024991989
2016-02-28,5.61675627095,1.00180042988,2016-02-28,,,43.0,53.0,-160.0,-150.0,,0.494024991989
2016-02-29,5.57956252178,0.989966592311,2016-02-29,,,43.0,53.0,-160.0,-150.0,,0.494024991989
2016-03-01,5.63509377054,0.998500286549,2016-03-01,,,43.0,53.0,-160.0,-150.0,,0.494024991989
2016-03-02,5.63313752057,1.00726492203,2016-03-02,,,43.0,53.0,-160.0,-150.0,,0.494024991989
2016-03-03,5.59470627143,1.02434737768,2016-03-03,,,43.0,53.0,-160.0,-150.0,,0.494024991989
2016-03-04,5.36608752653,1.06000725853,2016-03-04,,,43.0,53.0,-160.0,-150.0,,0.494024991989
2016-03-05,5.36271877662,1.06415108641,2016-03-05,21.3266670504,3.21318387737,43.0,53.0,-160.0,-150.0,,0.494024991989
2016-03-06,5.38878752604,1.08402761837,2016-03-06,,,43.0,53.0,-160.0,-150.0,,0.494024991989
2016-03-07,5.44597502475,1.06708623454,2016-03-07,,,43.0,53.0,-160.0,-150.0,,0.494024991989
2016-03-08,5.45860002448,1.08677728641,2016-03-08,,,43.0,53.0,-160.0,-150.0,,0.494024991989
2016-03-09,5.40373127571,1.09731372596,2016-03-09,,,43.0,53.0,-160.0,-150.0,,0.494024991989
2016-03-10,5.41448752547,1.07784503085,2016-03-10,,,43.0,53.0,-160.0,-150.0,,0.494024991989
2016-03-11,5.3367375272,1.04610282354,2016-03-11,,,43.0,53.0,-160.0,-150.0,,0.494024991989
2016-03-12,5.35142502687,1.02067340583,2016-03-12,21.3704371204,3.17271486624,43.0,53.0,-160.0,-150.0,,0.494024991989
2016-03-13,5.36191252662,1.0105289782,2016-03-13,,,43.0,53.0,-160.0,-150.0,,0.494024991989
2016-03-14,5.31943752758,1.00085864742,2016-03-14,,,43.0,53.0,-160.0,-150.0,,0.494024991989
2016-03-15,5.29465002813,0.986411218906,2016-03-15,,,43.0,53.0,-160.0,-150.0,,0.494024991989
2016-03-16,5.2517625291,1.01355979241,2016-03-16,,,43.0,53.0,-160.0,-150.0,,0.494024991989
2016-03-17,5.24794377918,1.03950245435,2016-03-17,,,43.0,53.0,-160.0,-150.0,,0.494024991989
2016-03-18,5.30468127792,0.986352391789,2016-03-18,,,43.0,53.0,-160.0,-150.0,,0.494024991989
2016-03-19,5.31721877764,0.9351999838,2016-03-19,21.5250615879,3.15100745365,43.0,53.0,-160.0,-150.0,,0.494024991989
2016-03-20,5.34748127696,0.908538277456,2016-03-20,,,43.0,53.0,-160.0,-150.0,,0.494024991989
2016-03-21,5.34871252693,0.933578659058,2016-03-21,,,43.0,53.0,-160.0,-150.0,,0.494024991989
2016-03-22,5.32039377758,0.976615601785,2016-03-22,,,43.0,53.0,-160.0,-150.0,,0.494024991989
2016-03-23,5.2967187781,1.04523953193,2016-03-23,,,43.0,53.0,-160.0,-150.0,,0.494024991989
2016-03-24,5.31748752763,1.05937825279,2016-03-24,,,43.0,53.0,-160.0,-150.0,,0.494024991989
2016-03-25,5.35875627671,1.02216690793,2016-03-25,,,43.0,53.0,-160.0,-150.0,,0.494024991989
2016-03-26,5.44726252473,0.998039382953,2016-03-26,21.6056028851,3.11913088149,43.0,53.0,-160.0,-150.0,,0.494024991989
2016-03-27,5.45280627461,1.00416950389,2016-03-27,,,43.0,53.0,-160.0,-150.0,,0.494024991989
2016-03-28,5.42311877527,1.03805932668,2016-03-28,,,43.0,53.0,-160.0,-150.0,,0.494024991989
2016-03-29,5.54616877252,1.14359414378,2016-03-29,,,43.0,53.0,-160.0,-150.0,,0.494024991989
2016-03-30,5.57788127181,1.11717849353,2016-03-30,,,43.0,53.0,-160.0,-150.0,,0.494024991989
2016-03-31,5.53987502266,1.17078363548,2016-03-31,,,43.0,53.0,-160.0,-150.0,,0.494024991989
2016-04-01,5.56281252217,1.11858938517,2016-04-01,,,43.0,53.0,-160.0,-150.0,,0.494024991989
2016-04-02,5.54005002266,1.11037801731,2016-04-02,21.7025597241,3.13127622371,43.0,53.0,-160.0,-150.0,,0.494024991989
2016-04-03,5.44550627477,1.0181014304,2016-04-03,,,43.0,53.0,-160.0,-150.0,,0.494024991989
2016-04-04,5.45477502456,0.994369405472,2016-04-04,,,43.0,53.0,-160.0,-150.0,,0.494024991989
2016-04-05,5.50319377348,0.960071445022,2016-04-05,,,43.0,53.0,-160.0,-150.0,,0.494024991989
2016-04-06,5.50319377348,0.960071445022,2016-04-06,,,43.0,53.0,-160.0,-150.0,,0.494024991989
2016-04-07,5.57118127197,0.84031237427,2016-04-07,,,43.0,53.0,-160.0,-150.0,,0.494024991989
2016-04-08,5.61071252108,0.88380446363,2016-04-08,,,43.0,53.0,-160.0,-150.0,,0.494024991989
2016-04-09,5.59793752136,0.925260362179,2016-04-09,21.7233358759,3.11953820627,43.0,53.0,-160.0,-150.0,,0.494024991989
2016-04-10,5.54865002247,0.892239403532,2016-04-10,,,43.0,53.0,-160.0,-150.0,,0.494024991989
2016-04-11,5.35724377674,0.901338051249,2016-04-11,,,43.0,53.0,-160.0,-150.0,,0.494024991989
2016-04-12,5.29078127822,0.867449574442,2016-04-12,,,43.0,53.0,-160.0,-150.0,,0.494024991989
2016-04-13,5.32141252754,0.807994155039,2016-04-13,,,43.0,53.0,-160.0,-150.0,,0.494024991989
2016-04-14,5.33800002717,0.803840567759,2016-04-14,,,43.0,53.0,-160.0,-150.0,,0.494024991989
2016-04-15,5.40948752556,0.792356404083,2016-04-15,,,43.0,53.0,-160.0,-150.0,,0.494024991989
2016-04-16,5.45602502453,0.788160457554,2016-04-16,21.7378608094,3.07201590796,43.0,53.0,-160.0,-150.0,,0.494024991989
2016-04-17,5.50978127333,0.788457651367,2016-04-17,,,43.0,53.0,-160.0,-150.0,,0.494024991989
2016-04-18,5.6357062705,0.897149098089,2016-04-18,,,43.0,53.0,-160.0,-150.0,,0.494024991989
2016-04-19,5.68584376939,0.905838261029,2016-04-19,,,43.0,53.0,-160.0,-150.0,,0.494024991989
2016-04-20,5.68342501945,0.92610254124,2016-04-20,,,43.0,53.0,-160.0,-150.0,,0.494024991989
2016-04-21,5.5202375231,0.963818150633,2016-04-21,,,43.0,53.0,-160.0,-150.0,,0.494024991989
2016-04-22,5.5600937722,0.860536044177,2016-04-22,,,43.0,53.0,-160.0,-150.0,,0.494024991989
2016-04-23,5.58335002169,0.892787940336,2016-04-23,21.7710949104,3.02493345763,43.0,53.0,-160.0,-150.0,,0.494024991989
2016-04-24,5.64032502043,0.916404748895,2016-04-24,,,43.0,53.0,-160.0,-150.0,,0.494024991989
2016-04-25,5.71190626881,0.929062445122,2016-04-25,,,43.0,53.0,-160.0,-150.0,,0.494024991989
2016-04-26,5.71822501867,0.923993844014,2016-04-26,,,43.0,53.0,-160.0,-150.0,,0.494024991989
2016-04-27,5.72505001852,0.910222720388,2016-04-27,,,43.0,53.0,-160.0,-150.0,,0.494024991989
2016-04-28,5.7351125183,0.924652603262,2016-04-28,,,43.0,53.0,-160.0,-150.0,,0.494024991989
2016-04-29,5.76325001766,0.91604066688,2016-04-29,,,43.0,53.0,-160.0,-150.0,,0.494024991989
2016-04-30,5.82295626633,0.918209264606,2016-04-30,21.866116234,2.99817132994,43.0,53.0,-160.0,-150.0,,0.494024991989
2016-05-01,5.83669376602,0.916979609744,2016-05-01,,,43.0,53.0,-160.0,-150.0,,0.494024991989
2016-05-02,5.83319376612,0.917356834665,2016-05-02,,,43.0,53.0,-160.0,-150.0,,0.494024991989
2016-05-03,5.90015001461,0.871081866967,2016-05-03,,,43.0,53.0,-160.0,-150.0,,0.494024991989
2016-05-04,5.97090001303,0.872964632259,2016-05-04,,,43.0,53.0,-160.0,-150.0,,0.494024991989
2016-05-05,6.00956876217,0.929749322069,2016-05-05,,,43.0,53.0,-160.0,-150.0,,0.494024991989
2016-05-06,6.09616251023,0.927039358317,2016-05-06,,,43.0,53.0,-160.0,-150.0,,0.494024991989
2016-05-07,6.11915625972,0.995448053558,2016-05-07,21.8471130817,2.9575838768,43.0,53.0,-160.0,-150.0,,0.494024991989
2016-05-08,6.16980000858,0.867653519836,2016-05-08,,,43.0,53.0,-160.0,-150.0,,0.494024991989
2016-05-09,6.14510000913,0.849342286959,2016-05-09,,,43.0,53.0,-160.0,-150.0,,0.494024991989
2016-05-10,6.2267062573,1.0288322652,2016-05-10,,,43.0,53.0,-160.0,-150.0,,0.494024991989
2016-05-11,6.1464500091,1.25235350543,2016-05-11,,,43.0,53.0,-160.0,-150.0,,0.494024991989
2016-05-12,6.10160001011,1.24553804289,2016-05-12,,,43.0,53.0,-160.0,-150.0,,0.494024991989
2016-05-13,6.64713749792,1.31245944546,2016-05-13,,,43.0,53.0,-160.0,-150.0,,0.494024991989
2016-05-14,6.97236874063,1.077862259,2016-05-14,21.820865776,2.90573837982,43.0,53.0,-160.0,-150.0,,0.494024991989
2016-05-15,7.03791873918,1.01527078039,2016-05-15,,,43.0,53.0,-160.0,-150.0,,0.494024991989
2016-05-16,7.07040623845,0.856298181815,2016-05-16,,,43.0,53.0,-160.0,-150.0,,0.494024991989
2016-05-17,7.13377498703,0.839658635862,2016-05-17,,,43.0,53.0,-160.0,-150.0,,0.494024991989
2016-05-18,7.20905623536,0.962077998932,2016-05-18,,,43.0,53.0,-160.0,-150.0,,0.494024991989
2016-05-19,7.26755623404,1.25798586763,2016-05-19,,,43.0,53.0,-160.0,-150.0,,0.494024991989
2016-05-20,7.07839373828,0.996723661254,2016-05-20,,,43.0,53.0,-160.0,-150.0,,0.494024991989
2016-05-21,7.10269373773,0.890484012035,2016-05-21,21.6776706107,2.90718111729,43.0,53.0,-160.0,-150.0,,0.494024991989
2016-05-22,7.12029998734,0.819024917127,2016-05-22,,,43.0,53.0,-160.0,-150.0,,0.494024991989
2016-05-23,7.2029499855,0.787089886519,2016-05-23,,,43.0,53.0,-160.0,-150.0,,0.494024991989
2016-05-24,7.21911873512,0.822055922147,2016-05-24,,,43.0,53.0,-160.0,-150.0,,0.494024991989
2016-05-25,7.3060062332,0.921587836009,2016-05-25,,,43.0,53.0,-160.0,-150.0,,0.494024991989
2016-05-26,7.314281233,0.90426082277,2016-05-26,,,43.0,53.0,-160.0,-150.0,,0.494024991989
2016-05-27,7.51006247862,0.945787483551,2016-05-27,,,43.0,53.0,-160.0,-150.0,,0.494024991989
2016-05-28,7.63599997581,0.873507921213,2016-05-28,21.615214283,2.87341257647,43.0,53.0,-160.0,-150.0,,0.494024991989
2016-05-29,7.73649997356,0.781664460298,2016-05-29,,,43.0,53.0,-160.0,-150.0,,0.494024991989
2016-05-30,7.77227497275,0.716126898027,2016-05-30,,,43.0,53.0,-160.0,-150.0,,0.494024991989
2016-05-31,7.71952497394,0.798301316813,2016-05-31,,,43.0,53.0,-160.0,-150.0,,0.494024991989
2016-06-01,7.69614997446,0.903956421687,2016-06-01,,,43.0,53.0,-160.0,-150.0,,0.494024991989
2016-06-02,7.76732497287,0.789831902329,2016-06-02,,,43.0,53.0,-160.0,-150.0,,0.494024991989
2016-06-03,8.01672496732,0.784612713999,2016-06-03,,,43.0,53.0,-160.0,-150.0,,0.494024991989
2016-06-04,8.16706871394,0.866708587515,2016-06-04,21.496504044,2.84947612863,43.0,53.0,-160.0,-150.0,,0.494024991989
2016-06-05,8.2221062127,0.860009819633,2016-06-05,,,43.0,53.0,-160.0,-150.0,,0.494024991989
2016-06-06,8.31769371058,0.827311508521,2016-06-06,,,43.0,53.0,-160.0,-150.0,,0.494024991989
2016-06-07,8.4191874583,1.09392517073,2016-06-07,,,43.0,53.0,-160.0,-150.0,,0.494024991989
2016-06-08,8.45576870747,1.13627672452,2016-06-08,,,43.0,53.0,-160.0,-150.0,,0.494024991989
2016-06-09,8.74183745107,1.01504738451,2016-06-09,,,43.0,53.0,-160.0,-150.0,,0.494024991989
2016-06-10,8.89728119762,1.09993255273,2016-06-10,,,43.0,53.0,-160.0,-150.0,,0.494024991989
2016-06-11,8.93256869683,1.03652553616,2016-06-11,21.3820185932,2.81841789766,43.0,53.0,-160.0,-150.0,,0.494024991989
2016-06-12,8.89430619767,1.03372740593,2016-06-12,,,43.0,53.0,-160.0,-150.0,,0.494024991989
2016-06-13,8.89266244773,1.07814122737,2016-06-13,,,43.0,53.0,-160.0,-150.0,,0.494024991989
2016-06-14,8.68571245235,1.10511729308,2016-06-14,,,43.0,53.0,-160.0,-150.0,,0.494024991989
2016-06-15,9.22079369039,1.33914822877,2016-06-15,,,43.0,53.0,-160.0,-150.0,,0.494024991989
2016-06-16,9.1797249413,1.33864124599,2016-06-16,,,43.0,53.0,-160.0,-150.0,,0.494024991989
2016-06-17,9.22544994028,1.54382991846,2016-06-17,,,43.0,53.0,-160.0,-150.0,,0.494024991989
2016-06-18,10.1750499191,1.69701135025,2016-06-18,21.2068093207,2.77727743072,43.0,53.0,-160.0,-150.0,,0.494024991989
2016-06-19,10.3942249141,1.73992402378,2016-06-19,,,43.0,53.0,-160.0,-150.0,,0.494024991989
2016-06-20,10.5012436618,1.70897862391,2016-06-20,,,43.0,53.0,-160.0,-150.0,,0.494024991989
2016-06-21,10.3389811654,1.52209332874,2016-06-21,,,43.0,53.0,-160.0,-150.0,,0.494024991989
2016-06-22,10.1381374199,1.52230496158,2016-06-22,,,43.0,53.0,-160.0,-150.0,,0.494024991989
2016-06-23,10.0743061713,1.46465488776,2016-06-23,,,43.0,53.0,-160.0,-150.0,,0.494024991989
2016-06-24,10.0569124217,1.32261268156,2016-06-24,,,43.0,53.0,-160.0,-150.0,,0.494024991989
2016-06-25,10.1004061707,1.23789458386,2016-06-25,21.0725689756,2.74490632155,43.0,53.0,-160.0,-150.0,,0.494024991989
2016-06-26,10.1402874198,1.14509418524,2016-06-26,,,43.0,53.0,-160.0,-150.0,,0.494024991989
2016-06-27,10.041899922,1.09314196237,2016-06-27,,,43.0,53.0,-160.0,-150.0,,0.494024991989
2016-06-28,10.0649124215,1.07893031426,2016-06-28,,,43.0,53.0,-160.0,-150.0,,0.494024991989
2016-06-29,9.76038742832,1.42555741742,2016-06-29,,,43.0,53.0,-160.0,-150.0,,0.494024991989
2016-06-30,10.0370936721,1.58956796206,2016-06-30,,,43.0,53.0,-160.0,-150.0,,0.494024991989
2016-07-01,10.5104749116,1.34797446071,2016-07-01,,,43.0,53.0,-160.0,-150.0,,0.494024991989
2016-07-02,10.7005561573,1.24907575142,2016-07-02,20.9439156028,2.68981180803,43.0,53.0,-160.0,-150.0,,0.494024991989
2016-07-03,10.8080561549,1.29921597397,2016-07-03,,,43.0,53.0,-160.0,-150.0,,0.494024991989
2016-07-04,10.7739436557,1.61444682638,2016-07-04,,,43.0,53.0,-160.0,-150.0,,0.494024991989
2016-07-05,10.7731124057,1.81504347136,2016-07-05,,,43.0,53.0,-160.0,-150.0,,0.494024991989
2016-07-06,10.8974061529,2.04347892626,2016-07-06,,,43.0,53.0,-160.0,-150.0,,0.494024991989
2016-07-07,11.1871373964,2.13553547628,2016-07-07,,,43.0,53.0,-160.0,-150.0,,0.494024991989
2016-07-08,11.204781146,2.12156464114,2016-07-08,,,43.0,53.0,-160.0,-150.0,,0.494024991989
2016-07-09,11.1758998967,1.75189768752,2016-07-09,20.8314411959,2.62142236225,43.0,53.0,-160.0,-150.0,,0.494024991989
2016-07-10,11.0210374001,1.82422944902,2016-07-10,,,43.0,53.0,-160.0,-150.0,,0.494024991989
2016-07-11,11.1305123977,1.76733194186,2016-07-11,,,43.0,53.0,-160.0,-150.0,,0.494024991989
2016-07-12,11.1831748965,1.69330224247,2016-07-12,,,43.0,53.0,-160.0,-150.0,,0.494024991989
2016-07-13,11.0880686486,1.61247002777,2016-07-13,,,43.0,53.0,-160.0,-150.0,,0.494024991989
2016-07-14,11.0184686502,1.53290294508,2016-07-14,,,43.0,53.0,-160.0,-150.0,,0.494024991989
2016-07-15,11.788443633,1.70185260291,2016-07-15,,,43.0,53.0,-160.0,-150.0,,0.494024991989
2016-07-16,12.2450373728,1.70571730889,2016-07-16,20.640983774,2.58639536669,43.0,53.0,-160.0,-150.0,,0.494024991989
2016-07-17,12.412362369,1.84765386761,2016-07-17,,,43.0,53.0,-160.0,-150.0,,0.494024991989
2016-07-18,12.5457436161,1.89501185901,2016-07-18,,,43.0,53.0,-160.0,-150.0,,0.494024991989
2016-07-19,12.3991311193,1.98106896073,2016-07-19,,,43.0,53.0,-160.0,-150.0,,0.494024991989
2016-07-20,12.1569748747,1.85391097745,2016-07-20,,,43.0,53.0,-160.0,-150.0,,0.494024991989
2016-07-21,12.3418998706,1.5618451972,2016-07-21,,,43.0,53.0,-160.0,-150.0,,0.494024991989
2016-07-22,12.4734561177,1.65061373977,2016-07-22,,,43.0,53.0,-160.0,-150.0,,0.494024991989
2016-07-23,12.3304686209,1.78503241426,2016-07-23,20.4582160941,2.55630934332,43.0,53.0,-160.0,-150.0,,0.494024991989
2016-07-24,11.9020811305,2.10826556287,2016-07-24,,,43.0,53.0,-160.0,-150.0,,0.494024991989
2016-07-25,11.8920061307,2.05386848319,2016-07-25,,,43.0,53.0,-160.0,-150.0,,0.494024991989
2016-07-26,12.2619186224,1.72027447006,2016-07-26,,,43.0,53.0,-160.0,-150.0,,0.494024991989
2016-07-27,12.6225748644,1.60405108932,2016-07-27,,,43.0,53.0,-160.0,-150.0,,0.494024991989
2016-07-28,13.0775936042,1.59250645202,2016-07-28,,,43.0,53.0,-160.0,-150.0,,0.494024991989
2016-07-29,13.2821873496,1.73521820799,2016-07-29,,,43.0,53.0,-160.0,-150.0,,0.494024991989
2016-07-30,13.5015560947,1.76779526715,2016-07-30,20.2332156348,2.51772819195,43.0,53.0,-160.0,-150.0,,0.494024991989
2016-07-31,13.8147748377,1.74912852504,2016-07-31,,,43.0,53.0,-160.0,-150.0,,0.494024991989
2016-08-01,13.890899836,1.78276056897,2016-08-01,,,43.0,53.0,-160.0,-150.0,,0.494024991989
2016-08-02,14.2516060779,1.55533620512,2016-08-02,,,43.0,53.0,-160.0,-150.0,,0.494024991989
2016-08-03,14.5468685713,1.8461788083,2016-08-03,,,43.0,53.0,-160.0,-150.0,,0.494024991989
2016-08-04,14.6800873184,2.2439306126,2016-08-04,,,43.0,53.0,-160.0,-150.0,,0.494024991989
2016-08-05,14.7099998177,2.46660274899,2016-08-05,,,43.0,53.0,-160.0,-150.0,,0.494024991989
2016-08-06,14.7719185663,2.64121960624,2016-08-06,19.97629181,2.51684950649,43.0,53.0,-160.0,-150.0,,0.494024991989
2016-08-07,14.784449816,2.67750168415,2016-08-07,,,43.0,53.0,-160.0,-150.0,,0.494024991989
2016-08-08,14.8038935656,2.72569336789,2016-08-08,,,43.0,53.0,-160.0,-150.0,,0.494024991989
2016-08-09,15.0788998094,2.6835127762,2016-08-09,,,43.0,53.0,-160.0,-150.0,,0.494024991989
2016-08-10,15.321862304,2.65376990146,2016-08-10,,,43.0,53.0,-160.0,-150.0,,0.494024991989
2016-08-11,15.3280998039,2.67924184538,2016-08-11,,,43.0,53.0,-160.0,-150.0,,0.494024991989
2016-08-12,15.4228248018,2.696946175,2016-08-12,,,43.0,53.0,-160.0,-150.0,,0.494024991989
2016-08-13,15.2122123065,2.56667323155,2016-08-13,19.7892509231,2.48803229402,43.0,53.0,-160.0,-150.0,,0.494024991989
2016-08-14,15.1260810584,2.45291194994,2016-08-14,,,43.0,53.0,-160.0,-150.0,,0.494024991989
2016-08-15,15.1169060586,2.40683180925,2016-08-15,,,43.0,53.0,-160.0,-150.0,,0.494024991989
2016-08-16,15.2218685563,2.39706107374,2016-08-16,,,43.0,53.0,-160.0,-150.0,,0.494024991989
2016-08-17,14.9764935617,2.37946105113,2016-08-17,,,43.0,53.0,-160.0,-150.0,,0.494024991989
2016-08-18,14.9686498119,2.33640605604,2016-08-18,,,43.0,53.0,-160.0,-150.0,,0.494024991989
2016-08-19,14.9030373134,2.24813292219,2016-08-19,,,43.0,53.0,-160.0,-150.0,,0.494024991989
2016-08-20,14.8811873139,2.20535250185,2016-08-20,19.6189393154,2.42594821554,43.0,53.0,-160.0,-150.0,,0.494024991989
2016-08-21,14.8686873142,2.18774539449,2016-08-21,,,43.0,53.0,-160.0,-150.0,,0.494024991989
2016-08-22,14.9020060634,2.21195975551,2016-08-22,,,43.0,53.0,-160.0,-150.0,,0.494024991989
2016-08-23,14.8001810657,2.29644410207,2016-08-23,,,43.0,53.0,-160.0,-150.0,,0.494024991989
2016-08-24,15.189431057,2.35772766348,2016-08-24,,,43.0,53.0,-160.0,-150.0,,0.494024991989
2016-08-25,15.5329685493,2.22987721578,2016-08-25,,,43.0,53.0,-160.0,-150.0,,0.494024991989
2016-08-26,15.6247997972,2.26394929271,2016-08-26,,,43.0,53.0,-160.0,-150.0,,0.494024991989
2016-08-27,15.6768310461,2.38174081314,2016-08-27,19.4016269459,2.40135482355,43.0,53.0,-160.0,-150.0,,0.494024991989
2016-08-28,15.7634185441,2.40203916114,2016-08-28,,,43.0,53.0,-160.0,-150.0,,0.494024991989
2016-08-29,15.6286810471,2.48868654636,2016-08-29,,,43.0,53.0,-160.0,-150.0,,0.494024991989
2016-08-30,15.547481049,2.50460397223,2016-08-30,,,43.0,53.0,-160.0,-150.0,,0.494024991989
2016-08-31,15.4938998002,2.49977297773,2016-08-31,,,43.0,53.0,-160.0,-150.0,,0.494024991989
2016-09-01,15.1342310582,2.5582729969,2016-09-01,,,43.0,53.0,-160.0,-150.0,,0.494024991989
2016-09-02,15.1803935572,2.38250583318,2016-09-02,,,43.0,53.0,-160.0,-150.0,,0.494024991989
2016-09-03,15.4655560508,2.20091199294,2016-09-03,19.1772972591,2.35977842618,43.0,53.0,-160.0,-150.0,,0.494024991989
2016-09-04,15.6321810471,2.12680754458,2016-09-04,,,43.0,53.0,-160.0,-150.0,,0.494024991989
2016-09-05,15.8666310418,2.23050640451,2016-09-05,,,43.0,53.0,-160.0,-150.0,,0.494024991989
2016-09-06,16.0984372866,2.41022143396,2016-09-06,,,43.0,53.0,-160.0,-150.0,,0.494024991989
2016-09-07,16.1542497854,2.44571784236,2016-09-07,,,43.0,53.0,-160.0,-150.0,,0.494024991989
2016-09-08,16.3359247814,2.32065996676,2016-09-08,,,43.0,53.0,-160.0,-150.0,,0.494024991989
2016-09-09,16.3765622804,2.32136964343,2016-09-09,,,43.0,53.0,-160.0,-150.0,,0.494024991989
2016-09-10,16.4271560293,2.37477089045,2016-09-10,18.9880780374,2.31039480173,43.0,53.0,-160.0,-150.0,,0.494024991989
2016-09-11,16.3093622819,2.48438206295,2016-09-11,,,43.0,53.0,-160.0,-150.0,,0.494024991989
2016-09-12,16.2499622833,2.42818998736,2016-09-12,,,43.0,53.0,-160.0,-150.0,,0.494024991989
2016-09-13,16.1956872845,2.39866762822,2016-09-13,,,43.0,53.0,-160.0,-150.0,,0.494024991989
2016-09-14,16.1164810363,2.36158926426,2016-09-14,,,43.0,53.0,-160.0,-150.0,,0.494024991989
2016-09-15,16.0302685382,2.31983392775,2016-09-15,,,43.0,53.0,-160.0,-150.0,,0.494024991989
2016-09-16,15.9430185401,2.29609601267,2016-09-16,,,43.0,53.0,-160.0,-150.0,,0.494024991989
2016-09-17,15.7578685443,2.3239513413,2016-09-17,18.8973803704,2.28777945682,43.0,53.0,-160.0,-150.0,,0.494024991989
2016-09-18,15.5644185486,2.30577482755,2016-09-18,,,43.0,53.0,-160.0,-150.0,,0.494024991989
2016-09-19,15.4665748008,2.28633904583,2016-09-19,,,43.0,53.0,-160.0,-150.0,,0.494024991989
2016-09-20,15.410674802,2.28403510822,2016-09-20,,,43.0,53.0,-160.0,-150.0,,0.494024991989
2016-09-21,15.3270998039,2.26921071784,2016-09-21,,,43.0,53.0,-160.0,-150.0,,0.494024991989
2016-09-22,15.275393555,2.27081749976,2016-09-22,,,43.0,53.0,-160.0,-150.0,,0.494024991989
2016-09-23,15.0869373093,2.27679788753,2016-09-23,,,43.0,53.0,-160.0,-150.0,,0.494024991989
2016-09-24,14.9606998121,2.20483988554,2016-09-24,18.755195382,2.26079003506,43.0,53.0,-160.0,-150.0,,0.494024991989
2016-09-25,14.9096873132,2.15537100084,2016-09-25,,,43.0,53.0,-160.0,-150.0,,0.494024991989
2016-09-26,14.8185998153,2.09064372125,2016-09-26,,,43.0,53.0,-160.0,-150.0,,0.494024991989
2016-09-27,14.6840748183,2.10123673846,2016-09-27,,,43.0,53.0,-160.0,-150.0,,0.494024991989
2016-09-28,14.6228435696,2.05556653623,2016-09-28,,,43.0,53.0,-160.0,-150.0,,0.494024991989
2016-09-29,14.6097185699,2.02779667132,2016-09-29,,,43.0,53.0,-160.0,-150.0,,0.494024991989
2016-09-30,14.6455873191,1.99543530863,2016-09-30,,,43.0,53.0,-160.0,-150.0,,0.494024991989
2016-10-01,14.5385873215,2.04591147024,2016-10-01,18.5930511038,2.22752593211,43.0,53.0,-160.0,-150.0,,0.494024991989
2016-10-02,14.382993575,2.10796074158,2016-10-02,,,43.0,53.0,-160.0,-150.0,,0.494024991989
2016-10-03,14.3406935759,2.10827487552,2016-10-03,,,43.0,53.0,-160.0,-150.0,,0.494024991989
2016-10-04,14.0996873313,2.02895387293,2016-10-04,,,43.0,53.0,-160.0,-150.0,,0.494024991989
2016-10-05,13.9522560846,2.15232345021,2016-10-05,,,43.0,53.0,-160.0,-150.0,,0.494024991989
2016-10-06,14.0782560818,2.23331204379,2016-10-06,,,43.0,53.0,-160.0,-150.0,,0.494024991989
2016-10-07,14.1332935806,2.36586190406,2016-10-07,,,43.0,53.0,-160.0,-150.0,,0.494024991989
2016-10-08,14.247793578,2.18259163923,2016-10-08,18.4467125544,2.18690621151,43.0,53.0,-160.0,-150.0,,0.494024991989
2016-10-09,14.3915810748,2.09702115379,2016-10-09,,,43.0,53.0,-160.0,-150.0,,0.494024991989
2016-10-10,14.3022373268,2.06736504058,2016-10-10,,,43.0,53.0,-160.0,-150.0,,0.494024991989
2016-10-11,14.0604623322,1.87866965827,2016-10-11,,,43.0,53.0,-160.0,-150.0,,0.494024991989
2016-10-12,13.6771435908,1.67768904363,2016-10-12,,,43.0,53.0,-160.0,-150.0,,0.494024991989
2016-10-13,13.442368596,1.54509217244,2016-10-13,,,43.0,53.0,-160.0,-150.0,,0.494024991989
2016-10-14,13.1492623526,1.45322894097,2016-10-14,,,43.0,53.0,-160.0,-150.0,,0.494024991989
2016-10-15,12.8208498599,1.32665015211,2016-10-15,18.6433536871,2.03652235137,43.0,53.0,-160.0,-150.0,,0.494024991989
2016-10-16,12.6295436142,1.29738587307,2016-10-16,,,43.0,53.0,-160.0,-150.0,,0.494024991989
2016-10-17,12.3862061196,1.29197211667,2016-10-17,,,43.0,53.0,-160.0,-150.0,,0.494024991989
2016-10-18,12.1357686252,1.31556823155,2016-10-18,,,43.0,53.0,-160.0,-150.0,,0.494024991989
2016-10-19,11.9813873787,1.24218816838,2016-10-19,,,43.0,53.0,-160.0,-150.0,,0.494024991989
2016-10-20,11.7838561331,1.19520132557,2016-10-20,,,43.0,53.0,-160.0,-150.0,,0.494024991989
2016-10-21,11.5129748891,1.11821330451,2016-10-21,,,43.0,53.0,-160.0,-150.0,,0.494024991989
2016-10-22,11.3749561422,1.12125825749,2016-10-22,18.8384643844,1.94279439015,43.0,53.0,-160.0,-150.0,,0.494024991989
2016-10-23,11.1915311463,1.05967980387,2016-10-23,,,43.0,53.0,-160.0,-150.0,,0.494024991989
2016-10-24,11.1198873979,1.07527787739,2016-10-24,,,43.0,53.0,-160.0,-150.0,,0.494024991989
2016-10-25,11.0947123985,1.13540673597,2016-10-25,,,43.0,53.0,-160.0,-150.0,,0.494024991989
2016-10-26,10.846912404,1.24268893806,2016-10-26,,,43.0,53.0,-160.0,-150.0,,0.494024991989
2016-10-27,10.5716061602,1.38812400164,2016-10-27,,,43.0,53.0,-160.0,-150.0,,0.494024991989
2016-10-28,10.5255374112,1.43595816344,2016-10-28,,,43.0,53.0,-160.0,-150.0,,0.494024991989
2016-10-29,10.4858186621,1.47582417912,2016-10-29,19.0352250205,1.90626307215,43.0,53.0,-160.0,-150.0,,0.494024991989
2016-10-30,10.4250186635,1.45982283372,2016-10-30,,,43.0,53.0,-160.0,-150.0,,0.494024991989
2016-10-31,10.2389874176,1.51170722515,2016-10-31,,,43.0,53.0,-160.0,-150.0,,0.494024991989
2016-11-01,10.0817186711,1.53178687372,2016-11-01,,,43.0,53.0,-160.0,-150.0,,0.494024991989
2016-11-02,9.97551242351,1.48037683725,2016-11-02,,,43.0,53.0,-160.0,-150.0,,0.494024991989
2016-11-03,9.85391867623,1.44904514524,2016-11-03,,,43.0,53.0,-160.0,-150.0,,0.494024991989
2016-11-04,9.65693743063,1.39190063489,2016-11-04,,,43.0,53.0,-160.0,-150.0,,0.494024991989
2016-11-05,9.50079993412,1.32725438836,2016-11-05,19.3448922986,1.89709382767,43.0,53.0,-160.0,-150.0,,0.494024991989
2016-11-06,9.34398743762,1.2637962768,2016-11-06,,,43.0,53.0,-160.0,-150.0,,0.494024991989
2016-11-07,9.09379369322,1.24709071945,2016-11-07,,,43.0,53.0,-160.0,-150.0,,0.494024991989
2016-11-08,8.79256869997,1.11430964846,2016-11-08,,,43.0,53.0,-160.0,-150.0,,0.494024991989
2016-11-09,8.49427495662,1.0917429273,2016-11-09,,,43.0,53.0,-160.0,-150.0,,0.494024991989
2016-11-10,8.40794995854,1.06653904087,2016-11-10,,,43.0,53.0,-160.0,-150.0,,0.494024991989
2016-11-11,8.31891871055,1.01534920449,2016-11-11,,,43.0,53.0,-160.0,-150.0,,0.494024991989
2016-11-12,8.21408121289,0.966777721382,2016-11-12,19.7563641585,1.95722437673,43.0,53.0,-160.0,-150.0,,0.494024991989
2016-11-13,8.03369996691,0.937287364797,2016-11-13,,,43.0,53.0,-160.0,-150.0,,0.494024991989
2016-11-14,7.86019997079,0.965265411256,2016-11-14,,,43.0,53.0,-160.0,-150.0,,0.494024991989
2016-11-15,7.73095622368,0.952943385635,2016-11-15,,,43.0,53.0,-160.0,-150.0,,0.494024991989
2016-11-16,7.66071872524,0.969324468944,2016-11-16,,,43.0,53.0,-160.0,-150.0,,0.494024991989
2016-11-17,7.66765622511,0.949849069103,2016-11-17,,,43.0,53.0,-160.0,-150.0,,0.494024991989
2016-11-18,7.74987497326,0.910330132137,2016-11-18,,,43.0,53.0,-160.0,-150.0,,0.494024991989
2016-11-19,7.82958122148,0.872658010525,2016-11-19,20.2074998479,2.10461934009,43.0,53.0,-160.0,-150.0,,0.494024991989
2016-11-20,7.76057497302,0.901652260469,2016-11-20,,,43.0,53.0,-160.0,-150.0,,0.494024991989
2016-11-21,7.6856312247,0.955771214472,2016-11-21,,,43.0,53.0,-160.0,-150.0,,0.494024991989
2016-11-22,7.64014997571,0.972896808971,2016-11-22,,,43.0,53.0,-160.0,-150.0,,0.494024991989
2016-11-23,7.50488122872,0.946572142813,2016-11-23,,,43.0,53.0,-160.0,-150.0,,0.494024991989
2016-11-24,7.46000622975,0.891477241229,2016-11-24,,,43.0,53.0,-160.0,-150.0,,0.494024991989
2016-11-25,7.51386247853,0.933604743699,2016-11-25,,,43.0,53.0,-160.0,-150.0,,0.494024991989
2016-11-26,7.45403747987,1.20847565293,2016-11-26,20.6693630435,2.34573023404,43.0,53.0,-160.0,-150.0,,0.494024991989
2016-11-27,7.45777497979,1.36635683959,2016-11-27,,,43.0,53.0,-160.0,-150.0,,0.494024991989
2016-11-28,7.17859998603,0.996893900565,2016-11-28,,,43.0,53.0,-160.0,-150.0,,0.494024991989
2016-11-29,7.1660562363,0.982351559833,2016-11-29,,,43.0,53.0,-160.0,-150.0,,0.494024991989
2016-11-30,7.14851873671,0.993368269142,2016-11-30,,,43.0,53.0,-160.0,-150.0,,0.494024991989
2016-12-01,7.16981248622,0.982685112473,2016-12-01,,,43.0,53.0,-160.0,-150.0,,0.494024991989
2016-12-02,7.08036873823,0.92242499088,2016-12-02,,,43.0,53.0,-160.0,-150.0,,0.494024991989
2016-12-03,6.94616249122,0.884557233876,2016-12-03,21.0478840264,2.5937049538,43.0,53.0,-160.0,-150.0,,0.494024991989
2016-12-04,6.92224374175,0.927160809183,2016-12-04,,,43.0,53.0,-160.0,-150.0,,0.494024991989
2016-12-05,6.88043124269,0.974868643304,2016-12-05,,,43.0,53.0,-160.0,-150.0,,0.494024991989
2016-12-06,6.71992499629,0.949573824952,2016-12-06,,,43.0,53.0,-160.0,-150.0,,0.494024991989
2016-12-07,6.7097812465,0.918829797759,2016-12-07,,,43.0,53.0,-160.0,-150.0,,0.494024991989
2016-12-08,6.6253249984,0.927686694659,2016-12-08,,,43.0,53.0,-160.0,-150.0,,0.494024991989
2016-12-09,6.54547500018,0.99265651346,2016-12-09,,,43.0,53.0,-160.0,-150.0,,0.494024991989
2016-12-10,6.46361250201,0.99902224748,2016-12-10,21.2478494666,2.7858725715,43.0,53.0,-160.0,-150.0,,0.494024991989
2016-12-11,6.44963125232,1.00704544887,2016-12-11,,,43.0,53.0,-160.0,-150.0,,0.494024991989
2016-12-12,6.46660625195,0.968406417692,2016-12-12,,,43.0,53.0,-160.0,-150.0,,0.494024991989
2016-12-13,6.42047500298,1.00392035089,2016-12-13,,,43.0,53.0,-160.0,-150.0,,0.494024991989
2016-12-14,6.35461250445,1.01676782944,2016-12-14,,,43.0,53.0,-160.0,-150.0,,0.494024991989
2016-12-15,6.40506875333,1.05853158906,2016-12-15,,,43.0,53.0,-160.0,-150.0,,0.494024991989
2016-12-16,6.41811875303,1.08204237066,2016-12-16,,,43.0,53.0,-160.0,-150.0,,0.494024991989
2016-12-17,6.42106875295,1.08067858708,2016-12-17,21.544330824,3.05487543785,43.0,53.0,-160.0,-150.0,,0.494024991989
2016-12-18,6.37588125399,1.09728468484,2016-12-18,,,43.0,53.0,-160.0,-150.0,,0.494024991989
2016-12-19,6.50108125117,1.18669300141,2016-12-19,,,43.0,53.0,-160.0,-150.0,,0.494024991989
2016-12-20,6.50110625117,1.23655675748,2016-12-20,,,43.0,53.0,-160.0,-150.0,,0.494024991989
2016-12-21,6.41745000304,1.13790517029,2016-12-21,,,43.0,53.0,-160.0,-150.0,,0.494024991989
2016-12-22,6.41973125299,1.08268590054,2016-12-22,,,43.0,53.0,-160.0,-150.0,,0.494024991989
2016-12-23,6.46773125191,1.17036427672,2016-12-23,,,43.0,53.0,-160.0,-150.0,,0.494024991989
2016-12-24,6.30136250563,1.26239133702,2016-12-24,21.8794223305,3.3396849704,43.0,53.0,-160.0,-150.0,,0.494024991989
2016-12-25,6.37158750406,1.13097498007,2016-12-25,,,43.0,53.0,-160.0,-150.0,,0.494024991989
2016-12-26,6.40210625338,1.10967448752,2016-12-26,,,43.0,53.0,-160.0,-150.0,,0.494024991989
2016-12-27,6.40011875342,1.13964272574,2016-12-27,,,43.0,53.0,-160.0,-150.0,,0.494024991989
2016-12-28,6.34345625471,1.15652093116,2016-12-28,,,43.0,53.0,-160.0,-150.0,,0.494024991989
2016-12-29,6.32190000518,1.14810646833,2016-12-29,,,43.0,53.0,-160.0,-150.0,,0.494024991989
2016-12-30,6.26143750654,1.15147703231,2016-12-30,,,43.0,53.0,-160.0,-150.0,,0.494024991989
2016-12-31,6.14990000902,1.21161777147,2016-12-31,21.9938341539,3.55054887497,43.0,53.0,-160.0,-150.0,,0.494024991989
2017-01-01,5.82367501632,1.0466734401,2017-01-01,,,43.0,53.0,-160.0,-150.0,,0.494024991989
