time_X,sst,sst_std_X,time_Y,NO3,NO3_std_Y,lat1,lat2,lon1,lon2,,depth
2015-01-01,22.8938058848,0.883732303041,2015-01-01,,,23.0,28.0,-160.0,-150.0,,0.494024991989
2015-01-02,22.838818386,0.851348095076,2015-01-02,,,23.0,28.0,-160.0,-150.0,,0.494024991989
2015-01-03,22.7706058875,0.881446623664,2015-01-03,0.000179446842058,0.00107614650952,23.0,28.0,-160.0,-150.0,,0.494024991989
2015-01-04,22.706855889,0.85805438048,2015-01-04,,,23.0,28.0,-160.0,-150.0,,0.494024991989
2015-01-05,22.6498558902,0.861720387069,2015-01-05,,,23.0,28.0,-160.0,-150.0,,0.494024991989
2015-01-06,22.5972058914,0.863741212787,2015-01-06,,,23.0,28.0,-160.0,-150.0,,0.494024991989
2015-01-07,22.3830683962,0.893376550418,2015-01-07,,,23.0,28.0,-160.0,-150.0,,0.494024991989
2015-01-08,22.3558308968,0.867154086837,2015-01-08,,,23.0,28.0,-160.0,-150.0,,0.494024991989
2015-01-09,22.571555892,0.825042739871,2015-01-09,,,23.0,28.0,-160.0,-150.0,,0.494024991989
2015-01-10,22.6444183904,0.814767879877,2015-01-10,0.00013071199688,0.000443763520819,23.0,28.0,-160.0,-150.0,,0.494024991989
2015-01-11,22.5620808922,0.81952471796,2015-01-11,,,23.0,28.0,-160.0,-150.0,,0.494024991989
2015-01-12,22.5114183933,0.849036227322,2015-01-12,,,23.0,28.0,-160.0,-150.0,,0.494024991989
2015-01-13,22.4074558956,0.862859670716,2015-01-13,,,23.0,28.0,-160.0,-150.0,,0.494024991989
2015-01-14,22.392518396,0.814132119906,2015-01-14,,,23.0,28.0,-160.0,-150.0,,0.494024991989
2015-01-15,22.4096433956,0.830058487779,2015-01-15,,,23.0,28.0,-160.0,-150.0,,0.494024991989
2015-01-16,22.5666183921,0.837750924384,2015-01-16,,,23.0,28.0,-160.0,-150.0,,0.494024991989
2015-01-17,22.569480892,0.873250414345,2015-01-17,3.11037599922e-05,8.91222048282e-05,23.0,28.0,-160.0,-150.0,,0.494024991989
2015-01-18,22.6963558892,0.884545580958,2015-01-18,,,23.0,28.0,-160.0,-150.0,,0.494024991989
2015-01-19,22.7217433886,0.833544631259,2015-01-19,,,23.0,28.0,-160.0,-150.0,,0.494024991989
2015-01-20,22.8183433865,0.864440029656,2015-01-20,,,23.0,28.0,-160.0,-150.0,,0.494024991989
2015-01-21,22.8185308865,0.845750596648,2015-01-21,,,23.0,28.0,-160.0,-150.0,,0.494024991989
2015-01-22,22.7167558887,0.813303874987,2015-01-22,,,23.0,28.0,-160.0,-150.0,,0.494024991989
2015-01-23,22.6466058903,0.831833398244,2015-01-23,,,23.0,28.0,-160.0,-150.0,,0.494024991989
2015-01-24,22.569393392,0.896123820414,2015-01-24,9.83800505133e-06,3.77089664157e-05,23.0,28.0,-160.0,-150.0,,0.494024991989
2015-01-25,22.4399808949,0.867991995271,2015-01-25,,,23.0,28.0,-160.0,-150.0,,0.494024991989
2015-01-26,22.2957183981,0.8276762675,2015-01-26,,,23.0,28.0,-160.0,-150.0,,0.494024991989
2015-01-27,22.2309058996,0.809111760166,2015-01-27,,,23.0,28.0,-160.0,-150.0,,0.494024991989
2015-01-28,22.2788808985,0.797672213473,2015-01-28,,,23.0,28.0,-160.0,-150.0,,0.494024991989
2015-01-29,22.3732933964,0.820947485169,2015-01-29,,,23.0,28.0,-160.0,-150.0,,0.494024991989
2015-01-30,22.4196558954,0.810792027225,2015-01-30,,,23.0,28.0,-160.0,-150.0,,0.494024991989
2015-01-31,22.2770058986,0.866912387542,2015-01-31,6.84600984487e-05,0.000224840470985,23.0,28.0,-160.0,-150.0,,0.494024991989
2015-02-01,22.2324683996,0.974298030787,2015-02-01,,,23.0,28.0,-160.0,-150.0,,0.494024991989
2015-02-02,22.2955058981,0.988494864099,2015-02-02,,,23.0,28.0,-160.0,-150.0,,0.494024991989
2015-02-03,22.2825808984,0.88400224542,2015-02-03,,,23.0,28.0,-160.0,-150.0,,0.494024991989
2015-02-04,22.2687058987,0.847347291301,2015-02-04,,,23.0,28.0,-160.0,-150.0,,0.494024991989
2015-02-05,22.2028559002,0.84961267705,2015-02-05,,,23.0,28.0,-160.0,-150.0,,0.494024991989
2015-02-06,22.1360559017,0.79834016962,2015-02-06,,,23.0,28.0,-160.0,-150.0,,0.494024991989
2015-02-07,21.9591809056,0.842749498105,2015-02-07,0.000567357458693,0.00118443218079,23.0,28.0,-160.0,-150.0,,0.494024991989
2015-02-08,21.9021934069,0.925177449702,2015-02-08,,,23.0,28.0,-160.0,-150.0,,0.494024991989
2015-02-09,21.8876184073,0.959521453658,2015-02-09,,,23.0,28.0,-160.0,-150.0,,0.494024991989
2015-02-10,21.7102309112,0.90365107409,2015-02-10,,,23.0,28.0,-160.0,-150.0,,0.494024991989
2015-02-11,21.5649309145,0.879982626715,2015-02-11,,,23.0,28.0,-160.0,-150.0,,0.494024991989
2015-02-12,21.4900684161,0.899187344568,2015-02-12,,,23.0,28.0,-160.0,-150.0,,0.494024991989
2015-02-13,21.5288684153,0.926824660312,2015-02-13,,,23.0,28.0,-160.0,-150.0,,0.494024991989
2015-02-14,21.3256059198,0.965234650546,2015-02-14,0.000943162730854,0.00212031161103,23.0,28.0,-160.0,-150.0,,0.494024991989
2015-02-15,21.2678934211,0.97057576704,2015-02-15,,,23.0,28.0,-160.0,-150.0,,0.494024991989
2015-02-16,21.3003184204,0.997907623217,2015-02-16,,,23.0,28.0,-160.0,-150.0,,0.494024991989
2015-02-17,21.3411184195,1.011200077,2015-02-17,,,23.0,28.0,-160.0,-150.0,,0.494024991989
2015-02-18,21.4469434171,0.986070648213,2015-02-18,,,23.0,28.0,-160.0,-150.0,,0.494024991989
2015-02-19,21.4014309181,1.04255511198,2015-02-19,,,23.0,28.0,-160.0,-150.0,,0.494024991989
2015-02-20,21.2932809205,0.97686096574,2015-02-20,,,23.0,28.0,-160.0,-150.0,,0.494024991989
2015-02-21,21.3416684195,0.908958147337,2015-02-21,0.000209647630783,0.00044334537648,23.0,28.0,-160.0,-150.0,,0.494024991989
2015-02-22,21.4440934172,0.822019041131,2015-02-22,,,23.0,28.0,-160.0,-150.0,,0.494024991989
2015-02-23,21.6072809135,0.898620821322,2015-02-23,,,23.0,28.0,-160.0,-150.0,,0.494024991989
2015-02-24,21.6082934135,0.895155267494,2015-02-24,,,23.0,28.0,-160.0,-150.0,,0.494024991989
2015-02-25,21.677255912,0.909574351569,2015-02-25,,,23.0,28.0,-160.0,-150.0,,0.494024991989
2015-02-26,21.6912559117,0.915421208317,2015-02-26,,,23.0,28.0,-160.0,-150.0,,0.494024991989
2015-02-27,21.6931059116,0.9570734734,2015-02-27,,,23.0,28.0,-160.0,-150.0,,0.494024991989
2015-02-28,21.7368684106,1.02066234742,2015-02-28,9.08523574693e-05,0.000431781282392,23.0,28.0,-160.0,-150.0,,0.494024991989
2015-03-01,21.7538559102,1.05856653546,2015-03-01,,,23.0,28.0,-160.0,-150.0,,0.494024991989
2015-03-02,21.8872809073,1.07082750973,2015-03-02,,,23.0,28.0,-160.0,-150.0,,0.494024991989
2015-03-03,21.9388434061,1.15188602735,2015-03-03,,,23.0,28.0,-160.0,-150.0,,0.494024991989
2015-03-04,21.8920309072,1.17246161772,2015-03-04,,,23.0,28.0,-160.0,-150.0,,0.494024991989
2015-03-05,21.8571184079,1.11370928185,2015-03-05,,,23.0,28.0,-160.0,-150.0,,0.494024991989
2015-03-06,21.8022309092,1.07641495404,2015-03-06,,,23.0,28.0,-160.0,-150.0,,0.494024991989
2015-03-07,21.8162184089,1.09492832226,2015-03-07,0.00161860577993,0.0071877022615,23.0,28.0,-160.0,-150.0,,0.494024991989
2015-03-08,21.8208934087,1.10852781992,2015-03-08,,,23.0,28.0,-160.0,-150.0,,0.494024991989
2015-03-09,21.7356309107,1.114199753,2015-03-09,,,23.0,28.0,-160.0,-150.0,,0.494024991989
2015-03-10,21.6785684119,1.14403154293,2015-03-10,,,23.0,28.0,-160.0,-150.0,,0.494024991989
2015-03-11,21.6854934118,1.11174622528,2015-03-11,,,23.0,28.0,-160.0,-150.0,,0.494024991989
2015-03-12,21.6436809127,1.11914490934,2015-03-12,,,23.0,28.0,-160.0,-150.0,,0.494024991989
2015-03-13,21.5533559147,1.0906122406,2015-03-13,,,23.0,28.0,-160.0,-150.0,,0.494024991989
2015-03-14,21.5258434153,1.11198757535,2015-03-14,0.00123265453875,0.00473805926135,23.0,28.0,-160.0,-150.0,,0.494024991989
2015-03-15,21.6049809136,1.16953985316,2015-03-15,,,23.0,28.0,-160.0,-150.0,,0.494024991989
2015-03-16,21.6158434133,1.20526586066,2015-03-16,,,23.0,28.0,-160.0,-150.0,,0.494024991989
2015-03-17,21.5786184142,1.199836157,2015-03-17,,,23.0,28.0,-160.0,-150.0,,0.494024991989
2015-03-18,21.6251184131,1.20416306226,2015-03-18,,,23.0,28.0,-160.0,-150.0,,0.494024991989
2015-03-19,21.5291934153,1.23765424359,2015-03-19,,,23.0,28.0,-160.0,-150.0,,0.494024991989
2015-03-20,21.2954059205,1.17041567819,2015-03-20,,,23.0,28.0,-160.0,-150.0,,0.494024991989
2015-03-21,21.3295309197,1.12909085633,2015-03-21,0.000668132840836,0.00240146426626,23.0,28.0,-160.0,-150.0,,0.494024991989
2015-03-22,21.6256059131,1.08389868893,2015-03-22,,,23.0,28.0,-160.0,-150.0,,0.494024991989
2015-03-23,21.8416934083,1.08572974017,2015-03-23,,,23.0,28.0,-160.0,-150.0,,0.494024991989
2015-03-24,22.0075684046,1.04846956599,2015-03-24,,,23.0,28.0,-160.0,-150.0,,0.494024991989
2015-03-25,22.0497559036,1.1391827915,2015-03-25,,,23.0,28.0,-160.0,-150.0,,0.494024991989
2015-03-26,21.9333434062,1.15034683498,2015-03-26,,,23.0,28.0,-160.0,-150.0,,0.494024991989
2015-03-27,21.9601809056,1.06093615336,2015-03-27,,,23.0,28.0,-160.0,-150.0,,0.494024991989
2015-03-28,22.1387684016,0.950449447239,2015-03-28,0.000486134531861,0.00395296607035,23.0,28.0,-160.0,-150.0,,0.494024991989
2015-03-29,22.3287433974,0.967249895933,2015-03-29,,,23.0,28.0,-160.0,-150.0,,0.494024991989
2015-03-30,22.3807558962,1.06066724854,2015-03-30,,,23.0,28.0,-160.0,-150.0,,0.494024991989
2015-03-31,22.3276933974,1.07930407188,2015-03-31,,,23.0,28.0,-160.0,-150.0,,0.494024991989
2015-04-01,22.4331683951,1.12253751662,2015-04-01,,,23.0,28.0,-160.0,-150.0,,0.494024991989
2015-04-02,22.4581433945,1.10093123554,2015-04-02,,,23.0,28.0,-160.0,-150.0,,0.494024991989
2015-04-03,22.5983683914,1.0571647488,2015-04-03,,,23.0,28.0,-160.0,-150.0,,0.494024991989
2015-04-04,22.7115058888,1.05866519839,2015-04-04,9.00726538655e-05,0.000593440312556,23.0,28.0,-160.0,-150.0,,0.494024991989
2015-04-05,22.7747058874,1.04597607571,2015-04-05,,,23.0,28.0,-160.0,-150.0,,0.494024991989
2015-04-06,22.8239933863,1.06051842225,2015-04-06,,,23.0,28.0,-160.0,-150.0,,0.494024991989
2015-04-07,22.8954183847,0.994385377049,2015-04-07,,,23.0,28.0,-160.0,-150.0,,0.494024991989
2015-04-08,22.9012308846,0.922322152662,2015-04-08,,,23.0,28.0,-160.0,-150.0,,0.494024991989
2015-04-09,22.8434558859,0.994463065158,2015-04-09,,,23.0,28.0,-160.0,-150.0,,0.494024991989
2015-04-10,22.6360308905,1.0820126203,2015-04-10,,,23.0,28.0,-160.0,-150.0,,0.494024991989
2015-04-11,22.4991183936,1.06561982699,2015-04-11,3.65359879896e-05,0.000303827235631,23.0,28.0,-160.0,-150.0,,0.494024991989
2015-04-12,22.4319558951,1.05488848276,2015-04-12,,,23.0,28.0,-160.0,-150.0,,0.494024991989
2015-04-13,22.4621683944,1.04913766137,2015-04-13,,,23.0,28.0,-160.0,-150.0,,0.494024991989
2015-04-14,22.4542308946,1.03057021347,2015-04-14,,,23.0,28.0,-160.0,-150.0,,0.494024991989
2015-04-15,22.4238308953,1.00643230567,2015-04-15,,,23.0,28.0,-160.0,-150.0,,0.494024991989
2015-04-16,22.5570058923,0.978471596641,2015-04-16,,,23.0,28.0,-160.0,-150.0,,0.494024991989
2015-04-17,22.6768183896,0.938432575979,2015-04-17,,,23.0,28.0,-160.0,-150.0,,0.494024991989
2015-04-18,22.7708433875,0.87553823577,2015-04-18,4.09534270952e-06,1.83725777048e-05,23.0,28.0,-160.0,-150.0,,0.494024991989
2015-04-19,22.8666058854,0.837404278677,2015-04-19,,,23.0,28.0,-160.0,-150.0,,0.494024991989
2015-04-20,22.9427808837,0.815940729592,2015-04-20,,,23.0,28.0,-160.0,-150.0,,0.494024991989
2015-04-21,22.9441808836,0.808818146521,2015-04-21,,,23.0,28.0,-160.0,-150.0,,0.494024991989
2015-04-22,22.8908308848,0.832986329662,2015-04-22,,,23.0,28.0,-160.0,-150.0,,0.494024991989
2015-04-23,22.9534308835,0.820668721218,2015-04-23,,,23.0,28.0,-160.0,-150.0,,0.494024991989
2015-04-24,23.0006808824,0.814975523589,2015-04-24,,,23.0,28.0,-160.0,-150.0,,0.494024991989
2015-04-25,23.1224308796,0.769808523972,2015-04-25,8.53332166179e-06,6.37150173481e-05,23.0,28.0,-160.0,-150.0,,0.494024991989
2015-04-26,23.1456433791,0.722955659274,2015-04-26,,,23.0,28.0,-160.0,-150.0,,0.494024991989
2015-04-27,23.0697683809,0.731384871499,2015-04-27,,,23.0,28.0,-160.0,-150.0,,0.494024991989
2015-04-28,22.9575558833,0.760775678059,2015-04-28,,,23.0,28.0,-160.0,-150.0,,0.494024991989
2015-04-29,22.8884433849,0.855013376936,2015-04-29,,,23.0,28.0,-160.0,-150.0,,0.494024991989
2015-04-30,22.9033683845,0.85332205237,2015-04-30,,,23.0,28.0,-160.0,-150.0,,0.494024991989
2015-05-01,22.9235808841,0.823964119755,2015-05-01,,,23.0,28.0,-160.0,-150.0,,0.494024991989
2015-05-02,23.0456683814,0.815564035235,2015-05-02,7.91803983493e-06,5.47799559214e-05,23.0,28.0,-160.0,-150.0,,0.494024991989
2015-05-03,23.10911838,0.840701746831,2015-05-03,,,23.0,28.0,-160.0,-150.0,,0.494024991989
2015-05-04,23.1159683798,0.854608220646,2015-05-04,,,23.0,28.0,-160.0,-150.0,,0.494024991989
2015-05-05,23.0675433809,0.837243206294,2015-05-05,,,23.0,28.0,-160.0,-150.0,,0.494024991989
2015-05-06,22.9754933829,0.797629448761,2015-05-06,,,23.0,28.0,-160.0,-150.0,,0.494024991989
2015-05-07,22.9947183825,0.741928886691,2015-05-07,,,23.0,28.0,-160.0,-150.0,,0.494024991989
2015-05-08,23.0419558815,0.707412214563,2015-05-08,,,23.0,28.0,-160.0,-150.0,,0.494024991989
2015-05-09,23.0077933822,0.704101794521,2015-05-09,1.73758990679e-06,8.00849701763e-06,23.0,28.0,-160.0,-150.0,,0.494024991989
2015-05-10,23.0471933813,0.682920833806,2015-05-10,,,23.0,28.0,-160.0,-150.0,,0.494024991989
2015-05-11,23.0786058806,0.664770132655,2015-05-11,,,23.0,28.0,-160.0,-150.0,,0.494024991989
2015-05-12,23.0906933804,0.677807692899,2015-05-12,,,23.0,28.0,-160.0,-150.0,,0.494024991989
2015-05-13,23.0746808807,0.671635876508,2015-05-13,,,23.0,28.0,-160.0,-150.0,,0.494024991989
2015-05-14,23.0924933803,0.646732603282,2015-05-14,,,23.0,28.0,-160.0,-150.0,,0.494024991989
2015-05-15,23.2357558771,0.61866475907,2015-05-15,,,23.0,28.0,-160.0,-150.0,,0.494024991989
2015-05-16,23.3517308745,0.578547740464,2015-05-16,5.67661164374e-07,3.65691102493e-07,23.0,28.0,-160.0,-150.0,,0.494024991989
2015-05-17,23.3668308742,0.5657204777,2015-05-17,,,23.0,28.0,-160.0,-150.0,,0.494024991989
2015-05-18,23.3708183741,0.574443893576,2015-05-18,,,23.0,28.0,-160.0,-150.0,,0.494024991989
2015-05-19,23.3971933735,0.532157294969,2015-05-19,,,23.0,28.0,-160.0,-150.0,,0.494024991989
2015-05-20,23.4617933721,0.508504640743,2015-05-20,,,23.0,28.0,-160.0,-150.0,,0.494024991989
2015-05-21,23.600430869,0.553442674002,2015-05-21,,,23.0,28.0,-160.0,-150.0,,0.494024991989
2015-05-22,23.55310587,0.733437165631,2015-05-22,,,23.0,28.0,-160.0,-150.0,,0.494024991989
2015-05-23,23.4235558729,0.717653603027,2015-05-23,5.75958502501e-07,1.62945278575e-07,23.0,28.0,-160.0,-150.0,,0.494024991989
2015-05-24,23.4057808733,0.746302428054,2015-05-24,,,23.0,28.0,-160.0,-150.0,,0.494024991989
2015-05-25,23.3964183735,0.721872094096,2015-05-25,,,23.0,28.0,-160.0,-150.0,,0.494024991989
2015-05-26,23.4544808722,0.71341058161,2015-05-26,,,23.0,28.0,-160.0,-150.0,,0.494024991989
2015-05-27,23.5311058705,0.705960225447,2015-05-27,,,23.0,28.0,-160.0,-150.0,,0.494024991989
2015-05-28,23.5592058699,0.741222128068,2015-05-28,,,23.0,28.0,-160.0,-150.0,,0.494024991989
2015-05-29,23.5373683704,0.730384599123,2015-05-29,,,23.0,28.0,-160.0,-150.0,,0.494024991989
2015-05-30,23.5000558712,0.63636589707,2015-05-30,4.89488014681e-07,7.29343130828e-08,23.0,28.0,-160.0,-150.0,,0.494024991989
2015-05-31,23.4599933721,0.690360757994,2015-05-31,,,23.0,28.0,-160.0,-150.0,,0.494024991989
2015-06-01,23.6325558682,0.722019338547,2015-06-01,,,23.0,28.0,-160.0,-150.0,,0.494024991989
2015-06-02,23.8282558639,0.661137818913,2015-06-02,,,23.0,28.0,-160.0,-150.0,,0.494024991989
2015-06-03,23.910143362,0.622046330496,2015-06-03,,,23.0,28.0,-160.0,-150.0,,0.494024991989
2015-06-04,24.0390308592,0.584888922892,2015-06-04,,,23.0,28.0,-160.0,-150.0,,0.494024991989
2015-06-05,24.2797308538,0.566066100662,2015-06-05,,,23.0,28.0,-160.0,-150.0,,0.494024991989
2015-06-06,24.5261933483,0.602877575041,2015-06-06,4.03695874689e-07,3.21751174229e-08,23.0,28.0,-160.0,-150.0,,0.494024991989
2015-06-07,24.8117683419,0.677492305237,2015-06-07,,,23.0,28.0,-160.0,-150.0,,0.494024991989
2015-06-08,24.9961558378,0.605775608066,2015-06-08,,,23.0,28.0,-160.0,-150.0,,0.494024991989
2015-06-09,24.8901683401,0.526382755695,2015-06-09,,,23.0,28.0,-160.0,-150.0,,0.494024991989
2015-06-10,24.674555845,0.563702932115,2015-06-10,,,23.0,28.0,-160.0,-150.0,,0.494024991989
2015-06-11,24.6051558465,0.595644145169,2015-06-11,,,23.0,28.0,-160.0,-150.0,,0.494024991989
2015-06-12,24.6806433448,0.531553620499,2015-06-12,,,23.0,28.0,-160.0,-150.0,,0.494024991989
2015-06-13,24.9977433377,0.446719572627,2015-06-13,3.79871838889e-07,2.5411989308e-08,23.0,28.0,-160.0,-150.0,,0.494024991989
2015-06-14,25.0707808361,0.40842074725,2015-06-14,,,23.0,28.0,-160.0,-150.0,,0.494024991989
2015-06-15,25.3107558308,0.360284323543,2015-06-15,,,23.0,28.0,-160.0,-150.0,,0.494024991989
2015-06-16,25.4012808287,0.334517323384,2015-06-16,,,23.0,28.0,-160.0,-150.0,,0.494024991989
2015-06-17,25.4720058271,0.331652018313,2015-06-17,,,23.0,28.0,-160.0,-150.0,,0.494024991989
2015-06-18,25.5086308263,0.388462534585,2015-06-18,,,23.0,28.0,-160.0,-150.0,,0.494024991989
2015-06-19,25.5071808264,0.422896865759,2015-06-19,,,23.0,28.0,-160.0,-150.0,,0.494024991989
2015-06-20,25.5178058261,0.310961745294,2015-06-20,3.73012394044e-07,3.55656050655e-08,23.0,28.0,-160.0,-150.0,,0.494024991989
2015-06-21,25.2700933317,0.424924031424,2015-06-21,,,23.0,28.0,-160.0,-150.0,,0.494024991989
2015-06-22,25.0728183361,0.510534342018,2015-06-22,,,23.0,28.0,-160.0,-150.0,,0.494024991989
2015-06-23,25.1413058345,0.429383694436,2015-06-23,,,23.0,28.0,-160.0,-150.0,,0.494024991989
2015-06-24,25.3083683308,0.395336839192,2015-06-24,,,23.0,28.0,-160.0,-150.0,,0.494024991989
2015-06-25,25.3493933299,0.35684879242,2015-06-25,,,23.0,28.0,-160.0,-150.0,,0.494024991989
2015-06-26,25.4150933284,0.330738900613,2015-06-26,,,23.0,28.0,-160.0,-150.0,,0.494024991989
2015-06-27,25.5478558254,0.303569176268,2015-06-27,3.68078681931e-07,2.49145136141e-08,23.0,28.0,-160.0,-150.0,,0.494024991989
2015-06-28,25.7549933208,0.30590720789,2015-06-28,,,23.0,28.0,-160.0,-150.0,,0.494024991989
2015-06-29,25.8472558188,0.405870715302,2015-06-29,,,23.0,28.0,-160.0,-150.0,,0.494024991989
2015-06-30,25.836605819,0.445025224362,2015-06-30,,,23.0,28.0,-160.0,-150.0,,0.494024991989
2015-07-01,25.8116058195,0.472244940684,2015-07-01,,,23.0,28.0,-160.0,-150.0,,0.494024991989
2015-07-02,25.7794933203,0.482907329569,2015-07-02,,,23.0,28.0,-160.0,-150.0,,0.494024991989
2015-07-03,25.7757933204,0.469492416414,2015-07-03,,,23.0,28.0,-160.0,-150.0,,0.494024991989
2015-07-04,25.925005817,0.414399747971,2015-07-04,3.61147260891e-07,3.31362794423e-08,23.0,28.0,-160.0,-150.0,,0.494024991989
2015-07-05,25.9861058157,0.468966592199,2015-07-05,,,23.0,28.0,-160.0,-150.0,,0.494024991989
2015-07-06,25.9344183168,0.484736392902,2015-07-06,,,23.0,28.0,-160.0,-150.0,,0.494024991989
2015-07-07,25.924493317,0.50772331757,2015-07-07,,,23.0,28.0,-160.0,-150.0,,0.494024991989
2015-07-08,25.8223808193,0.463641693317,2015-07-08,,,23.0,28.0,-160.0,-150.0,,0.494024991989
2015-07-09,25.7595683207,0.387409241071,2015-07-09,,,23.0,28.0,-160.0,-150.0,,0.494024991989
2015-07-10,25.7783183203,0.34572872237,2015-07-10,,,23.0,28.0,-160.0,-150.0,,0.494024991989
2015-07-11,25.7711058205,0.429168511346,2015-07-11,4.56962670816e-07,4.0335599225e-08,23.0,28.0,-160.0,-150.0,,0.494024991989
2015-07-12,25.7391558212,0.513490508646,2015-07-12,,,23.0,28.0,-160.0,-150.0,,0.494024991989
2015-07-13,25.7504683209,0.474879882644,2015-07-13,,,23.0,28.0,-160.0,-150.0,,0.494024991989
2015-07-14,25.6828683224,0.482106842674,2015-07-14,,,23.0,28.0,-160.0,-150.0,,0.494024991989
2015-07-15,25.7489683209,0.485938122248,2015-07-15,,,23.0,28.0,-160.0,-150.0,,0.494024991989
2015-07-16,25.8052808197,0.548809752187,2015-07-16,,,23.0,28.0,-160.0,-150.0,,0.494024991989
2015-07-17,25.8014433198,0.373916646235,2015-07-17,,,23.0,28.0,-160.0,-150.0,,0.494024991989
2015-07-18,26.0402433144,0.448293025631,2015-07-18,4.14678265229e-07,3.4022546041e-08,23.0,28.0,-160.0,-150.0,,0.494024991989
2015-07-19,26.0060058152,0.470625993757,2015-07-19,,,23.0,28.0,-160.0,-150.0,,0.494024991989
2015-07-20,26.0049683152,0.459347079705,2015-07-20,,,23.0,28.0,-160.0,-150.0,,0.494024991989
2015-07-21,26.0350683146,0.466899859687,2015-07-21,,,23.0,28.0,-160.0,-150.0,,0.494024991989
2015-07-22,26.1583308118,0.539230757989,2015-07-22,,,23.0,28.0,-160.0,-150.0,,0.494024991989
2015-07-23,26.2920433088,0.546196344945,2015-07-23,,,23.0,28.0,-160.0,-150.0,,0.494024991989
2015-07-24,26.3214433082,0.518518526488,2015-07-24,,,23.0,28.0,-160.0,-150.0,,0.494024991989
2015-07-25,26.2585933096,0.520464342497,2015-07-25,4.0948479284e-07,3.76312959746e-08,23.0,28.0,-160.0,-150.0,,0.494024991989
2015-07-26,26.24078081,0.511813622926,2015-07-26,,,23.0,28.0,-160.0,-150.0,,0.494024991989
2015-07-27,26.2544058096,0.49894320729,2015-07-27,,,23.0,28.0,-160.0,-150.0,,0.494024991989
2015-07-28,26.4791683046,0.57234651254,2015-07-28,,,23.0,28.0,-160.0,-150.0,,0.494024991989
2015-07-29,26.554180803,0.571415978551,2015-07-29,,,23.0,28.0,-160.0,-150.0,,0.494024991989
2015-07-30,26.5251183036,0.551718644448,2015-07-30,,,23.0,28.0,-160.0,-150.0,,0.494024991989
2015-07-31,26.5452683032,0.531654947271,2015-07-31,,,23.0,28.0,-160.0,-150.0,,0.494024991989
2015-08-01,26.6258433013,0.542766071255,2015-08-01,4.09164342865e-07,2.8978662803e-08,23.0,28.0,-160.0,-150.0,,0.494024991989
2015-08-02,26.5837558023,0.54233625752,2015-08-02,,,23.0,28.0,-160.0,-150.0,,0.494024991989
2015-08-03,26.4597933051,0.532578865184,2015-08-03,,,23.0,28.0,-160.0,-150.0,,0.494024991989
2015-08-04,26.3119183084,0.505577683408,2015-08-04,,,23.0,28.0,-160.0,-150.0,,0.494024991989
2015-08-05,26.2019308108,0.47538547537,2015-08-05,,,23.0,28.0,-160.0,-150.0,,0.494024991989
2015-08-06,26.2023933108,0.501381050155,2015-08-06,,,23.0,28.0,-160.0,-150.0,,0.494024991989
2015-08-07,26.3791058069,0.467987010893,2015-08-07,,,23.0,28.0,-160.0,-150.0,,0.494024991989
2015-08-08,26.4368933056,0.465776840767,2015-08-08,5.17853139564e-07,5.2816741183e-08,23.0,28.0,-160.0,-150.0,,0.494024991989
2015-08-09,26.3803683068,0.498475873066,2015-08-09,,,23.0,28.0,-160.0,-150.0,,0.494024991989
2015-08-10,26.3462058076,0.457700921073,2015-08-10,,,23.0,28.0,-160.0,-150.0,,0.494024991989
2015-08-11,26.3614558072,0.400465284977,2015-08-11,,,23.0,28.0,-160.0,-150.0,,0.494024991989
2015-08-12,26.4565433051,0.383340616781,2015-08-12,,,23.0,28.0,-160.0,-150.0,,0.494024991989
2015-08-13,26.4948558043,0.407909255989,2015-08-13,,,23.0,28.0,-160.0,-150.0,,0.494024991989
2015-08-14,26.5287058035,0.417679038593,2015-08-14,,,23.0,28.0,-160.0,-150.0,,0.494024991989
2015-08-15,26.4939183043,0.396038692161,2015-08-15,4.89184739662e-07,4.57246565278e-08,23.0,28.0,-160.0,-150.0,,0.494024991989
2015-08-16,26.4793683046,0.424947734484,2015-08-16,,,23.0,28.0,-160.0,-150.0,,0.494024991989
2015-08-17,26.4847558045,0.500283706645,2015-08-17,,,23.0,28.0,-160.0,-150.0,,0.494024991989
2015-08-18,26.5237308036,0.520674102365,2015-08-18,,,23.0,28.0,-160.0,-150.0,,0.494024991989
2015-08-19,26.5031558041,0.468377343031,2015-08-19,,,23.0,28.0,-160.0,-150.0,,0.494024991989
2015-08-20,26.506730804,0.487667915164,2015-08-20,,,23.0,28.0,-160.0,-150.0,,0.494024991989
2015-08-21,26.5189808037,0.512639334197,2015-08-21,,,23.0,28.0,-160.0,-150.0,,0.494024991989
2015-08-22,26.5238933036,0.466419032289,2015-08-22,5.00203689009e-07,8.19477026844e-08,23.0,28.0,-160.0,-150.0,,0.494024991989
2015-08-23,26.6063558018,0.426315982744,2015-08-23,,,23.0,28.0,-160.0,-150.0,,0.494024991989
2015-08-24,26.6314808012,0.42473745619,2015-08-24,,,23.0,28.0,-160.0,-150.0,,0.494024991989
2015-08-25,26.7582307984,0.617178976431,2015-08-25,,,23.0,28.0,-160.0,-150.0,,0.494024991989
2015-08-26,26.9000557952,0.687443141347,2015-08-26,,,23.0,28.0,-160.0,-150.0,,0.494024991989
2015-08-27,26.9859807933,0.656606366486,2015-08-27,,,23.0,28.0,-160.0,-150.0,,0.494024991989
2015-08-28,26.953568294,0.632058006189,2015-08-28,,,23.0,28.0,-160.0,-150.0,,0.494024991989
2015-08-29,26.9497057941,0.66483082258,2015-08-29,5.40701763582e-07,8.92075335353e-08,23.0,28.0,-160.0,-150.0,,0.494024991989
2015-08-30,26.9241557947,0.674287481572,2015-08-30,,,23.0,28.0,-160.0,-150.0,,0.494024991989
2015-08-31,26.9004682952,0.553386217838,2015-08-31,,,23.0,28.0,-160.0,-150.0,,0.494024991989
2015-09-01,26.7081932995,0.545287924283,2015-09-01,,,23.0,28.0,-160.0,-150.0,,0.494024991989
2015-09-02,26.7042057996,0.636149329335,2015-09-02,,,23.0,28.0,-160.0,-150.0,,0.494024991989
2015-09-03,26.6057808018,0.704253913486,2015-09-03,,,23.0,28.0,-160.0,-150.0,,0.494024991989
2015-09-04,26.6834808,0.688592688789,2015-09-04,,,23.0,28.0,-160.0,-150.0,,0.494024991989
2015-09-05,26.7467432987,0.658004848867,2015-09-05,6.19696786553e-07,1.38469442719e-07,23.0,28.0,-160.0,-150.0,,0.494024991989
2015-09-06,26.7566307984,0.659984676981,2015-09-06,,,23.0,28.0,-160.0,-150.0,,0.494024991989
2015-09-07,26.7256057991,0.673337830782,2015-09-07,,,23.0,28.0,-160.0,-150.0,,0.494024991989
2015-09-08,26.6681933004,0.695496860694,2015-09-08,,,23.0,28.0,-160.0,-150.0,,0.494024991989
2015-09-09,26.5217058037,0.676435420441,2015-09-09,,,23.0,28.0,-160.0,-150.0,,0.494024991989
2015-09-10,26.3411683077,0.674690008289,2015-09-10,,,23.0,28.0,-160.0,-150.0,,0.494024991989
2015-09-11,26.3967433065,0.673902327978,2015-09-11,,,23.0,28.0,-160.0,-150.0,,0.494024991989
2015-09-12,26.3611433073,0.676261094835,2015-09-12,5.74063974961e-07,6.78699082573e-08,23.0,28.0,-160.0,-150.0,,0.494024991989
2015-09-13,26.3137933083,0.719642719623,2015-09-13,,,23.0,28.0,-160.0,-150.0,,0.494024991989
2015-09-14,26.1784558113,0.754117764476,2015-09-14,,,23.0,28.0,-160.0,-150.0,,0.494024991989
2015-09-15,25.8685308183,0.756397469557,2015-09-15,,,23.0,28.0,-160.0,-150.0,,0.494024991989
2015-09-16,25.8762183181,0.708202241609,2015-09-16,,,23.0,28.0,-160.0,-150.0,,0.494024991989
2015-09-17,25.9297183169,0.688923742595,2015-09-17,,,23.0,28.0,-160.0,-150.0,,0.494024991989
2015-09-18,26.0036058153,0.662126362127,2015-09-18,,,23.0,28.0,-160.0,-150.0,,0.494024991989
2015-09-19,26.0416808144,0.637201334839,2015-09-19,5.66702999771e-07,5.99650693345e-08,23.0,28.0,-160.0,-150.0,,0.494024991989
2015-09-20,26.0555058141,0.602805681352,2015-09-20,,,23.0,28.0,-160.0,-150.0,,0.494024991989
2015-09-21,26.0529433142,0.602218910192,2015-09-21,,,23.0,28.0,-160.0,-150.0,,0.494024991989
2015-09-22,26.0500683142,0.609451816938,2015-09-22,,,23.0,28.0,-160.0,-150.0,,0.494024991989
2015-09-23,26.1681183116,0.678220607794,2015-09-23,,,23.0,28.0,-160.0,-150.0,,0.494024991989
2015-09-24,26.1923808111,0.678629742302,2015-09-24,,,23.0,28.0,-160.0,-150.0,,0.494024991989
2015-09-25,26.1423433122,0.66499189884,2015-09-25,,,23.0,28.0,-160.0,-150.0,,0.494024991989
2015-09-26,26.0093308151,0.647078863987,2015-09-26,5.9699386489e-07,4.09866029011e-08,23.0,28.0,-160.0,-150.0,,0.494024991989
2015-09-27,25.8775558181,0.632702779122,2015-09-27,,,23.0,28.0,-160.0,-150.0,,0.494024991989
2015-09-28,25.7406433211,0.609566670128,2015-09-28,,,23.0,28.0,-160.0,-150.0,,0.494024991989
2015-09-29,25.6916183222,0.615774768604,2015-09-29,,,23.0,28.0,-160.0,-150.0,,0.494024991989
2015-09-30,25.7159308217,0.583871765595,2015-09-30,,,23.0,28.0,-160.0,-150.0,,0.494024991989
2015-10-01,25.7434058211,0.560642591992,2015-10-01,,,23.0,28.0,-160.0,-150.0,,0.494024991989
2015-10-02,25.79190582,0.538310251453,2015-10-02,,,23.0,28.0,-160.0,-150.0,,0.494024991989
2015-10-03,25.8765808181,0.560354764981,2015-10-03,6.69560315148e-07,4.71323729051e-08,23.0,28.0,-160.0,-150.0,,0.494024991989
2015-10-04,25.9096933174,0.520099054687,2015-10-04,,,23.0,28.0,-160.0,-150.0,,0.494024991989
2015-10-05,25.8903058178,0.513006320579,2015-10-05,,,23.0,28.0,-160.0,-150.0,,0.494024991989
2015-10-06,25.6682933227,0.53505906915,2015-10-06,,,23.0,28.0,-160.0,-150.0,,0.494024991989
2015-10-07,25.5796808247,0.532835722375,2015-10-07,,,23.0,28.0,-160.0,-150.0,,0.494024991989
2015-10-08,25.611993324,0.577168857444,2015-10-08,,,23.0,28.0,-160.0,-150.0,,0.494024991989
2015-10-09,25.6679558227,0.564482958669,2015-10-09,,,23.0,28.0,-160.0,-150.0,,0.494024991989
2015-10-10,25.7397558212,0.527288438659,2015-10-10,6.85460461286e-07,1.00105032956e-07,23.0,28.0,-160.0,-150.0,,0.494024991989
2015-10-11,25.7722558204,0.491435021937,2015-10-11,,,23.0,28.0,-160.0,-150.0,,0.494024991989
2015-10-12,25.8504933187,0.455124613444,2015-10-12,,,23.0,28.0,-160.0,-150.0,,0.494024991989
2015-10-13,25.7840933202,0.499502058796,2015-10-13,,,23.0,28.0,-160.0,-150.0,,0.494024991989
2015-10-14,25.7196808216,0.607316682467,2015-10-14,,,23.0,28.0,-160.0,-150.0,,0.494024991989
2015-10-15,25.6181558239,0.557140459503,2015-10-15,,,23.0,28.0,-160.0,-150.0,,0.494024991989
2015-10-16,25.522230826,0.53693246902,2015-10-16,,,23.0,28.0,-160.0,-150.0,,0.494024991989
2015-10-17,25.3794683292,0.567700903101,2015-10-17,6.67403547385e-07,9.65083224214e-08,23.0,28.0,-160.0,-150.0,,0.494024991989
2015-10-18,25.3731058294,0.596206549171,2015-10-18,,,23.0,28.0,-160.0,-150.0,,0.494024991989
2015-10-19,25.5068933264,0.609124506383,2015-10-19,,,23.0,28.0,-160.0,-150.0,,0.494024991989
2015-10-20,25.566143325,0.58577839888,2015-10-20,,,23.0,28.0,-160.0,-150.0,,0.494024991989
2015-10-21,25.5118933262,0.533324874332,2015-10-21,,,23.0,28.0,-160.0,-150.0,,0.494024991989
2015-10-22,25.6245308237,0.517533163038,2015-10-22,,,23.0,28.0,-160.0,-150.0,,0.494024991989
2015-10-23,25.8870308179,0.530922720063,2015-10-23,,,23.0,28.0,-160.0,-150.0,,0.494024991989
2015-10-24,25.8917933178,0.572374668664,2015-10-24,7.39249676608e-07,9.67044147931e-08,23.0,28.0,-160.0,-150.0,,0.494024991989
2015-10-25,25.8424933189,0.603058731451,2015-10-25,,,23.0,28.0,-160.0,-150.0,,0.494024991989
2015-10-26,25.7553683208,0.616047063866,2015-10-26,,,23.0,28.0,-160.0,-150.0,,0.494024991989
2015-10-27,25.5711683249,0.650140141232,2015-10-27,,,23.0,28.0,-160.0,-150.0,,0.494024991989
2015-10-28,25.5328433258,0.62190639947,2015-10-28,,,23.0,28.0,-160.0,-150.0,,0.494024991989
2015-10-29,25.4989933265,0.601237550468,2015-10-29,,,23.0,28.0,-160.0,-150.0,,0.494024991989
2015-10-30,25.5990683243,0.585968922819,2015-10-30,,,23.0,28.0,-160.0,-150.0,,0.494024991989
2015-10-31,25.7716308204,0.595422823039,2015-10-31,8.36842371199e-07,1.43799276433e-07,23.0,28.0,-160.0,-150.0,,0.494024991989
2015-11-01,25.880905818,0.588827371963,2015-11-01,,,23.0,28.0,-160.0,-150.0,,0.494024991989
2015-11-02,25.8718558182,0.572910267091,2015-11-02,,,23.0,28.0,-160.0,-150.0,,0.494024991989
2015-11-03,25.7650558206,0.584376248977,2015-11-03,,,23.0,28.0,-160.0,-150.0,,0.494024991989
2015-11-04,25.6086808241,0.547947485622,2015-11-04,,,23.0,28.0,-160.0,-150.0,,0.494024991989
2015-11-05,25.6086433241,0.541141115188,2015-11-05,,,23.0,28.0,-160.0,-150.0,,0.494024991989
2015-11-06,25.6254308237,0.518163742153,2015-11-06,,,23.0,28.0,-160.0,-150.0,,0.494024991989
2015-11-07,25.6221808238,0.485448663435,2015-11-07,9.78765236001e-07,1.08428518522e-07,23.0,28.0,-160.0,-150.0,,0.494024991989
2015-11-08,25.6315933236,0.503850682787,2015-11-08,,,23.0,28.0,-160.0,-150.0,,0.494024991989
2015-11-09,25.5150058262,0.583960398305,2015-11-09,,,23.0,28.0,-160.0,-150.0,,0.494024991989
2015-11-10,25.3622183296,0.575592666945,2015-11-10,,,23.0,28.0,-160.0,-150.0,,0.494024991989
2015-11-11,25.163843334,0.551232923642,2015-11-11,,,23.0,28.0,-160.0,-150.0,,0.494024991989
2015-11-12,25.0032183376,0.600069735851,2015-11-12,,,23.0,28.0,-160.0,-150.0,,0.494024991989
2015-11-13,24.8668808407,0.598517083902,2015-11-13,,,23.0,28.0,-160.0,-150.0,,0.494024991989
2015-11-14,24.764680843,0.559969951221,2015-11-14,1.08528336438e-06,1.10374008854e-07,23.0,28.0,-160.0,-150.0,,0.494024991989
2015-11-15,24.6802183449,0.506729371809,2015-11-15,,,23.0,28.0,-160.0,-150.0,,0.494024991989
2015-11-16,24.6816933448,0.528569370573,2015-11-16,,,23.0,28.0,-160.0,-150.0,,0.494024991989
2015-11-17,24.7042933443,0.554379307676,2015-11-17,,,23.0,28.0,-160.0,-150.0,,0.494024991989
2015-11-18,24.7364933436,0.565071338648,2015-11-18,,,23.0,28.0,-160.0,-150.0,,0.494024991989
2015-11-19,24.7362308436,0.585764973356,2015-11-19,,,23.0,28.0,-160.0,-150.0,,0.494024991989
2015-11-20,24.7584308431,0.59768235536,2015-11-20,,,23.0,28.0,-160.0,-150.0,,0.494024991989
2015-11-21,24.7910433424,0.60531987108,2015-11-21,1.36818482834e-06,2.23334100593e-07,23.0,28.0,-160.0,-150.0,,0.494024991989
2015-11-22,24.6492308455,0.61580642137,2015-11-22,,,23.0,28.0,-160.0,-150.0,,0.494024991989
2015-11-23,24.6580558453,0.588016845364,2015-11-23,,,23.0,28.0,-160.0,-150.0,,0.494024991989
2015-11-24,24.7327683437,0.572211339468,2015-11-24,,,23.0,28.0,-160.0,-150.0,,0.494024991989
2015-11-25,24.6860933447,0.601293785598,2015-11-25,,,23.0,28.0,-160.0,-150.0,,0.494024991989
2015-11-26,24.6573308454,0.641470282138,2015-11-26,,,23.0,28.0,-160.0,-150.0,,0.494024991989
2015-11-27,24.6553808454,0.606266469645,2015-11-27,,,23.0,28.0,-160.0,-150.0,,0.494024991989
2015-11-28,24.6929808445,0.578953295629,2015-11-28,1.37988680304e-06,1.60955862206e-07,23.0,28.0,-160.0,-150.0,,0.494024991989
2015-11-29,24.7450683434,0.576375520337,2015-11-29,,,23.0,28.0,-160.0,-150.0,,0.494024991989
2015-11-30,24.7085433442,0.544099659835,2015-11-30,,,23.0,28.0,-160.0,-150.0,,0.494024991989
2015-12-01,24.6613433453,0.552472348624,2015-12-01,,,23.0,28.0,-160.0,-150.0,,0.494024991989
2015-12-02,24.6599433453,0.573142738404,2015-12-02,,,23.0,28.0,-160.0,-150.0,,0.494024991989
2015-12-03,24.6060183465,0.567040213101,2015-12-03,,,23.0,28.0,-160.0,-150.0,,0.494024991989
2015-12-04,24.5671308474,0.515294410656,2015-12-04,,,23.0,28.0,-160.0,-150.0,,0.494024991989
2015-12-05,24.6590558453,0.481412695598,2015-12-05,1.17655809851e-06,1.28692080881e-07,23.0,28.0,-160.0,-150.0,,0.494024991989
2015-12-06,24.7412433435,0.467115267999,2015-12-06,,,23.0,28.0,-160.0,-150.0,,0.494024991989
2015-12-07,24.6633683452,0.5152855971,2015-12-07,,,23.0,28.0,-160.0,-150.0,,0.494024991989
2015-12-08,24.6528933454,0.547955651356,2015-12-08,,,23.0,28.0,-160.0,-150.0,,0.494024991989
2015-12-09,24.5970933467,0.513270285718,2015-12-09,,,23.0,28.0,-160.0,-150.0,,0.494024991989
2015-12-10,24.493518349,0.503902232432,2015-12-10,,,23.0,28.0,-160.0,-150.0,,0.494024991989
2015-12-11,24.4860058492,0.520326231302,2015-12-11,,,23.0,28.0,-160.0,-150.0,,0.494024991989
2015-12-12,24.5360808481,0.5411592843,2015-12-12,1.27541700363e-06,1.67305794048e-07,23.0,28.0,-160.0,-150.0,,0.494024991989
2015-12-13,24.5802808471,0.549832404867,2015-12-13,,,23.0,28.0,-160.0,-150.0,,0.494024991989
2015-12-14,24.6072808465,0.541611191351,2015-12-14,,,23.0,28.0,-160.0,-150.0,,0.494024991989
2015-12-15,24.6437808456,0.591140485049,2015-12-15,,,23.0,28.0,-160.0,-150.0,,0.494024991989
2015-12-16,24.6019683466,0.580447873645,2015-12-16,,,23.0,28.0,-160.0,-150.0,,0.494024991989
2015-12-17,24.5113308486,0.543176189998,2015-12-17,,,23.0,28.0,-160.0,-150.0,,0.494024991989
2015-12-18,24.4813683493,0.536579204843,2015-12-18,,,23.0,28.0,-160.0,-150.0,,0.494024991989
2015-12-19,24.3104183531,0.537424495018,2015-12-19,1.56264281961e-06,1.79065771743e-07,23.0,28.0,-160.0,-150.0,,0.494024991989
2015-12-20,24.048130859,0.549025207525,2015-12-20,,,23.0,28.0,-160.0,-150.0,,0.494024991989
2015-12-21,23.9990933601,0.530815772327,2015-12-21,,,23.0,28.0,-160.0,-150.0,,0.494024991989
2015-12-22,23.9449433613,0.509874446146,2015-12-22,,,23.0,28.0,-160.0,-150.0,,0.494024991989
2015-12-23,24.0040183599,0.533282077223,2015-12-23,,,23.0,28.0,-160.0,-150.0,,0.494024991989
2015-12-24,23.9253058617,0.523792982929,2015-12-24,,,23.0,28.0,-160.0,-150.0,,0.494024991989
2015-12-25,23.9317558616,0.540248870054,2015-12-25,,,23.0,28.0,-160.0,-150.0,,0.494024991989
2015-12-26,23.9073058621,0.500380222052,2015-12-26,1.64858203801e-06,3.09490216374e-07,23.0,28.0,-160.0,-150.0,,0.494024991989
2015-12-27,23.869680863,0.604264992581,2015-12-27,,,23.0,28.0,-160.0,-150.0,,0.494024991989
2015-12-28,23.8404183636,0.602958333186,2015-12-28,,,23.0,28.0,-160.0,-150.0,,0.494024991989
2015-12-29,23.781293365,0.595238128572,2015-12-29,,,23.0,28.0,-160.0,-150.0,,0.494024991989
2015-12-30,23.6763433673,0.598936614185,2015-12-30,,,23.0,28.0,-160.0,-150.0,,0.494024991989
2015-12-31,23.6028808689,0.551395565913,2015-12-31,,,23.0,28.0,-160.0,-150.0,,0.494024991989
2016-01-01,23.6184308686,0.56992845355,2016-01-01,,,23.0,28.0,-160.0,-150.0,,0.494024991989
2016-01-02,23.5692058697,0.596974842569,2016-01-02,2.01804848077e-06,1.81536412136e-06,23.0,28.0,-160.0,-150.0,,0.494024991989
2016-01-03,23.4417683725,0.611341562311,2016-01-03,,,23.0,28.0,-160.0,-150.0,,0.494024991989
2016-01-04,23.3229308752,0.730287698412,2016-01-04,,,23.0,28.0,-160.0,-150.0,,0.494024991989
2016-01-05,23.3718058741,0.722877587509,2016-01-05,,,23.0,28.0,-160.0,-150.0,,0.494024991989
2016-01-06,23.4705808719,0.607483793257,2016-01-06,,,23.0,28.0,-160.0,-150.0,,0.494024991989
2016-01-07,23.5227433707,0.64588650751,2016-01-07,,,23.0,28.0,-160.0,-150.0,,0.494024991989
2016-01-08,23.4770058717,0.698228531303,2016-01-08,,,23.0,28.0,-160.0,-150.0,,0.494024991989
2016-01-09,23.3989183735,0.692656870241,2016-01-09,3.35449413015e-06,9.39638398413e-06,23.0,28.0,-160.0,-150.0,,0.494024991989
2016-01-10,23.3107683754,0.658509433011,2016-01-10,,,23.0,28.0,-160.0,-150.0,,0.494024991989
2016-01-11,23.4068058733,0.620025594125,2016-01-11,,,23.0,28.0,-160.0,-150.0,,0.494024991989
2016-01-12,23.4686308719,0.646014836475,2016-01-12,,,23.0,28.0,-160.0,-150.0,,0.494024991989
2016-01-13,23.5337308705,0.685188652489,2016-01-13,,,23.0,28.0,-160.0,-150.0,,0.494024991989
2016-01-14,23.5602558699,0.71407206008,2016-01-14,,,23.0,28.0,-160.0,-150.0,,0.494024991989
2016-01-15,23.3855058738,0.707904390282,2016-01-15,,,23.0,28.0,-160.0,-150.0,,0.494024991989
2016-01-16,23.4236933729,0.738283389767,2016-01-16,1.09808244601e-05,5.11592936804e-05,23.0,28.0,-160.0,-150.0,,0.494024991989
2016-01-17,23.3999933735,0.715101874247,2016-01-17,,,23.0,28.0,-160.0,-150.0,,0.494024991989
2016-01-18,23.331780875,0.76052804529,2016-01-18,,,23.0,28.0,-160.0,-150.0,,0.494024991989
2016-01-19,23.2898933759,0.7600103512,2016-01-19,,,23.0,28.0,-160.0,-150.0,,0.494024991989
2016-01-20,23.2328558772,0.787862972505,2016-01-20,,,23.0,28.0,-160.0,-150.0,,0.494024991989
2016-01-21,23.3512433745,0.842411257479,2016-01-21,,,23.0,28.0,-160.0,-150.0,,0.494024991989
2016-01-22,23.3220308752,0.788749550308,2016-01-22,,,23.0,28.0,-160.0,-150.0,,0.494024991989
2016-01-23,23.2017058779,0.730740306308,2016-01-23,8.4621665598e-06,3.02632382432e-05,23.0,28.0,-160.0,-150.0,,0.494024991989
2016-01-24,23.2755808762,0.698763351091,2016-01-24,,,23.0,28.0,-160.0,-150.0,,0.494024991989
2016-01-25,23.3197058752,0.711180878954,2016-01-25,,,23.0,28.0,-160.0,-150.0,,0.494024991989
2016-01-26,23.3132058754,0.79640856964,2016-01-26,,,23.0,28.0,-160.0,-150.0,,0.494024991989
2016-01-27,23.1482308791,0.733124023036,2016-01-27,,,23.0,28.0,-160.0,-150.0,,0.494024991989
2016-01-28,23.0858683805,0.725560133799,2016-01-28,,,23.0,28.0,-160.0,-150.0,,0.494024991989
2016-01-29,23.0282683818,0.788679444194,2016-01-29,,,23.0,28.0,-160.0,-150.0,,0.494024991989
2016-01-30,22.9367933838,0.806680170255,2016-01-30,9.77294239472e-05,0.00121435344462,23.0,28.0,-160.0,-150.0,,0.494024991989
2016-01-31,23.0710808808,0.7648585994,2016-01-31,,,23.0,28.0,-160.0,-150.0,,0.494024991989
2016-02-01,23.1824308783,0.765829305769,2016-02-01,,,23.0,28.0,-160.0,-150.0,,0.494024991989
2016-02-02,23.0124808821,0.817092226835,2016-02-02,,,23.0,28.0,-160.0,-150.0,,0.494024991989
2016-02-03,22.8503683857,0.763995382501,2016-02-03,,,23.0,28.0,-160.0,-150.0,,0.494024991989
2016-02-04,22.8604433855,0.708471375367,2016-02-04,,,23.0,28.0,-160.0,-150.0,,0.494024991989
2016-02-05,22.9615683833,0.720791871726,2016-02-05,,,23.0,28.0,-160.0,-150.0,,0.494024991989
2016-02-06,22.8853058849,0.732300456335,2016-02-06,0.00200130987896,0.0186253490232,23.0,28.0,-160.0,-150.0,,0.494024991989
2016-02-07,22.6880183894,0.808923368695,2016-02-07,,,23.0,28.0,-160.0,-150.0,,0.494024991989
2016-02-08,22.4285683952,0.862368706478,2016-02-08,,,23.0,28.0,-160.0,-150.0,,0.494024991989
2016-02-09,22.5106683933,0.860148289656,2016-02-09,,,23.0,28.0,-160.0,-150.0,,0.494024991989
2016-02-10,22.612993391,0.873975690615,2016-02-10,,,23.0,28.0,-160.0,-150.0,,0.494024991989
2016-02-11,22.7198808887,0.86773586745,2016-02-11,,,23.0,28.0,-160.0,-150.0,,0.494024991989
2016-02-12,22.7394308882,0.847264627039,2016-02-12,,,23.0,28.0,-160.0,-150.0,,0.494024991989
2016-02-13,22.7351308883,0.840956871727,2016-02-13,0.00283814604458,0.0193640809205,23.0,28.0,-160.0,-150.0,,0.494024991989
2016-02-14,22.6259433907,0.828289439822,2016-02-14,,,23.0,28.0,-160.0,-150.0,,0.494024991989
2016-02-15,22.8912433848,0.851235224197,2016-02-15,,,23.0,28.0,-160.0,-150.0,,0.494024991989
2016-02-16,22.8754808852,0.836889007027,2016-02-16,,,23.0,28.0,-160.0,-150.0,,0.494024991989
2016-02-17,22.7992933869,0.856833520484,2016-02-17,,,23.0,28.0,-160.0,-150.0,,0.494024991989
2016-02-18,22.792880887,0.852616971181,2016-02-18,,,23.0,28.0,-160.0,-150.0,,0.494024991989
2016-02-19,22.8168308865,0.832179365161,2016-02-19,,,23.0,28.0,-160.0,-150.0,,0.494024991989
2016-02-20,22.838630886,0.840125437389,2016-02-20,0.0017703514094,0.0105222375297,23.0,28.0,-160.0,-150.0,,0.494024991989
2016-02-21,22.8991558847,0.933646884695,2016-02-21,,,23.0,28.0,-160.0,-150.0,,0.494024991989
2016-02-22,22.6456933903,0.970433095808,2016-02-22,,,23.0,28.0,-160.0,-150.0,,0.494024991989
2016-02-23,22.4998058936,0.991569492538,2016-02-23,,,23.0,28.0,-160.0,-150.0,,0.494024991989
2016-02-24,22.4904683938,1.02546670101,2016-02-24,,,23.0,28.0,-160.0,-150.0,,0.494024991989
2016-02-25,22.5081058934,1.00798850092,2016-02-25,,,23.0,28.0,-160.0,-150.0,,0.494024991989
2016-02-26,22.4922308938,0.992677609129,2016-02-26,,,23.0,28.0,-160.0,-150.0,,0.494024991989
2016-02-27,22.5977058914,1.07761805214,2016-02-27,0.000325008219296,0.00155717069429,23.0,28.0,-160.0,-150.0,,0.494024991989
2016-02-28,22.6792183896,1.05881133879,2016-02-28,,,23.0,28.0,-160.0,-150.0,,0.494024991989
2016-02-29,22.6393808905,1.09708223619,2016-02-29,,,23.0,28.0,-160.0,-150.0,,0.494024991989
2016-03-01,22.5556058923,1.1067206551,2016-03-01,,,23.0,28.0,-160.0,-150.0,,0.494024991989
2016-03-02,22.3803558963,1.20143955337,2016-03-02,,,23.0,28.0,-160.0,-150.0,,0.494024991989
2016-03-03,22.3667808965,1.17632166473,2016-03-03,,,23.0,28.0,-160.0,-150.0,,0.494024991989
2016-03-04,22.4092058956,1.20214969748,2016-03-04,,,23.0,28.0,-160.0,-150.0,,0.494024991989
2016-03-05,22.4149183955,1.24085679375,2016-03-05,5.4543865096e-05,0.000160467424475,23.0,28.0,-160.0,-150.0,,0.494024991989
2016-03-06,22.6049683912,1.17879170114,2016-03-06,,,23.0,28.0,-160.0,-150.0,,0.494024991989
2016-03-07,22.7779558873,1.15878995349,2016-03-07,,,23.0,28.0,-160.0,-150.0,,0.494024991989
2016-03-08,22.8336308861,1.1870010721,2016-03-08,,,23.0,28.0,-160.0,-150.0,,0.494024991989
2016-03-09,22.6081558912,1.35795930835,2016-03-09,,,23.0,28.0,-160.0,-150.0,,0.494024991989
2016-03-10,22.435968395,1.33322872892,2016-03-10,,,23.0,28.0,-160.0,-150.0,,0.494024991989
2016-03-11,22.4049808957,1.21592301147,2016-03-11,,,23.0,28.0,-160.0,-150.0,,0.494024991989
2016-03-12,22.5093308934,1.17676786264,2016-03-12,3.26755799147e-05,0.000127120288149,23.0,28.0,-160.0,-150.0,,0.494024991989
2016-03-13,22.6287058907,1.17792031807,2016-03-13,,,23.0,28.0,-160.0,-150.0,,0.494024991989
2016-03-14,22.6825308895,1.141855363,2016-03-14,,,23.0,28.0,-160.0,-150.0,,0.494024991989
2016-03-15,22.6738433897,1.10030573676,2016-03-15,,,23.0,28.0,-160.0,-150.0,,0.494024991989
2016-03-16,22.5346683928,1.15803254866,2016-03-16,,,23.0,28.0,-160.0,-150.0,,0.494024991989
2016-03-17,22.2749308986,1.23378268052,2016-03-17,,,23.0,28.0,-160.0,-150.0,,0.494024991989
2016-03-18,22.2929558982,1.22644057216,2016-03-18,,,23.0,28.0,-160.0,-150.0,,0.494024991989
2016-03-19,22.3299808974,1.16572862115,2016-03-19,5.06716698148e-05,0.000337473688082,23.0,28.0,-160.0,-150.0,,0.494024991989
2016-03-20,22.3056433979,1.11226871726,2016-03-20,,,23.0,28.0,-160.0,-150.0,,0.494024991989
2016-03-21,22.2859183983,1.0807313809,2016-03-21,,,23.0,28.0,-160.0,-150.0,,0.494024991989
2016-03-22,22.4899558938,1.04550761956,2016-03-22,,,23.0,28.0,-160.0,-150.0,,0.494024991989
2016-03-23,22.6568058901,1.09068357008,2016-03-23,,,23.0,28.0,-160.0,-150.0,,0.494024991989
2016-03-24,22.7319933884,1.05790697085,2016-03-24,,,23.0,28.0,-160.0,-150.0,,0.494024991989
2016-03-25,22.7610433877,1.03699532236,2016-03-25,,,23.0,28.0,-160.0,-150.0,,0.494024991989
2016-03-26,22.8520808857,1.06501927177,2016-03-26,0.000449128635245,0.00566357291717,23.0,28.0,-160.0,-150.0,,0.494024991989
2016-03-27,23.0105058822,1.04074576803,2016-03-27,,,23.0,28.0,-160.0,-150.0,,0.494024991989
2016-03-28,23.1386433793,1.0510668652,2016-03-28,,,23.0,28.0,-160.0,-150.0,,0.494024991989
2016-03-29,22.929143384,1.07666196041,2016-03-29,,,23.0,28.0,-160.0,-150.0,,0.494024991989
2016-03-30,22.5951683914,1.24363144635,2016-03-30,,,23.0,28.0,-160.0,-150.0,,0.494024991989
2016-03-31,22.614243391,1.2816067099,2016-03-31,,,23.0,28.0,-160.0,-150.0,,0.494024991989
2016-04-01,22.9098558844,1.32987254216,2016-04-01,,,23.0,28.0,-160.0,-150.0,,0.494024991989
2016-04-02,23.0715558808,1.4006733035,2016-04-02,0.00124233462686,0.00930587860454,23.0,28.0,-160.0,-150.0,,0.494024991989
2016-04-03,23.152555879,1.3402228266,2016-04-03,,,23.0,28.0,-160.0,-150.0,,0.494024991989
2016-04-04,23.2326433772,1.23424820045,2016-04-04,,,23.0,28.0,-160.0,-150.0,,0.494024991989
2016-04-05,23.1385808793,1.32792216363,2016-04-05,,,23.0,28.0,-160.0,-150.0,,0.494024991989
2016-04-06,23.1385808793,1.32792216363,2016-04-06,,,23.0,28.0,-160.0,-150.0,,0.494024991989
2016-04-07,22.792755887,1.32542402696,2016-04-07,,,23.0,28.0,-160.0,-150.0,,0.494024991989
2016-04-08,22.8048183868,1.18409184553,2016-04-08,,,23.0,28.0,-160.0,-150.0,,0.494024991989
2016-04-09,22.8557308856,1.16180630408,2016-04-09,0.000311370524263,0.00163401556919,23.0,28.0,-160.0,-150.0,,0.494024991989
2016-04-10,22.9503308835,1.12491566292,2016-04-10,,,23.0,28.0,-160.0,-150.0,,0.494024991989
2016-04-11,22.9462683836,1.11240814633,2016-04-11,,,23.0,28.0,-160.0,-150.0,,0.494024991989
2016-04-12,22.8561933856,1.09307400031,2016-04-12,,,23.0,28.0,-160.0,-150.0,,0.494024991989
2016-04-13,22.8433933859,1.01900385412,2016-04-13,,,23.0,28.0,-160.0,-150.0,,0.494024991989
2016-04-14,22.9052933845,0.983282346063,2016-04-14,,,23.0,28.0,-160.0,-150.0,,0.494024991989
2016-04-15,22.8672058854,0.979418009128,2016-04-15,,,23.0,28.0,-160.0,-150.0,,0.494024991989
2016-04-16,22.9249933841,0.966598856804,2016-04-16,7.25630936862e-05,0.00060030077736,23.0,28.0,-160.0,-150.0,,0.494024991989
2016-04-17,22.9473308836,1.02208515401,2016-04-17,,,23.0,28.0,-160.0,-150.0,,0.494024991989
2016-04-18,22.7817558873,1.15754453282,2016-04-18,,,23.0,28.0,-160.0,-150.0,,0.494024991989
2016-04-19,22.750918388,0.995967891128,2016-04-19,,,23.0,28.0,-160.0,-150.0,,0.494024991989
2016-04-20,22.8680683854,0.902444466733,2016-04-20,,,23.0,28.0,-160.0,-150.0,,0.494024991989
2016-04-21,22.9494433835,0.867906672033,2016-04-21,,,23.0,28.0,-160.0,-150.0,,0.494024991989
2016-04-22,23.0646433809,0.785632466813,2016-04-22,,,23.0,28.0,-160.0,-150.0,,0.494024991989
2016-04-23,23.0421058815,0.761055446882,2016-04-23,0.000107905264862,0.0011401399743,23.0,28.0,-160.0,-150.0,,0.494024991989
2016-04-24,23.1715808786,0.663024952647,2016-04-24,,,23.0,28.0,-160.0,-150.0,,0.494024991989
2016-04-25,23.4354433727,0.573134265629,2016-04-25,,,23.0,28.0,-160.0,-150.0,,0.494024991989
2016-04-26,23.7181308663,0.513942180617,2016-04-26,,,23.0,28.0,-160.0,-150.0,,0.494024991989
2016-04-27,23.7940933646,0.504893875868,2016-04-27,,,23.0,28.0,-160.0,-150.0,,0.494024991989
2016-04-28,23.7627808654,0.500300879342,2016-04-28,,,23.0,28.0,-160.0,-150.0,,0.494024991989
2016-04-29,23.6785933672,0.518896275437,2016-04-29,,,23.0,28.0,-160.0,-150.0,,0.494024991989
2016-04-30,23.7892683648,0.527294757842,2016-04-30,1.47455000907e-05,0.000100186852972,23.0,28.0,-160.0,-150.0,,0.494024991989
2016-05-01,23.8606183632,0.545745952223,2016-05-01,,,23.0,28.0,-160.0,-150.0,,0.494024991989
2016-05-02,23.9080933621,0.657999677162,2016-05-02,,,23.0,28.0,-160.0,-150.0,,0.494024991989
2016-05-03,23.8186808641,0.726991936222,2016-05-03,,,23.0,28.0,-160.0,-150.0,,0.494024991989
2016-05-04,23.7591683654,0.71444512482,2016-05-04,,,23.0,28.0,-160.0,-150.0,,0.494024991989
2016-05-05,23.8138808642,0.716398473526,2016-05-05,,,23.0,28.0,-160.0,-150.0,,0.494024991989
2016-05-06,23.8803433627,0.720014326345,2016-05-06,,,23.0,28.0,-160.0,-150.0,,0.494024991989
2016-05-07,23.8432933635,0.726893254669,2016-05-07,3.66601374886e-05,0.000345308719213,23.0,28.0,-160.0,-150.0,,0.494024991989
2016-05-08,23.5436433702,0.891433092389,2016-05-08,,,23.0,28.0,-160.0,-150.0,,0.494024991989
2016-05-09,23.5924308692,0.839292957189,2016-05-09,,,23.0,28.0,-160.0,-150.0,,0.494024991989
2016-05-10,23.6023683689,0.842226221968,2016-05-10,,,23.0,28.0,-160.0,-150.0,,0.494024991989
2016-05-11,23.5739058696,0.88544991914,2016-05-11,,,23.0,28.0,-160.0,-150.0,,0.494024991989
2016-05-12,23.4680183719,0.915748904999,2016-05-12,,,23.0,28.0,-160.0,-150.0,,0.494024991989
2016-05-13,23.5616808698,0.857268412411,2016-05-13,,,23.0,28.0,-160.0,-150.0,,0.494024991989
2016-05-14,23.7473058657,0.855499543548,2016-05-14,9.53633618636e-05,0.000666338187077,23.0,28.0,-160.0,-150.0,,0.494024991989
2016-05-15,23.868780863,0.772243697687,2016-05-15,,,23.0,28.0,-160.0,-150.0,,0.494024991989
2016-05-16,24.0590058587,0.672882488386,2016-05-16,,,23.0,28.0,-160.0,-150.0,,0.494024991989
2016-05-17,24.137968357,0.62790541746,2016-05-17,,,23.0,28.0,-160.0,-150.0,,0.494024991989
2016-05-18,23.9712433607,0.571986567756,2016-05-18,,,23.0,28.0,-160.0,-150.0,,0.494024991989
2016-05-19,23.9162433619,0.608587417142,2016-05-19,,,23.0,28.0,-160.0,-150.0,,0.494024991989
2016-05-20,23.9379558614,0.593929413337,2016-05-20,,,23.0,28.0,-160.0,-150.0,,0.494024991989
2016-05-21,23.9519183611,0.582266538735,2016-05-21,1.600153826e-05,8.48923678676e-05,23.0,28.0,-160.0,-150.0,,0.494024991989
2016-05-22,23.9390433614,0.557373452088,2016-05-22,,,23.0,28.0,-160.0,-150.0,,0.494024991989
2016-05-23,24.0161683597,0.571882344994,2016-05-23,,,23.0,28.0,-160.0,-150.0,,0.494024991989
2016-05-24,24.1171683575,0.573184682761,2016-05-24,,,23.0,28.0,-160.0,-150.0,,0.494024991989
2016-05-25,24.1492808567,0.550549029689,2016-05-25,,,23.0,28.0,-160.0,-150.0,,0.494024991989
2016-05-26,24.3107683531,0.523835749059,2016-05-26,,,23.0,28.0,-160.0,-150.0,,0.494024991989
2016-05-27,24.5049558488,0.500954520578,2016-05-27,,,23.0,28.0,-160.0,-150.0,,0.494024991989
2016-05-28,24.6454808456,0.503468570801,2016-05-28,2.23681192767e-06,7.69154680748e-06,23.0,28.0,-160.0,-150.0,,0.494024991989
2016-05-29,24.7505933433,0.525575079429,2016-05-29,,,23.0,28.0,-160.0,-150.0,,0.494024991989
2016-05-30,24.7797558426,0.609292293048,2016-05-30,,,23.0,28.0,-160.0,-150.0,,0.494024991989
2016-05-31,24.6256933461,0.720122355669,2016-05-31,,,23.0,28.0,-160.0,-150.0,,0.494024991989
2016-06-01,24.4972308489,0.62805636251,2016-06-01,,,23.0,28.0,-160.0,-150.0,,0.494024991989
2016-06-02,24.5532183477,0.62862731178,2016-06-02,,,23.0,28.0,-160.0,-150.0,,0.494024991989
2016-06-03,24.6051808465,0.637593800162,2016-06-03,,,23.0,28.0,-160.0,-150.0,,0.494024991989
2016-06-04,24.6670558451,0.711661999818,2016-06-04,1.35450077062e-06,3.60893372559e-06,23.0,28.0,-160.0,-150.0,,0.494024991989
2016-06-05,24.673093345,0.695657813265,2016-06-05,,,23.0,28.0,-160.0,-150.0,,0.494024991989
2016-06-06,24.629855846,0.666650294013,2016-06-06,,,23.0,28.0,-160.0,-150.0,,0.494024991989
2016-06-07,24.6062183465,0.656928210281,2016-06-07,,,23.0,28.0,-160.0,-150.0,,0.494024991989
2016-06-08,24.5731933472,0.642500973494,2016-06-08,,,23.0,28.0,-160.0,-150.0,,0.494024991989
2016-06-09,24.5245058483,0.69772093901,2016-06-09,,,23.0,28.0,-160.0,-150.0,,0.494024991989
2016-06-10,24.4643808497,0.672125207876,2016-06-10,,,23.0,28.0,-160.0,-150.0,,0.494024991989
2016-06-11,24.4749433494,0.638717997355,2016-06-11,1.37553612809e-06,3.92708234595e-06,23.0,28.0,-160.0,-150.0,,0.494024991989
2016-06-12,24.5327683481,0.672799080292,2016-06-12,,,23.0,28.0,-160.0,-150.0,,0.494024991989
2016-06-13,24.5795433471,0.661913657543,2016-06-13,,,23.0,28.0,-160.0,-150.0,,0.494024991989
2016-06-14,24.7452683434,0.70225002403,2016-06-14,,,23.0,28.0,-160.0,-150.0,,0.494024991989
2016-06-15,24.6765183449,0.668041356136,2016-06-15,,,23.0,28.0,-160.0,-150.0,,0.494024991989
2016-06-16,24.7363933436,0.646799589086,2016-06-16,,,23.0,28.0,-160.0,-150.0,,0.494024991989
2016-06-17,24.6904058446,0.584842064055,2016-06-17,,,23.0,28.0,-160.0,-150.0,,0.494024991989
2016-06-18,24.6936433445,0.54318203461,2016-06-18,1.28247508448e-06,3.36922496134e-06,23.0,28.0,-160.0,-150.0,,0.494024991989
2016-06-19,24.7452183434,0.526674395996,2016-06-19,,,23.0,28.0,-160.0,-150.0,,0.494024991989
2016-06-20,24.7877058424,0.557674079487,2016-06-20,,,23.0,28.0,-160.0,-150.0,,0.494024991989
2016-06-21,24.8235933416,0.570977052031,2016-06-21,,,23.0,28.0,-160.0,-150.0,,0.494024991989
2016-06-22,24.850968341,0.572028238043,2016-06-22,,,23.0,28.0,-160.0,-150.0,,0.494024991989
2016-06-23,24.8657308407,0.636869642603,2016-06-23,,,23.0,28.0,-160.0,-150.0,,0.494024991989
2016-06-24,24.850993341,0.66435528164,2016-06-24,,,23.0,28.0,-160.0,-150.0,,0.494024991989
2016-06-25,24.8278058415,0.699209507532,2016-06-25,6.4807891414e-07,6.10491478435e-07,23.0,28.0,-160.0,-150.0,,0.494024991989
2016-06-26,24.8036683421,0.670664568157,2016-06-26,,,23.0,28.0,-160.0,-150.0,,0.494024991989
2016-06-27,24.8162433418,0.655217754809,2016-06-27,,,23.0,28.0,-160.0,-150.0,,0.494024991989
2016-06-28,24.8214058417,0.642766713289,2016-06-28,,,23.0,28.0,-160.0,-150.0,,0.494024991989
2016-06-29,24.7733808428,0.642246628917,2016-06-29,,,23.0,28.0,-160.0,-150.0,,0.494024991989
2016-06-30,24.8176933418,0.628384656443,2016-06-30,,,23.0,28.0,-160.0,-150.0,,0.494024991989
2016-07-01,24.7904183424,0.731560675378,2016-07-01,,,23.0,28.0,-160.0,-150.0,,0.494024991989
2016-07-02,24.9486058388,0.683637242112,2016-07-02,5.35531380819e-07,2.35961143461e-07,23.0,28.0,-160.0,-150.0,,0.494024991989
2016-07-03,24.9754433383,0.669922960808,2016-07-03,,,23.0,28.0,-160.0,-150.0,,0.494024991989
2016-07-04,24.984330838,0.645734472292,2016-07-04,,,23.0,28.0,-160.0,-150.0,,0.494024991989
2016-07-05,25.0090933375,0.582479207686,2016-07-05,,,23.0,28.0,-160.0,-150.0,,0.494024991989
2016-07-06,25.0632433363,0.603725124754,2016-07-06,,,23.0,28.0,-160.0,-150.0,,0.494024991989
2016-07-07,25.122430835,0.628566253755,2016-07-07,,,23.0,28.0,-160.0,-150.0,,0.494024991989
2016-07-08,25.1599058341,0.563108752834,2016-07-08,,,23.0,28.0,-160.0,-150.0,,0.494024991989
2016-07-09,25.1710308339,0.543312083835,2016-07-09,5.70647354763e-07,5.16189226083e-07,23.0,28.0,-160.0,-150.0,,0.494024991989
2016-07-10,25.1585683341,0.571982875849,2016-07-10,,,23.0,28.0,-160.0,-150.0,,0.494024991989
2016-07-11,25.208155833,0.516290064754,2016-07-11,,,23.0,28.0,-160.0,-150.0,,0.494024991989
2016-07-12,25.2681558317,0.503455133168,2016-07-12,,,23.0,28.0,-160.0,-150.0,,0.494024991989
2016-07-13,25.2703808317,0.498471218524,2016-07-13,,,23.0,28.0,-160.0,-150.0,,0.494024991989
2016-07-14,25.3804183292,0.510118696093,2016-07-14,,,23.0,28.0,-160.0,-150.0,,0.494024991989
2016-07-15,25.5109183263,0.550378530197,2016-07-15,,,23.0,28.0,-160.0,-150.0,,0.494024991989
2016-07-16,25.5286433259,0.577388850753,2016-07-16,6.08408710194e-07,2.63924383746e-07,23.0,28.0,-160.0,-150.0,,0.494024991989
2016-07-17,25.4404183278,0.565017354492,2016-07-17,,,23.0,28.0,-160.0,-150.0,,0.494024991989
2016-07-18,25.34275583,0.520410429619,2016-07-18,,,23.0,28.0,-160.0,-150.0,,0.494024991989
2016-07-19,25.4068808286,0.518606658676,2016-07-19,,,23.0,28.0,-160.0,-150.0,,0.494024991989
2016-07-20,25.4293058281,0.545050905602,2016-07-20,,,23.0,28.0,-160.0,-150.0,,0.494024991989
2016-07-21,25.4059683286,0.603231832672,2016-07-21,,,23.0,28.0,-160.0,-150.0,,0.494024991989
2016-07-22,25.4628933273,0.651961185764,2016-07-22,,,23.0,28.0,-160.0,-150.0,,0.494024991989
2016-07-23,25.4963183266,0.590836770101,2016-07-23,5.18377394235e-07,5.57846143962e-08,23.0,28.0,-160.0,-150.0,,0.494024991989
2016-07-24,25.4714933272,0.537534572242,2016-07-24,,,23.0,28.0,-160.0,-150.0,,0.494024991989
2016-07-25,25.5453183255,0.571282403282,2016-07-25,,,23.0,28.0,-160.0,-150.0,,0.494024991989
2016-07-26,25.6337683235,0.544171286565,2016-07-26,,,23.0,28.0,-160.0,-150.0,,0.494024991989
2016-07-27,25.6770558226,0.556660192989,2016-07-27,,,23.0,28.0,-160.0,-150.0,,0.494024991989
2016-07-28,25.5847808246,0.577364596518,2016-07-28,,,23.0,28.0,-160.0,-150.0,,0.494024991989
2016-07-29,25.4375808279,0.539441181067,2016-07-29,,,23.0,28.0,-160.0,-150.0,,0.494024991989
2016-07-30,25.3643433296,0.51884203935,2016-07-30,5.11066119879e-07,7.52790536035e-08,23.0,28.0,-160.0,-150.0,,0.494024991989
2016-07-31,25.3390183301,0.507096116105,2016-07-31,,,23.0,28.0,-160.0,-150.0,,0.494024991989
2016-08-01,25.3520558298,0.551064603995,2016-08-01,,,23.0,28.0,-160.0,-150.0,,0.494024991989
2016-08-02,25.3854933291,0.552885013953,2016-08-02,,,23.0,28.0,-160.0,-150.0,,0.494024991989
2016-08-03,25.4025808287,0.495718508757,2016-08-03,,,23.0,28.0,-160.0,-150.0,,0.494024991989
2016-08-04,25.4603058274,0.508122279707,2016-08-04,,,23.0,28.0,-160.0,-150.0,,0.494024991989
2016-08-05,25.5417433256,0.535614393172,2016-08-05,,,23.0,28.0,-160.0,-150.0,,0.494024991989
2016-08-06,25.5715808249,0.514513603641,2016-08-06,5.62974732698e-07,1.59238428254e-07,23.0,28.0,-160.0,-150.0,,0.494024991989
2016-08-07,25.656455823,0.431997836123,2016-08-07,,,23.0,28.0,-160.0,-150.0,,0.494024991989
2016-08-08,25.7145308217,0.457150697473,2016-08-08,,,23.0,28.0,-160.0,-150.0,,0.494024991989
2016-08-09,25.7222058215,0.494233297253,2016-08-09,,,23.0,28.0,-160.0,-150.0,,0.494024991989
2016-08-10,25.7962433199,0.503487637309,2016-08-10,,,23.0,28.0,-160.0,-150.0,,0.494024991989
2016-08-11,25.8131933195,0.488491841997,2016-08-11,,,23.0,28.0,-160.0,-150.0,,0.494024991989
2016-08-12,25.8613058184,0.458294321442,2016-08-12,,,23.0,28.0,-160.0,-150.0,,0.494024991989
2016-08-13,25.7213183216,0.512640940187,2016-08-13,4.9685983909e-07,8.4622891823e-08,23.0,28.0,-160.0,-150.0,,0.494024991989
2016-08-14,25.565205825,0.520629918599,2016-08-14,,,23.0,28.0,-160.0,-150.0,,0.494024991989
2016-08-15,25.5320558258,0.531842720487,2016-08-15,,,23.0,28.0,-160.0,-150.0,,0.494024991989
2016-08-16,25.5410683256,0.525072812936,2016-08-16,,,23.0,28.0,-160.0,-150.0,,0.494024991989
2016-08-17,25.4528433276,0.494841592659,2016-08-17,,,23.0,28.0,-160.0,-150.0,,0.494024991989
2016-08-18,25.4726683271,0.484568976268,2016-08-18,,,23.0,28.0,-160.0,-150.0,,0.494024991989
2016-08-19,25.4117933285,0.494946931146,2016-08-19,,,23.0,28.0,-160.0,-150.0,,0.494024991989
2016-08-20,25.4067558286,0.508977607349,2016-08-20,4.95776335979e-07,6.10149341084e-08,23.0,28.0,-160.0,-150.0,,0.494024991989
2016-08-21,25.4965933266,0.510699957327,2016-08-21,,,23.0,28.0,-160.0,-150.0,,0.494024991989
2016-08-22,25.6497683232,0.499401833162,2016-08-22,,,23.0,28.0,-160.0,-150.0,,0.494024991989
2016-08-23,25.7690058205,0.469011038498,2016-08-23,,,23.0,28.0,-160.0,-150.0,,0.494024991989
2016-08-24,25.7679933205,0.447883903506,2016-08-24,,,23.0,28.0,-160.0,-150.0,,0.494024991989
2016-08-25,25.7333058213,0.452839621538,2016-08-25,,,23.0,28.0,-160.0,-150.0,,0.494024991989
2016-08-26,25.7426433211,0.472448915244,2016-08-26,,,23.0,28.0,-160.0,-150.0,,0.494024991989
2016-08-27,25.745855821,0.477227596283,2016-08-27,4.8481103144e-07,6.13534277826e-08,23.0,28.0,-160.0,-150.0,,0.494024991989
2016-08-28,25.79149332,0.486111221416,2016-08-28,,,23.0,28.0,-160.0,-150.0,,0.494024991989
2016-08-29,25.79214332,0.491213018466,2016-08-29,,,23.0,28.0,-160.0,-150.0,,0.494024991989
2016-08-30,25.7758058204,0.497057503215,2016-08-30,,,23.0,28.0,-160.0,-150.0,,0.494024991989
2016-08-31,25.7749558204,0.491988367223,2016-08-31,,,23.0,28.0,-160.0,-150.0,,0.494024991989
2016-09-01,25.8543433186,0.487563292646,2016-09-01,,,23.0,28.0,-160.0,-150.0,,0.494024991989
2016-09-02,25.8611558185,0.49671916108,2016-09-02,,,23.0,28.0,-160.0,-150.0,,0.494024991989
2016-09-03,25.8897558178,0.478072169891,2016-09-03,5.79704626774e-07,1.19174661605e-07,23.0,28.0,-160.0,-150.0,,0.494024991989
2016-09-04,25.8610558184,0.494268765137,2016-09-04,,,23.0,28.0,-160.0,-150.0,,0.494024991989
2016-09-05,25.8095683196,0.463949751035,2016-09-05,,,23.0,28.0,-160.0,-150.0,,0.494024991989
2016-09-06,25.8111433196,0.463371135176,2016-09-06,,,23.0,28.0,-160.0,-150.0,,0.494024991989
2016-09-07,25.834743319,0.457552314826,2016-09-07,,,23.0,28.0,-160.0,-150.0,,0.494024991989
2016-09-08,25.8205683193,0.436443885221,2016-09-08,,,23.0,28.0,-160.0,-150.0,,0.494024991989
2016-09-09,25.8114558195,0.448425114673,2016-09-09,,,23.0,28.0,-160.0,-150.0,,0.494024991989
2016-09-10,25.79063082,0.467970837441,2016-09-10,5.43049458669e-07,5.84095154167e-08,23.0,28.0,-160.0,-150.0,,0.494024991989
2016-09-11,25.8300183191,0.489162128717,2016-09-11,,,23.0,28.0,-160.0,-150.0,,0.494024991989
2016-09-12,25.9054308175,0.491718702,2016-09-12,,,23.0,28.0,-160.0,-150.0,,0.494024991989
2016-09-13,26.0097308151,0.52914439035,2016-09-13,,,23.0,28.0,-160.0,-150.0,,0.494024991989
2016-09-14,26.0398433145,0.526213683958,2016-09-14,,,23.0,28.0,-160.0,-150.0,,0.494024991989
2016-09-15,25.9599183162,0.485655547146,2016-09-15,,,23.0,28.0,-160.0,-150.0,,0.494024991989
2016-09-16,25.8947808177,0.503918754509,2016-09-16,,,23.0,28.0,-160.0,-150.0,,0.494024991989
2016-09-17,25.8675308183,0.530079738534,2016-09-17,5.77632190407e-07,5.38326474684e-08,23.0,28.0,-160.0,-150.0,,0.494024991989
2016-09-18,25.8769433181,0.563302156911,2016-09-18,,,23.0,28.0,-160.0,-150.0,,0.494024991989
2016-09-19,25.9116808173,0.572739295447,2016-09-19,,,23.0,28.0,-160.0,-150.0,,0.494024991989
2016-09-20,25.9071183174,0.502623378806,2016-09-20,,,23.0,28.0,-160.0,-150.0,,0.494024991989
2016-09-21,25.8174558194,0.490042194151,2016-09-21,,,23.0,28.0,-160.0,-150.0,,0.494024991989
2016-09-22,25.6833308224,0.508534151553,2016-09-22,,,23.0,28.0,-160.0,-150.0,,0.494024991989
2016-09-23,25.748468321,0.48648046504,2016-09-23,,,23.0,28.0,-160.0,-150.0,,0.494024991989
2016-09-24,25.8318058191,0.560199388624,2016-09-24,5.64122473425e-07,9.61651263161e-08,23.0,28.0,-160.0,-150.0,,0.494024991989
2016-09-25,25.9441558166,0.540242642911,2016-09-25,,,23.0,28.0,-160.0,-150.0,,0.494024991989
2016-09-26,25.9909683155,0.463323186614,2016-09-26,,,23.0,28.0,-160.0,-150.0,,0.494024991989
2016-09-27,25.9684058161,0.431204438898,2016-09-27,,,23.0,28.0,-160.0,-150.0,,0.494024991989
2016-09-28,25.926180817,0.450570302811,2016-09-28,,,23.0,28.0,-160.0,-150.0,,0.494024991989
2016-09-29,25.8592558185,0.482226345735,2016-09-29,,,23.0,28.0,-160.0,-150.0,,0.494024991989
2016-09-30,25.8268808192,0.501933608934,2016-09-30,,,23.0,28.0,-160.0,-150.0,,0.494024991989
2016-10-01,25.8158683195,0.491816864658,2016-10-01,6.52810299116e-07,8.9842383125e-08,23.0,28.0,-160.0,-150.0,,0.494024991989
2016-10-02,25.7848808202,0.474093274413,2016-10-02,,,23.0,28.0,-160.0,-150.0,,0.494024991989
2016-10-03,25.7627433207,0.505050265648,2016-10-03,,,23.0,28.0,-160.0,-150.0,,0.494024991989
2016-10-04,25.8936433177,0.503919969186,2016-10-04,,,23.0,28.0,-160.0,-150.0,,0.494024991989
2016-10-05,25.9836183157,0.470269913705,2016-10-05,,,23.0,28.0,-160.0,-150.0,,0.494024991989
2016-10-06,26.0189308149,0.454460289308,2016-10-06,,,23.0,28.0,-160.0,-150.0,,0.494024991989
2016-10-07,26.1377808123,0.43195828093,2016-10-07,,,23.0,28.0,-160.0,-150.0,,0.494024991989
2016-10-08,26.1525308119,0.540940564107,2016-10-08,5.92690276963e-07,6.43949478486e-08,23.0,28.0,-160.0,-150.0,,0.494024991989
2016-10-09,26.059318314,0.558649838883,2016-10-09,,,23.0,28.0,-160.0,-150.0,,0.494024991989
2016-10-10,25.9470183165,0.515395409414,2016-10-10,,,23.0,28.0,-160.0,-150.0,,0.494024991989
2016-10-11,25.9834808157,0.505041121223,2016-10-11,,,23.0,28.0,-160.0,-150.0,,0.494024991989
2016-10-12,25.9213058171,0.478849415838,2016-10-12,,,23.0,28.0,-160.0,-150.0,,0.494024991989
2016-10-13,25.8915558178,0.483462090153,2016-10-13,,,23.0,28.0,-160.0,-150.0,,0.494024991989
2016-10-14,25.8136558195,0.449551245641,2016-10-14,,,23.0,28.0,-160.0,-150.0,,0.494024991989
2016-10-15,25.8591558185,0.415606577075,2016-10-15,6.67419385536e-07,7.46909637577e-08,23.0,28.0,-160.0,-150.0,,0.494024991989
2016-10-16,25.9123808173,0.414042517372,2016-10-16,,,23.0,28.0,-160.0,-150.0,,0.494024991989
2016-10-17,25.8788058181,0.480665427914,2016-10-17,,,23.0,28.0,-160.0,-150.0,,0.494024991989
2016-10-18,25.8669933183,0.474371716701,2016-10-18,,,23.0,28.0,-160.0,-150.0,,0.494024991989
2016-10-19,25.8561683186,0.428340934459,2016-10-19,,,23.0,28.0,-160.0,-150.0,,0.494024991989
2016-10-20,25.8716183182,0.425930008039,2016-10-20,,,23.0,28.0,-160.0,-150.0,,0.494024991989
2016-10-21,25.8414058189,0.457002116176,2016-10-21,,,23.0,28.0,-160.0,-150.0,,0.494024991989
2016-10-22,25.8011308198,0.406193691932,2016-10-22,7.70194474939e-07,6.52572875029e-08,23.0,28.0,-160.0,-150.0,,0.494024991989
2016-10-23,25.7755558204,0.38905800919,2016-10-23,,,23.0,28.0,-160.0,-150.0,,0.494024991989
2016-10-24,25.6407308234,0.407821003769,2016-10-24,,,23.0,28.0,-160.0,-150.0,,0.494024991989
2016-10-25,25.566555825,0.405448253927,2016-10-25,,,23.0,28.0,-160.0,-150.0,,0.494024991989
2016-10-26,25.5824433247,0.384469455023,2016-10-26,,,23.0,28.0,-160.0,-150.0,,0.494024991989
2016-10-27,25.5813558247,0.38439362646,2016-10-27,,,23.0,28.0,-160.0,-150.0,,0.494024991989
2016-10-28,25.5555683253,0.394331121919,2016-10-28,,,23.0,28.0,-160.0,-150.0,,0.494024991989
2016-10-29,25.3834558291,0.420957699688,2016-10-29,9.20715927073e-07,6.96800806626e-08,23.0,28.0,-160.0,-150.0,,0.494024991989
2016-10-30,25.3054433309,0.447027494182,2016-10-30,,,23.0,28.0,-160.0,-150.0,,0.494024991989
2016-10-31,25.3241683304,0.442307138914,2016-10-31,,,23.0,28.0,-160.0,-150.0,,0.494024991989
2016-11-01,25.3840308291,0.468047967572,2016-11-01,,,23.0,28.0,-160.0,-150.0,,0.494024991989
2016-11-02,25.3825433291,0.47398714881,2016-11-02,,,23.0,28.0,-160.0,-150.0,,0.494024991989
2016-11-03,25.2915558312,0.448013191123,2016-11-03,,,23.0,28.0,-160.0,-150.0,,0.494024991989
2016-11-04,25.2830558314,0.440532431787,2016-11-04,,,23.0,28.0,-160.0,-150.0,,0.494024991989
2016-11-05,25.2400808323,0.421429546887,2016-11-05,9.61261051264e-07,7.23165814261e-08,23.0,28.0,-160.0,-150.0,,0.494024991989
2016-11-06,25.300043331,0.368869655097,2016-11-06,,,23.0,28.0,-160.0,-150.0,,0.494024991989
2016-11-07,25.4049308286,0.420555075361,2016-11-07,,,23.0,28.0,-160.0,-150.0,,0.494024991989
2016-11-08,25.3471308299,0.448569046902,2016-11-08,,,23.0,28.0,-160.0,-150.0,,0.494024991989
2016-11-09,25.2479058321,0.516239415735,2016-11-09,,,23.0,28.0,-160.0,-150.0,,0.494024991989
2016-11-10,25.1147683351,0.513396199029,2016-11-10,,,23.0,28.0,-160.0,-150.0,,0.494024991989
2016-11-11,25.0619808363,0.572246444032,2016-11-11,,,23.0,28.0,-160.0,-150.0,,0.494024991989
2016-11-12,25.2259058327,0.553271443582,2016-11-12,1.05951465764e-06,2.28947237563e-07,23.0,28.0,-160.0,-150.0,,0.494024991989
2016-11-13,25.255668332,0.516582863428,2016-11-13,,,23.0,28.0,-160.0,-150.0,,0.494024991989
2016-11-14,25.1907308334,0.485898592647,2016-11-14,,,23.0,28.0,-160.0,-150.0,,0.494024991989
2016-11-15,24.9798933381,0.463946967735,2016-11-15,,,23.0,28.0,-160.0,-150.0,,0.494024991989
2016-11-16,24.9736808383,0.421323998609,2016-11-16,,,23.0,28.0,-160.0,-150.0,,0.494024991989
2016-11-17,24.9101308397,0.395791501617,2016-11-17,,,23.0,28.0,-160.0,-150.0,,0.494024991989
2016-11-18,24.7539558432,0.451209654363,2016-11-18,,,23.0,28.0,-160.0,-150.0,,0.494024991989
2016-11-19,24.6873308447,0.465734003073,2016-11-19,1.4664318458e-06,3.62014762407e-07,23.0,28.0,-160.0,-150.0,,0.494024991989
2016-11-20,24.6388183458,0.49098415495,2016-11-20,,,23.0,28.0,-160.0,-150.0,,0.494024991989
2016-11-21,24.6244558461,0.492540806247,2016-11-21,,,23.0,28.0,-160.0,-150.0,,0.494024991989
2016-11-22,24.6120058464,0.476884512473,2016-11-22,,,23.0,28.0,-160.0,-150.0,,0.494024991989
2016-11-23,24.4991058489,0.455626296683,2016-11-23,,,23.0,28.0,-160.0,-150.0,,0.494024991989
2016-11-24,24.3875058514,0.491162118707,2016-11-24,,,23.0,28.0,-160.0,-150.0,,0.494024991989
2016-11-25,24.3848308514,0.48666442838,2016-11-25,,,23.0,28.0,-160.0,-150.0,,0.494024991989
2016-11-26,24.3506058522,0.470754184088,2016-11-26,2.12234138592e-06,2.42970076504e-06,23.0,28.0,-160.0,-150.0,,0.494024991989
2016-11-27,24.2911058535,0.485783242303,2016-11-27,,,23.0,28.0,-160.0,-150.0,,0.494024991989
2016-11-28,24.2653558541,0.50351690028,2016-11-28,,,23.0,28.0,-160.0,-150.0,,0.494024991989
2016-11-29,24.2381683547,0.544405527036,2016-11-29,,,23.0,28.0,-160.0,-150.0,,0.494024991989
2016-11-30,24.1710183562,0.52299028261,2016-11-30,,,23.0,28.0,-160.0,-150.0,,0.494024991989
2016-12-01,24.1615058564,0.493296821058,2016-12-01,,,23.0,28.0,-160.0,-150.0,,0.494024991989
2016-12-02,24.1947433557,0.51006777715,2016-12-02,,,23.0,28.0,-160.0,-150.0,,0.494024991989
2016-12-03,24.2085433554,0.531550860958,2016-12-03,5.50567710397e-06,2.98289343972e-05,23.0,28.0,-160.0,-150.0,,0.494024991989
2016-12-04,24.1938308557,0.502562781152,2016-12-04,,,23.0,28.0,-160.0,-150.0,,0.494024991989
2016-12-05,24.092630858,0.426183001093,2016-12-05,,,23.0,28.0,-160.0,-150.0,,0.494024991989
2016-12-06,24.0743058584,0.448360962607,2016-12-06,,,23.0,28.0,-160.0,-150.0,,0.494024991989
2016-12-07,24.1021183577,0.507087166709,2016-12-07,,,23.0,28.0,-160.0,-150.0,,0.494024991989
2016-12-08,24.1261058572,0.475680925259,2016-12-08,,,23.0,28.0,-160.0,-150.0,,0.494024991989
2016-12-09,24.1268558572,0.430249830295,2016-12-09,,,23.0,28.0,-160.0,-150.0,,0.494024991989
2016-12-10,24.135755857,0.455706588642,2016-12-10,2.55504356166e-06,3.74810894474e-06,23.0,28.0,-160.0,-150.0,,0.494024991989
2016-12-11,24.0803808582,0.464134399888,2016-12-11,,,23.0,28.0,-160.0,-150.0,,0.494024991989
2016-12-12,23.9801558605,0.466525343622,2016-12-12,,,23.0,28.0,-160.0,-150.0,,0.494024991989
2016-12-13,23.9107308621,0.503192381702,2016-12-13,,,23.0,28.0,-160.0,-150.0,,0.494024991989
2016-12-14,23.8829433627,0.523590937253,2016-12-14,,,23.0,28.0,-160.0,-150.0,,0.494024991989
2016-12-15,23.8737183629,0.499632018002,2016-12-15,,,23.0,28.0,-160.0,-150.0,,0.494024991989
2016-12-16,23.7733558651,0.497654883437,2016-12-16,,,23.0,28.0,-160.0,-150.0,,0.494024991989
2016-12-17,23.7129683665,0.496249148514,2016-12-17,6.02522059825e-06,1.58468200955e-05,23.0,28.0,-160.0,-150.0,,0.494024991989
2016-12-18,23.7253433662,0.539235879436,2016-12-18,,,23.0,28.0,-160.0,-150.0,,0.494024991989
2016-12-19,23.8331308638,0.463676899149,2016-12-19,,,23.0,28.0,-160.0,-150.0,,0.494024991989
2016-12-20,24.1058558577,0.539370599795,2016-12-20,,,23.0,28.0,-160.0,-150.0,,0.494024991989
2016-12-21,24.1651058563,0.472856711053,2016-12-21,,,23.0,28.0,-160.0,-150.0,,0.494024991989
2016-12-22,24.0849058582,0.427861912827,2016-12-22,,,23.0,28.0,-160.0,-150.0,,0.494024991989
2016-12-23,23.9449558613,0.44833134047,2016-12-23,,,23.0,28.0,-160.0,-150.0,,0.494024991989
2016-12-24,23.910955862,0.457390913033,2016-12-24,5.49811697552e-06,1.17809840103e-05,23.0,28.0,-160.0,-150.0,,0.494024991989
2016-12-25,23.8973683623,0.459628570666,2016-12-25,,,23.0,28.0,-160.0,-150.0,,0.494024991989
2016-12-26,23.8864308626,0.496352828371,2016-12-26,,,23.0,28.0,-160.0,-150.0,,0.494024991989
2016-12-27,23.8201558641,0.537137768129,2016-12-27,,,23.0,28.0,-160.0,-150.0,,0.494024991989
2016-12-28,23.8302808638,0.529346804939,2016-12-28,,,23.0,28.0,-160.0,-150.0,,0.494024991989
2016-12-29,23.8409183636,0.535317744829,2016-12-29,,,23.0,28.0,-160.0,-150.0,,0.494024991989
2016-12-30,23.7570558655,0.529897842238,2016-12-30,,,23.0,28.0,-160.0,-150.0,,0.494024991989
2016-12-31,23.7057308666,0.553337528498,2016-12-31,2.02606040007e-05,0.000103992617224,23.0,28.0,-160.0,-150.0,,0.494024991989
2017-01-01,23.6820433672,0.507646942044,2017-01-01,,,23.0,28.0,-160.0,-150.0,,0.494024991989
