time_X,Fe,Fe_std_X,time_Y,Si,Si_std_Y,lat1,lat2,lon1,lon2,depth,
2015-01-01,,,2015-01-01,,,43.0,53.0,-160.0,-150.0,0.494024991989,
2015-01-02,,,2015-01-02,,,43.0,53.0,-160.0,-150.0,0.494024991989,
2015-01-03,1.62366280819e-05,1.83417935504e-06,2015-01-03,19.4141320988,2.84530971803,43.0,53.0,-160.0,-150.0,0.494024991989,
2015-01-04,,,2015-01-04,,,43.0,53.0,-160.0,-150.0,0.494024991989,
2015-01-05,,,2015-01-05,,,43.0,53.0,-160.0,-150.0,0.494024991989,
2015-01-06,,,2015-01-06,,,43.0,53.0,-160.0,-150.0,0.494024991989,
2015-01-07,,,2015-01-07,,,43.0,53.0,-160.0,-150.0,0.494024991989,
2015-01-08,,,2015-01-08,,,43.0,53.0,-160.0,-150.0,0.494024991989,
2015-01-09,,,2015-01-09,,,43.0,53.0,-160.0,-150.0,0.494024991989,
2015-01-10,1.60552927086e-05,1.7448941814e-06,2015-01-10,19.4717307556,2.87888581447,43.0,53.0,-160.0,-150.0,0.494024991989,
2015-01-11,,,2015-01-11,,,43.0,53.0,-160.0,-150.0,0.494024991989,
2015-01-12,,,2015-01-12,,,43.0,53.0,-160.0,-150.0,0.494024991989,
2015-01-13,,,2015-01-13,,,43.0,53.0,-160.0,-150.0,0.494024991989,
2015-01-14,,,2015-01-14,,,43.0,53.0,-160.0,-150.0,0.494024991989,
2015-01-15,,,2015-01-15,,,43.0,53.0,-160.0,-150.0,0.494024991989,
2015-01-16,,,2015-01-16,,,43.0,53.0,-160.0,-150.0,0.494024991989,
2015-01-17,1.57625929655e-05,1.46938851921e-06,2015-01-17,19.512935526,2.87581746618,43.0,53.0,-160.0,-150.0,0.494024991989,
2015-01-18,,,2015-01-18,,,43.0,53.0,-160.0,-150.0,0.494024991989,
2015-01-19,,,2015-01-19,,,43.0,53.0,-160.0,-150.0,0.494024991989,
2015-01-20,,,2015-01-20,,,43.0,53.0,-160.0,-150.0,0.494024991989,
2015-01-21,,,2015-01-21,,,43.0,53.0,-160.0,-150.0,0.494024991989,
2015-01-22,,,2015-01-22,,,43.0,53.0,-160.0,-150.0,0.494024991989,
2015-01-23,,,2015-01-23,,,43.0,53.0,-160.0,-150.0,0.494024991989,
2015-01-24,1.56982663046e-05,1.5063690155e-06,2015-01-24,19.5540065463,2.88526679888,43.0,53.0,-160.0,-150.0,0.494024991989,
2015-01-25,,,2015-01-25,,,43.0,53.0,-160.0,-150.0,0.494024991989,
2015-01-26,,,2015-01-26,,,43.0,53.0,-160.0,-150.0,0.494024991989,
2015-01-27,,,2015-01-27,,,43.0,53.0,-160.0,-150.0,0.494024991989,
2015-01-28,,,2015-01-28,,,43.0,53.0,-160.0,-150.0,0.494024991989,
2015-01-29,,,2015-01-29,,,43.0,53.0,-160.0,-150.0,0.494024991989,
2015-01-30,,,2015-01-30,,,43.0,53.0,-160.0,-150.0,0.494024991989,
2015-01-31,1.6271842104e-05,2.61416722128e-06,2015-01-31,19.6439165431,2.92799799721,43.0,53.0,-160.0,-150.0,0.494024991989,
2015-02-01,,,2015-02-01,,,43.0,53.0,-160.0,-150.0,0.494024991989,
2015-02-02,,,2015-02-02,,,43.0,53.0,-160.0,-150.0,0.494024991989,
2015-02-03,,,2015-02-03,,,43.0,53.0,-160.0,-150.0,0.494024991989,
2015-02-04,,,2015-02-04,,,43.0,53.0,-160.0,-150.0,0.494024991989,
2015-02-05,,,2015-02-05,,,43.0,53.0,-160.0,-150.0,0.494024991989,
2015-02-06,,,2015-02-06,,,43.0,53.0,-160.0,-150.0,0.494024991989,
2015-02-07,1.63013591275e-05,2.95454074757e-06,2015-02-07,19.6901434295,2.95911494928,43.0,53.0,-160.0,-150.0,0.494024991989,
2015-02-08,,,2015-02-08,,,43.0,53.0,-160.0,-150.0,0.494024991989,
2015-02-09,,,2015-02-09,,,43.0,53.0,-160.0,-150.0,0.494024991989,
2015-02-10,,,2015-02-10,,,43.0,53.0,-160.0,-150.0,0.494024991989,
2015-02-11,,,2015-02-11,,,43.0,53.0,-160.0,-150.0,0.494024991989,
2015-02-12,,,2015-02-12,,,43.0,53.0,-160.0,-150.0,0.494024991989,
2015-02-13,,,2015-02-13,,,43.0,53.0,-160.0,-150.0,0.494024991989,
2015-02-14,1.61139305646e-05,2.72389700411e-06,2015-02-14,19.6643445173,2.9591587059,43.0,53.0,-160.0,-150.0,0.494024991989,
2015-02-15,,,2015-02-15,,,43.0,53.0,-160.0,-150.0,0.494024991989,
2015-02-16,,,2015-02-16,,,43.0,53.0,-160.0,-150.0,0.494024991989,
2015-02-17,,,2015-02-17,,,43.0,53.0,-160.0,-150.0,0.494024991989,
2015-02-18,,,2015-02-18,,,43.0,53.0,-160.0,-150.0,0.494024991989,
2015-02-19,,,2015-02-19,,,43.0,53.0,-160.0,-150.0,0.494024991989,
2015-02-20,,,2015-02-20,,,43.0,53.0,-160.0,-150.0,0.494024991989,
2015-02-21,1.60751533052e-05,2.81582751409e-06,2015-02-21,19.6116449763,2.97946739379,43.0,53.0,-160.0,-150.0,0.494024991989,
2015-02-22,,,2015-02-22,,,43.0,53.0,-160.0,-150.0,0.494024991989,
2015-02-23,,,2015-02-23,,,43.0,53.0,-160.0,-150.0,0.494024991989,
2015-02-24,,,2015-02-24,,,43.0,53.0,-160.0,-150.0,0.494024991989,
2015-02-25,,,2015-02-25,,,43.0,53.0,-160.0,-150.0,0.494024991989,
2015-02-26,,,2015-02-26,,,43.0,53.0,-160.0,-150.0,0.494024991989,
2015-02-27,,,2015-02-27,,,43.0,53.0,-160.0,-150.0,0.494024991989,
2015-02-28,1.58272806874e-05,2.3759154193e-06,2015-02-28,19.5331002709,2.97212548987,43.0,53.0,-160.0,-150.0,0.494024991989,
2015-03-01,,,2015-03-01,,,43.0,53.0,-160.0,-150.0,0.494024991989,
2015-03-02,,,2015-03-02,,,43.0,53.0,-160.0,-150.0,0.494024991989,
2015-03-03,,,2015-03-03,,,43.0,53.0,-160.0,-150.0,0.494024991989,
2015-03-04,,,2015-03-04,,,43.0,53.0,-160.0,-150.0,0.494024991989,
2015-03-05,,,2015-03-05,,,43.0,53.0,-160.0,-150.0,0.494024991989,
2015-03-06,,,2015-03-06,,,43.0,53.0,-160.0,-150.0,0.494024991989,
2015-03-07,1.58416241799e-05,2.04421123748e-06,2015-03-07,19.4690388011,2.98378527331,43.0,53.0,-160.0,-150.0,0.494024991989,
2015-03-08,,,2015-03-08,,,43.0,53.0,-160.0,-150.0,0.494024991989,
2015-03-09,,,2015-03-09,,,43.0,53.0,-160.0,-150.0,0.494024991989,
2015-03-10,,,2015-03-10,,,43.0,53.0,-160.0,-150.0,0.494024991989,
2015-03-11,,,2015-03-11,,,43.0,53.0,-160.0,-150.0,0.494024991989,
2015-03-12,,,2015-03-12,,,43.0,53.0,-160.0,-150.0,0.494024991989,
2015-03-13,,,2015-03-13,,,43.0,53.0,-160.0,-150.0,0.494024991989,
2015-03-14,1.64606726293e-05,2.89771808035e-06,2015-03-14,19.5756826336,3.07148831064,43.0,53.0,-160.0,-150.0,0.494024991989,
2015-03-15,,,2015-03-15,,,43.0,53.0,-160.0,-150.0,0.494024991989,
2015-03-16,,,2015-03-16,,,43.0,53.0,-160.0,-150.0,0.494024991989,
2015-03-17,,,2015-03-17,,,43.0,53.0,-160.0,-150.0,0.494024991989,
2015-03-18,,,2015-03-18,,,43.0,53.0,-160.0,-150.0,0.494024991989,
2015-03-19,,,2015-03-19,,,43.0,53.0,-160.0,-150.0,0.494024991989,
2015-03-20,,,2015-03-20,,,43.0,53.0,-160.0,-150.0,0.494024991989,
2015-03-21,1.65640428232e-05,2.79845953701e-06,2015-03-21,19.6244585444,3.06703444007,43.0,53.0,-160.0,-150.0,0.494024991989,
2015-03-22,,,2015-03-22,,,43.0,53.0,-160.0,-150.0,0.494024991989,
2015-03-23,,,2015-03-23,,,43.0,53.0,-160.0,-150.0,0.494024991989,
2015-03-24,,,2015-03-24,,,43.0,53.0,-160.0,-150.0,0.494024991989,
2015-03-25,,,2015-03-25,,,43.0,53.0,-160.0,-150.0,0.494024991989,
2015-03-26,,,2015-03-26,,,43.0,53.0,-160.0,-150.0,0.494024991989,
2015-03-27,,,2015-03-27,,,43.0,53.0,-160.0,-150.0,0.494024991989,
2015-03-28,1.63067922654e-05,2.11911701875e-06,2015-03-28,19.6985876685,3.02383290391,43.0,53.0,-160.0,-150.0,0.494024991989,
2015-03-29,,,2015-03-29,,,43.0,53.0,-160.0,-150.0,0.494024991989,
2015-03-30,,,2015-03-30,,,43.0,53.0,-160.0,-150.0,0.494024991989,
2015-03-31,,,2015-03-31,,,43.0,53.0,-160.0,-150.0,0.494024991989,
2015-04-01,,,2015-04-01,,,43.0,53.0,-160.0,-150.0,0.494024991989,
2015-04-02,,,2015-04-02,,,43.0,53.0,-160.0,-150.0,0.494024991989,
2015-04-03,,,2015-04-03,,,43.0,53.0,-160.0,-150.0,0.494024991989,
2015-04-04,1.67894611943e-05,1.88985517521e-06,2015-04-04,19.8641755305,3.0897039629,43.0,53.0,-160.0,-150.0,0.494024991989,
2015-04-05,,,2015-04-05,,,43.0,53.0,-160.0,-150.0,0.494024991989,
2015-04-06,,,2015-04-06,,,43.0,53.0,-160.0,-150.0,0.494024991989,
2015-04-07,,,2015-04-07,,,43.0,53.0,-160.0,-150.0,0.494024991989,
2015-04-08,,,2015-04-08,,,43.0,53.0,-160.0,-150.0,0.494024991989,
2015-04-09,,,2015-04-09,,,43.0,53.0,-160.0,-150.0,0.494024991989,
2015-04-10,,,2015-04-10,,,43.0,53.0,-160.0,-150.0,0.494024991989,
2015-04-11,1.71253606014e-05,2.69695150539e-06,2015-04-11,20.0333733288,3.2138961231,43.0,53.0,-160.0,-150.0,0.494024991989,
2015-04-12,,,2015-04-12,,,43.0,53.0,-160.0,-150.0,0.494024991989,
2015-04-13,,,2015-04-13,,,43.0,53.0,-160.0,-150.0,0.494024991989,
2015-04-14,,,2015-04-14,,,43.0,53.0,-160.0,-150.0,0.494024991989,
2015-04-15,,,2015-04-15,,,43.0,53.0,-160.0,-150.0,0.494024991989,
2015-04-16,,,2015-04-16,,,43.0,53.0,-160.0,-150.0,0.494024991989,
2015-04-17,,,2015-04-17,,,43.0,53.0,-160.0,-150.0,0.494024991989,
2015-04-18,1.7488933707e-05,2.81720935159e-06,2015-04-18,20.301896863,3.32088024324,43.0,53.0,-160.0,-150.0,0.494024991989,
2015-04-19,,,2015-04-19,,,43.0,53.0,-160.0,-150.0,0.494024991989,
2015-04-20,,,2015-04-20,,,43.0,53.0,-160.0,-150.0,0.494024991989,
2015-04-21,,,2015-04-21,,,43.0,53.0,-160.0,-150.0,0.494024991989,
2015-04-22,,,2015-04-22,,,43.0,53.0,-160.0,-150.0,0.494024991989,
2015-04-23,,,2015-04-23,,,43.0,53.0,-160.0,-150.0,0.494024991989,
2015-04-24,,,2015-04-24,,,43.0,53.0,-160.0,-150.0,0.494024991989,
2015-04-25,1.76374998357e-05,2.43318569203e-06,2015-04-25,20.4888952735,3.39940924841,43.0,53.0,-160.0,-150.0,0.494024991989,
2015-04-26,,,2015-04-26,,,43.0,53.0,-160.0,-150.0,0.494024991989,
2015-04-27,,,2015-04-27,,,43.0,53.0,-160.0,-150.0,0.494024991989,
2015-04-28,,,2015-04-28,,,43.0,53.0,-160.0,-150.0,0.494024991989,
2015-04-29,,,2015-04-29,,,43.0,53.0,-160.0,-150.0,0.494024991989,
2015-04-30,,,2015-04-30,,,43.0,53.0,-160.0,-150.0,0.494024991989,
2015-05-01,,,2015-05-01,,,43.0,53.0,-160.0,-150.0,0.494024991989,
2015-05-02,1.73528469676e-05,1.95370082164e-06,2015-05-02,20.5316065682,3.39879698436,43.0,53.0,-160.0,-150.0,0.494024991989,
2015-05-03,,,2015-05-03,,,43.0,53.0,-160.0,-150.0,0.494024991989,
2015-05-04,,,2015-05-04,,,43.0,53.0,-160.0,-150.0,0.494024991989,
2015-05-05,,,2015-05-05,,,43.0,53.0,-160.0,-150.0,0.494024991989,
2015-05-06,,,2015-05-06,,,43.0,53.0,-160.0,-150.0,0.494024991989,
2015-05-07,,,2015-05-07,,,43.0,53.0,-160.0,-150.0,0.494024991989,
2015-05-08,,,2015-05-08,,,43.0,53.0,-160.0,-150.0,0.494024991989,
2015-05-09,1.71697504021e-05,1.78195208628e-06,2015-05-09,20.5134570626,3.34675931226,43.0,53.0,-160.0,-150.0,0.494024991989,
2015-05-10,,,2015-05-10,,,43.0,53.0,-160.0,-150.0,0.494024991989,
2015-05-11,,,2015-05-11,,,43.0,53.0,-160.0,-150.0,0.494024991989,
2015-05-12,,,2015-05-12,,,43.0,53.0,-160.0,-150.0,0.494024991989,
2015-05-13,,,2015-05-13,,,43.0,53.0,-160.0,-150.0,0.494024991989,
2015-05-14,,,2015-05-14,,,43.0,53.0,-160.0,-150.0,0.494024991989,
2015-05-15,,,2015-05-15,,,43.0,53.0,-160.0,-150.0,0.494024991989,
2015-05-16,1.69609105355e-05,1.47913935731e-06,2015-05-16,20.4502166631,3.27260927231,43.0,53.0,-160.0,-150.0,0.494024991989,
2015-05-17,,,2015-05-17,,,43.0,53.0,-160.0,-150.0,0.494024991989,
2015-05-18,,,2015-05-18,,,43.0,53.0,-160.0,-150.0,0.494024991989,
2015-05-19,,,2015-05-19,,,43.0,53.0,-160.0,-150.0,0.494024991989,
2015-05-20,,,2015-05-20,,,43.0,53.0,-160.0,-150.0,0.494024991989,
2015-05-21,,,2015-05-21,,,43.0,53.0,-160.0,-150.0,0.494024991989,
2015-05-22,,,2015-05-22,,,43.0,53.0,-160.0,-150.0,0.494024991989,
2015-05-23,1.76369981411e-05,9.66785961722e-07,2015-05-23,20.3727748335,3.24468083579,43.0,53.0,-160.0,-150.0,0.494024991989,
2015-05-24,,,2015-05-24,,,43.0,53.0,-160.0,-150.0,0.494024991989,
2015-05-25,,,2015-05-25,,,43.0,53.0,-160.0,-150.0,0.494024991989,
2015-05-26,,,2015-05-26,,,43.0,53.0,-160.0,-150.0,0.494024991989,
2015-05-27,,,2015-05-27,,,43.0,53.0,-160.0,-150.0,0.494024991989,
2015-05-28,,,2015-05-28,,,43.0,53.0,-160.0,-150.0,0.494024991989,
2015-05-29,,,2015-05-29,,,43.0,53.0,-160.0,-150.0,0.494024991989,
2015-05-30,1.7677309883e-05,1.15286637223e-06,2015-05-30,20.1992546328,3.22271726302,43.0,53.0,-160.0,-150.0,0.494024991989,
2015-05-31,,,2015-05-31,,,43.0,53.0,-160.0,-150.0,0.494024991989,
2015-06-01,,,2015-06-01,,,43.0,53.0,-160.0,-150.0,0.494024991989,
2015-06-02,,,2015-06-02,,,43.0,53.0,-160.0,-150.0,0.494024991989,
2015-06-03,,,2015-06-03,,,43.0,53.0,-160.0,-150.0,0.494024991989,
2015-06-04,,,2015-06-04,,,43.0,53.0,-160.0,-150.0,0.494024991989,
2015-06-05,,,2015-06-05,,,43.0,53.0,-160.0,-150.0,0.494024991989,
2015-06-06,1.82441887078e-05,9.04968490002e-07,2015-06-06,20.1292490624,3.13321294058,43.0,53.0,-160.0,-150.0,0.494024991989,
2015-06-07,,,2015-06-07,,,43.0,53.0,-160.0,-150.0,0.494024991989,
2015-06-08,,,2015-06-08,,,43.0,53.0,-160.0,-150.0,0.494024991989,
2015-06-09,,,2015-06-09,,,43.0,53.0,-160.0,-150.0,0.494024991989,
2015-06-10,,,2015-06-10,,,43.0,53.0,-160.0,-150.0,0.494024991989,
2015-06-11,,,2015-06-11,,,43.0,53.0,-160.0,-150.0,0.494024991989,
2015-06-12,,,2015-06-12,,,43.0,53.0,-160.0,-150.0,0.494024991989,
2015-06-13,1.80731548222e-05,7.89462444114e-07,2015-06-13,20.0816129914,3.1718265365,43.0,53.0,-160.0,-150.0,0.494024991989,
2015-06-14,,,2015-06-14,,,43.0,53.0,-160.0,-150.0,0.494024991989,
2015-06-15,,,2015-06-15,,,43.0,53.0,-160.0,-150.0,0.494024991989,
2015-06-16,,,2015-06-16,,,43.0,53.0,-160.0,-150.0,0.494024991989,
2015-06-17,,,2015-06-17,,,43.0,53.0,-160.0,-150.0,0.494024991989,
2015-06-18,,,2015-06-18,,,43.0,53.0,-160.0,-150.0,0.494024991989,
2015-06-19,,,2015-06-19,,,43.0,53.0,-160.0,-150.0,0.494024991989,
2015-06-20,1.83893688846e-05,1.35275159838e-06,2015-06-20,19.9110961793,3.20264498405,43.0,53.0,-160.0,-150.0,0.494024991989,
2015-06-21,,,2015-06-21,,,43.0,53.0,-160.0,-150.0,0.494024991989,
2015-06-22,,,2015-06-22,,,43.0,53.0,-160.0,-150.0,0.494024991989,
2015-06-23,,,2015-06-23,,,43.0,53.0,-160.0,-150.0,0.494024991989,
2015-06-24,,,2015-06-24,,,43.0,53.0,-160.0,-150.0,0.494024991989,
2015-06-25,,,2015-06-25,,,43.0,53.0,-160.0,-150.0,0.494024991989,
2015-06-26,,,2015-06-26,,,43.0,53.0,-160.0,-150.0,0.494024991989,
2015-06-27,1.74768370191e-05,7.10199835045e-07,2015-06-27,19.7935469123,3.18363846232,43.0,53.0,-160.0,-150.0,0.494024991989,
2015-06-28,,,2015-06-28,,,43.0,53.0,-160.0,-150.0,0.494024991989,
2015-06-29,,,2015-06-29,,,43.0,53.0,-160.0,-150.0,0.494024991989,
2015-06-30,,,2015-06-30,,,43.0,53.0,-160.0,-150.0,0.494024991989,
2015-07-01,,,2015-07-01,,,43.0,53.0,-160.0,-150.0,0.494024991989,
2015-07-02,,,2015-07-02,,,43.0,53.0,-160.0,-150.0,0.494024991989,
2015-07-03,,,2015-07-03,,,43.0,53.0,-160.0,-150.0,0.494024991989,
2015-07-04,1.68916114836e-05,7.70448729656e-07,2015-07-04,19.6954765363,3.14240511192,43.0,53.0,-160.0,-150.0,0.494024991989,
2015-07-05,,,2015-07-05,,,43.0,53.0,-160.0,-150.0,0.494024991989,
2015-07-06,,,2015-07-06,,,43.0,53.0,-160.0,-150.0,0.494024991989,
2015-07-07,,,2015-07-07,,,43.0,53.0,-160.0,-150.0,0.494024991989,
2015-07-08,,,2015-07-08,,,43.0,53.0,-160.0,-150.0,0.494024991989,
2015-07-09,,,2015-07-09,,,43.0,53.0,-160.0,-150.0,0.494024991989,
2015-07-10,,,2015-07-10,,,43.0,53.0,-160.0,-150.0,0.494024991989,
2015-07-11,1.63500467713e-05,4.25000427314e-07,2015-07-11,19.603432132,3.08589249325,43.0,53.0,-160.0,-150.0,0.494024991989,
2015-07-12,,,2015-07-12,,,43.0,53.0,-160.0,-150.0,0.494024991989,
2015-07-13,,,2015-07-13,,,43.0,53.0,-160.0,-150.0,0.494024991989,
2015-07-14,,,2015-07-14,,,43.0,53.0,-160.0,-150.0,0.494024991989,
2015-07-15,,,2015-07-15,,,43.0,53.0,-160.0,-150.0,0.494024991989,
2015-07-16,,,2015-07-16,,,43.0,53.0,-160.0,-150.0,0.494024991989,
2015-07-17,,,2015-07-17,,,43.0,53.0,-160.0,-150.0,0.494024991989,
2015-07-18,1.60254415849e-05,4.36387111297e-07,2015-07-18,19.4934087351,3.04613204246,43.0,53.0,-160.0,-150.0,0.494024991989,
2015-07-19,,,2015-07-19,,,43.0,53.0,-160.0,-150.0,0.494024991989,
2015-07-20,,,2015-07-20,,,43.0,53.0,-160.0,-150.0,0.494024991989,
2015-07-21,,,2015-07-21,,,43.0,53.0,-160.0,-150.0,0.494024991989,
2015-07-22,,,2015-07-22,,,43.0,53.0,-160.0,-150.0,0.494024991989,
2015-07-23,,,2015-07-23,,,43.0,53.0,-160.0,-150.0,0.494024991989,
2015-07-24,,,2015-07-24,,,43.0,53.0,-160.0,-150.0,0.494024991989,
2015-07-25,1.5708881867e-05,6.29152018211e-07,2015-07-25,19.4729458556,3.02433017479,43.0,53.0,-160.0,-150.0,0.494024991989,
2015-07-26,,,2015-07-26,,,43.0,53.0,-160.0,-150.0,0.494024991989,
2015-07-27,,,2015-07-27,,,43.0,53.0,-160.0,-150.0,0.494024991989,
2015-07-28,,,2015-07-28,,,43.0,53.0,-160.0,-150.0,0.494024991989,
2015-07-29,,,2015-07-29,,,43.0,53.0,-160.0,-150.0,0.494024991989,
2015-07-30,,,2015-07-30,,,43.0,53.0,-160.0,-150.0,0.494024991989,
2015-07-31,,,2015-07-31,,,43.0,53.0,-160.0,-150.0,0.494024991989,
2015-08-01,1.5955806851e-05,6.7438815786e-07,2015-08-01,19.3658323374,2.97603947031,43.0,53.0,-160.0,-150.0,0.494024991989,
2015-08-02,,,2015-08-02,,,43.0,53.0,-160.0,-150.0,0.494024991989,
2015-08-03,,,2015-08-03,,,43.0,53.0,-160.0,-150.0,0.494024991989,
2015-08-04,,,2015-08-04,,,43.0,53.0,-160.0,-150.0,0.494024991989,
2015-08-05,,,2015-08-05,,,43.0,53.0,-160.0,-150.0,0.494024991989,
2015-08-06,,,2015-08-06,,,43.0,53.0,-160.0,-150.0,0.494024991989,
2015-08-07,,,2015-08-07,,,43.0,53.0,-160.0,-150.0,0.494024991989,
2015-08-08,1.58587189743e-05,7.87377847838e-07,2015-08-08,19.2684463017,2.92789937265,43.0,53.0,-160.0,-150.0,0.494024991989,
2015-08-09,,,2015-08-09,,,43.0,53.0,-160.0,-150.0,0.494024991989,
2015-08-10,,,2015-08-10,,,43.0,53.0,-160.0,-150.0,0.494024991989,
2015-08-11,,,2015-08-11,,,43.0,53.0,-160.0,-150.0,0.494024991989,
2015-08-12,,,2015-08-12,,,43.0,53.0,-160.0,-150.0,0.494024991989,
2015-08-13,,,2015-08-13,,,43.0,53.0,-160.0,-150.0,0.494024991989,
2015-08-14,,,2015-08-14,,,43.0,53.0,-160.0,-150.0,0.494024991989,
2015-08-15,1.55567692885e-05,6.58316587712e-07,2015-08-15,19.1422980778,2.91395046444,43.0,53.0,-160.0,-150.0,0.494024991989,
2015-08-16,,,2015-08-16,,,43.0,53.0,-160.0,-150.0,0.494024991989,
2015-08-17,,,2015-08-17,,,43.0,53.0,-160.0,-150.0,0.494024991989,
2015-08-18,,,2015-08-18,,,43.0,53.0,-160.0,-150.0,0.494024991989,
2015-08-19,,,2015-08-19,,,43.0,53.0,-160.0,-150.0,0.494024991989,
2015-08-20,,,2015-08-20,,,43.0,53.0,-160.0,-150.0,0.494024991989,
2015-08-21,,,2015-08-21,,,43.0,53.0,-160.0,-150.0,0.494024991989,
2015-08-22,1.52471550599e-05,9.40122669086e-07,2015-08-22,18.9877439443,2.9615531748,43.0,53.0,-160.0,-150.0,0.494024991989,
2015-08-23,,,2015-08-23,,,43.0,53.0,-160.0,-150.0,0.494024991989,
2015-08-24,,,2015-08-24,,,43.0,53.0,-160.0,-150.0,0.494024991989,
2015-08-25,,,2015-08-25,,,43.0,53.0,-160.0,-150.0,0.494024991989,
2015-08-26,,,2015-08-26,,,43.0,53.0,-160.0,-150.0,0.494024991989,
2015-08-27,,,2015-08-27,,,43.0,53.0,-160.0,-150.0,0.494024991989,
2015-08-28,,,2015-08-28,,,43.0,53.0,-160.0,-150.0,0.494024991989,
2015-08-29,1.49686993609e-05,1.2336775159e-06,2015-08-29,18.8970556562,3.00578370627,43.0,53.0,-160.0,-150.0,0.494024991989,
2015-08-30,,,2015-08-30,,,43.0,53.0,-160.0,-150.0,0.494024991989,
2015-08-31,,,2015-08-31,,,43.0,53.0,-160.0,-150.0,0.494024991989,
2015-09-01,,,2015-09-01,,,43.0,53.0,-160.0,-150.0,0.494024991989,
2015-09-02,,,2015-09-02,,,43.0,53.0,-160.0,-150.0,0.494024991989,
2015-09-03,,,2015-09-03,,,43.0,53.0,-160.0,-150.0,0.494024991989,
2015-09-04,,,2015-09-04,,,43.0,53.0,-160.0,-150.0,0.494024991989,
2015-09-05,1.50522417856e-05,1.40644490526e-06,2015-09-05,18.7367480834,2.97136078749,43.0,53.0,-160.0,-150.0,0.494024991989,
2015-09-06,,,2015-09-06,,,43.0,53.0,-160.0,-150.0,0.494024991989,
2015-09-07,,,2015-09-07,,,43.0,53.0,-160.0,-150.0,0.494024991989,
2015-09-08,,,2015-09-08,,,43.0,53.0,-160.0,-150.0,0.494024991989,
2015-09-09,,,2015-09-09,,,43.0,53.0,-160.0,-150.0,0.494024991989,
2015-09-10,,,2015-09-10,,,43.0,53.0,-160.0,-150.0,0.494024991989,
2015-09-11,,,2015-09-11,,,43.0,53.0,-160.0,-150.0,0.494024991989,
2015-09-12,1.48895901558e-05,1.57946763616e-06,2015-09-12,18.5848790102,2.9488720993,43.0,53.0,-160.0,-150.0,0.494024991989,
2015-09-13,,,2015-09-13,,,43.0,53.0,-160.0,-150.0,0.494024991989,
2015-09-14,,,2015-09-14,,,43.0,53.0,-160.0,-150.0,0.494024991989,
2015-09-15,,,2015-09-15,,,43.0,53.0,-160.0,-150.0,0.494024991989,
2015-09-16,,,2015-09-16,,,43.0,53.0,-160.0,-150.0,0.494024991989,
2015-09-17,,,2015-09-17,,,43.0,53.0,-160.0,-150.0,0.494024991989,
2015-09-18,,,2015-09-18,,,43.0,53.0,-160.0,-150.0,0.494024991989,
2015-09-19,1.48234452913e-05,1.67612095736e-06,2015-09-19,18.4939469686,2.9098557097,43.0,53.0,-160.0,-150.0,0.494024991989,
2015-09-20,,,2015-09-20,,,43.0,53.0,-160.0,-150.0,0.494024991989,
2015-09-21,,,2015-09-21,,,43.0,53.0,-160.0,-150.0,0.494024991989,
2015-09-22,,,2015-09-22,,,43.0,53.0,-160.0,-150.0,0.494024991989,
2015-09-23,,,2015-09-23,,,43.0,53.0,-160.0,-150.0,0.494024991989,
2015-09-24,,,2015-09-24,,,43.0,53.0,-160.0,-150.0,0.494024991989,
2015-09-25,,,2015-09-25,,,43.0,53.0,-160.0,-150.0,0.494024991989,
2015-09-26,1.48389927804e-05,1.54461307636e-06,2015-09-26,18.4584441477,2.92389786574,43.0,53.0,-160.0,-150.0,0.494024991989,
2015-09-27,,,2015-09-27,,,43.0,53.0,-160.0,-150.0,0.494024991989,
2015-09-28,,,2015-09-28,,,43.0,53.0,-160.0,-150.0,0.494024991989,
2015-09-29,,,2015-09-29,,,43.0,53.0,-160.0,-150.0,0.494024991989,
2015-09-30,,,2015-09-30,,,43.0,53.0,-160.0,-150.0,0.494024991989,
2015-10-01,,,2015-10-01,,,43.0,53.0,-160.0,-150.0,0.494024991989,
2015-10-02,,,2015-10-02,,,43.0,53.0,-160.0,-150.0,0.494024991989,
2015-10-03,1.52909949092e-05,1.75747782229e-06,2015-10-03,18.3634567261,2.91858264215,43.0,53.0,-160.0,-150.0,0.494024991989,
2015-10-04,,,2015-10-04,,,43.0,53.0,-160.0,-150.0,0.494024991989,
2015-10-05,,,2015-10-05,,,43.0,53.0,-160.0,-150.0,0.494024991989,
2015-10-06,,,2015-10-06,,,43.0,53.0,-160.0,-150.0,0.494024991989,
2015-10-07,,,2015-10-07,,,43.0,53.0,-160.0,-150.0,0.494024991989,
2015-10-08,,,2015-10-08,,,43.0,53.0,-160.0,-150.0,0.494024991989,
2015-10-09,,,2015-10-09,,,43.0,53.0,-160.0,-150.0,0.494024991989,
2015-10-10,1.57461598563e-05,1.63939651367e-06,2015-10-10,18.2876062782,2.89078743678,43.0,53.0,-160.0,-150.0,0.494024991989,
2015-10-11,,,2015-10-11,,,43.0,53.0,-160.0,-150.0,0.494024991989,
2015-10-12,,,2015-10-12,,,43.0,53.0,-160.0,-150.0,0.494024991989,
2015-10-13,,,2015-10-13,,,43.0,53.0,-160.0,-150.0,0.494024991989,
2015-10-14,,,2015-10-14,,,43.0,53.0,-160.0,-150.0,0.494024991989,
2015-10-15,,,2015-10-15,,,43.0,53.0,-160.0,-150.0,0.494024991989,
2015-10-16,,,2015-10-16,,,43.0,53.0,-160.0,-150.0,0.494024991989,
2015-10-17,1.62820293211e-05,1.62761807761e-06,2015-10-17,18.4208458319,2.88282148945,43.0,53.0,-160.0,-150.0,0.494024991989,
2015-10-18,,,2015-10-18,,,43.0,53.0,-160.0,-150.0,0.494024991989,
2015-10-19,,,2015-10-19,,,43.0,53.0,-160.0,-150.0,0.494024991989,
2015-10-20,,,2015-10-20,,,43.0,53.0,-160.0,-150.0,0.494024991989,
2015-10-21,,,2015-10-21,,,43.0,53.0,-160.0,-150.0,0.494024991989,
2015-10-22,,,2015-10-22,,,43.0,53.0,-160.0,-150.0,0.494024991989,
2015-10-23,,,2015-10-23,,,43.0,53.0,-160.0,-150.0,0.494024991989,
2015-10-24,1.64312500653e-05,1.48084913096e-06,2015-10-24,18.6024648662,2.87733372028,43.0,53.0,-160.0,-150.0,0.494024991989,
2015-10-25,,,2015-10-25,,,43.0,53.0,-160.0,-150.0,0.494024991989,
2015-10-26,,,2015-10-26,,,43.0,53.0,-160.0,-150.0,0.494024991989,
2015-10-27,,,2015-10-27,,,43.0,53.0,-160.0,-150.0,0.494024991989,
2015-10-28,,,2015-10-28,,,43.0,53.0,-160.0,-150.0,0.494024991989,
2015-10-29,,,2015-10-29,,,43.0,53.0,-160.0,-150.0,0.494024991989,
2015-10-30,,,2015-10-30,,,43.0,53.0,-160.0,-150.0,0.494024991989,
2015-10-31,1.6571654207e-05,1.62060639662e-06,2015-10-31,18.744878278,2.94853354901,43.0,53.0,-160.0,-150.0,0.494024991989,
2015-11-01,,,2015-11-01,,,43.0,53.0,-160.0,-150.0,0.494024991989,
2015-11-02,,,2015-11-02,,,43.0,53.0,-160.0,-150.0,0.494024991989,
2015-11-03,,,2015-11-03,,,43.0,53.0,-160.0,-150.0,0.494024991989,
2015-11-04,,,2015-11-04,,,43.0,53.0,-160.0,-150.0,0.494024991989,
2015-11-05,,,2015-11-05,,,43.0,53.0,-160.0,-150.0,0.494024991989,
2015-11-06,,,2015-11-06,,,43.0,53.0,-160.0,-150.0,0.494024991989,
2015-11-07,1.68896924642e-05,2.21461878616e-06,2015-11-07,18.859166115,3.02384511806,43.0,53.0,-160.0,-150.0,0.494024991989,
2015-11-08,,,2015-11-08,,,43.0,53.0,-160.0,-150.0,0.494024991989,
2015-11-09,,,2015-11-09,,,43.0,53.0,-160.0,-150.0,0.494024991989,
2015-11-10,,,2015-11-10,,,43.0,53.0,-160.0,-150.0,0.494024991989,
2015-11-11,,,2015-11-11,,,43.0,53.0,-160.0,-150.0,0.494024991989,
2015-11-12,,,2015-11-12,,,43.0,53.0,-160.0,-150.0,0.494024991989,
2015-11-13,,,2015-11-13,,,43.0,53.0,-160.0,-150.0,0.494024991989,
2015-11-14,1.78276950299e-05,4.90567192658e-06,2015-11-14,19.0428348874,3.15823481643,43.0,53.0,-160.0,-150.0,0.494024991989,
2015-11-15,,,2015-11-15,,,43.0,53.0,-160.0,-150.0,0.494024991989,
2015-11-16,,,2015-11-16,,,43.0,53.0,-160.0,-150.0,0.494024991989,
2015-11-17,,,2015-11-17,,,43.0,53.0,-160.0,-150.0,0.494024991989,
2015-11-18,,,2015-11-18,,,43.0,53.0,-160.0,-150.0,0.494024991989,
2015-11-19,,,2015-11-19,,,43.0,53.0,-160.0,-150.0,0.494024991989,
2015-11-20,,,2015-11-20,,,43.0,53.0,-160.0,-150.0,0.494024991989,
2015-11-21,1.80189093491e-05,5.62808808656e-06,2015-11-21,19.0300856415,3.22622430371,43.0,53.0,-160.0,-150.0,0.494024991989,
2015-11-22,,,2015-11-22,,,43.0,53.0,-160.0,-150.0,0.494024991989,
2015-11-23,,,2015-11-23,,,43.0,53.0,-160.0,-150.0,0.494024991989,
2015-11-24,,,2015-11-24,,,43.0,53.0,-160.0,-150.0,0.494024991989,
2015-11-25,,,2015-11-25,,,43.0,53.0,-160.0,-150.0,0.494024991989,
2015-11-26,,,2015-11-26,,,43.0,53.0,-160.0,-150.0,0.494024991989,
2015-11-27,,,2015-11-27,,,43.0,53.0,-160.0,-150.0,0.494024991989,
2015-11-28,1.79147009167e-05,6.21264965674e-06,2015-11-28,19.1181021688,3.22167013947,43.0,53.0,-160.0,-150.0,0.494024991989,
2015-11-29,,,2015-11-29,,,43.0,53.0,-160.0,-150.0,0.494024991989,
2015-11-30,,,2015-11-30,,,43.0,53.0,-160.0,-150.0,0.494024991989,
2015-12-01,,,2015-12-01,,,43.0,53.0,-160.0,-150.0,0.494024991989,
2015-12-02,,,2015-12-02,,,43.0,53.0,-160.0,-150.0,0.494024991989,
2015-12-03,,,2015-12-03,,,43.0,53.0,-160.0,-150.0,0.494024991989,
2015-12-04,,,2015-12-04,,,43.0,53.0,-160.0,-150.0,0.494024991989,
2015-12-05,1.7827151313e-05,8.03196373223e-06,2015-12-05,19.3610166714,3.0996062728,43.0,53.0,-160.0,-150.0,0.494024991989,
2015-12-06,,,2015-12-06,,,43.0,53.0,-160.0,-150.0,0.494024991989,
2015-12-07,,,2015-12-07,,,43.0,53.0,-160.0,-150.0,0.494024991989,
2015-12-08,,,2015-12-08,,,43.0,53.0,-160.0,-150.0,0.494024991989,
2015-12-09,,,2015-12-09,,,43.0,53.0,-160.0,-150.0,0.494024991989,
2015-12-10,,,2015-12-10,,,43.0,53.0,-160.0,-150.0,0.494024991989,
2015-12-11,,,2015-12-11,,,43.0,53.0,-160.0,-150.0,0.494024991989,
2015-12-12,1.86550313878e-05,1.34285800013e-05,2015-12-12,19.5598026847,3.07439076696,43.0,53.0,-160.0,-150.0,0.494024991989,
2015-12-13,,,2015-12-13,,,43.0,53.0,-160.0,-150.0,0.494024991989,
2015-12-14,,,2015-12-14,,,43.0,53.0,-160.0,-150.0,0.494024991989,
2015-12-15,,,2015-12-15,,,43.0,53.0,-160.0,-150.0,0.494024991989,
2015-12-16,,,2015-12-16,,,43.0,53.0,-160.0,-150.0,0.494024991989,
2015-12-17,,,2015-12-17,,,43.0,53.0,-160.0,-150.0,0.494024991989,
2015-12-18,,,2015-12-18,,,43.0,53.0,-160.0,-150.0,0.494024991989,
2015-12-19,2.09341907806e-05,2.3222797786e-05,2015-12-19,19.7637810804,3.08404649733,43.0,53.0,-160.0,-150.0,0.494024991989,
2015-12-20,,,2015-12-20,,,43.0,53.0,-160.0,-150.0,0.494024991989,
2015-12-21,,,2015-12-21,,,43.0,53.0,-160.0,-150.0,0.494024991989,
2015-12-22,,,2015-12-22,,,43.0,53.0,-160.0,-150.0,0.494024991989,
2015-12-23,,,2015-12-23,,,43.0,53.0,-160.0,-150.0,0.494024991989,
2015-12-24,,,2015-12-24,,,43.0,53.0,-160.0,-150.0,0.494024991989,
2015-12-25,,,2015-12-25,,,43.0,53.0,-160.0,-150.0,0.494024991989,
2015-12-26,2.27788628895e-05,2.63875780267e-05,2015-12-26,20.0943535612,3.17676884427,43.0,53.0,-160.0,-150.0,0.494024991989,
2015-12-27,,,2015-12-27,,,43.0,53.0,-160.0,-150.0,0.494024991989,
2015-12-28,,,2015-12-28,,,43.0,53.0,-160.0,-150.0,0.494024991989,
2015-12-29,,,2015-12-29,,,43.0,53.0,-160.0,-150.0,0.494024991989,
2015-12-30,,,2015-12-30,,,43.0,53.0,-160.0,-150.0,0.494024991989,
2015-12-31,,,2015-12-31,,,43.0,53.0,-160.0,-150.0,0.494024991989,
2016-01-01,,,2016-01-01,,,43.0,53.0,-160.0,-150.0,0.494024991989,
2016-01-02,2.38383791692e-05,2.91645835817e-05,2016-01-02,20.3894500646,3.26814583778,43.0,53.0,-160.0,-150.0,0.494024991989,
2016-01-03,,,2016-01-03,,,43.0,53.0,-160.0,-150.0,0.494024991989,
2016-01-04,,,2016-01-04,,,43.0,53.0,-160.0,-150.0,0.494024991989,
2016-01-05,,,2016-01-05,,,43.0,53.0,-160.0,-150.0,0.494024991989,
2016-01-06,,,2016-01-06,,,43.0,53.0,-160.0,-150.0,0.494024991989,
2016-01-07,,,2016-01-07,,,43.0,53.0,-160.0,-150.0,0.494024991989,
2016-01-08,,,2016-01-08,,,43.0,53.0,-160.0,-150.0,0.494024991989,
2016-01-09,2.40647470281e-05,2.903372639e-05,2016-01-09,20.5729369339,3.33670143185,43.0,53.0,-160.0,-150.0,0.494024991989,
2016-01-10,,,2016-01-10,,,43.0,53.0,-160.0,-150.0,0.494024991989,
2016-01-11,,,2016-01-11,,,43.0,53.0,-160.0,-150.0,0.494024991989,
2016-01-12,,,2016-01-12,,,43.0,53.0,-160.0,-150.0,0.494024991989,
2016-01-13,,,2016-01-13,,,43.0,53.0,-160.0,-150.0,0.494024991989,
2016-01-14,,,2016-01-14,,,43.0,53.0,-160.0,-150.0,0.494024991989,
2016-01-15,,,2016-01-15,,,43.0,53.0,-160.0,-150.0,0.494024991989,
2016-01-16,2.36854017252e-05,2.7862518669e-05,2016-01-16,20.6204498598,3.35149424145,43.0,53.0,-160.0,-150.0,0.494024991989,
2016-01-17,,,2016-01-17,,,43.0,53.0,-160.0,-150.0,0.494024991989,
2016-01-18,,,2016-01-18,,,43.0,53.0,-160.0,-150.0,0.494024991989,
2016-01-19,,,2016-01-19,,,43.0,53.0,-160.0,-150.0,0.494024991989,
2016-01-20,,,2016-01-20,,,43.0,53.0,-160.0,-150.0,0.494024991989,
2016-01-21,,,2016-01-21,,,43.0,53.0,-160.0,-150.0,0.494024991989,
2016-01-22,,,2016-01-22,,,43.0,53.0,-160.0,-150.0,0.494024991989,
2016-01-23,2.33644274191e-05,2.66244176852e-05,2016-01-23,20.7694875129,3.27024452775,43.0,53.0,-160.0,-150.0,0.494024991989,
2016-01-24,,,2016-01-24,,,43.0,53.0,-160.0,-150.0,0.494024991989,
2016-01-25,,,2016-01-25,,,43.0,53.0,-160.0,-150.0,0.494024991989,
2016-01-26,,,2016-01-26,,,43.0,53.0,-160.0,-150.0,0.494024991989,
2016-01-27,,,2016-01-27,,,43.0,53.0,-160.0,-150.0,0.494024991989,
2016-01-28,,,2016-01-28,,,43.0,53.0,-160.0,-150.0,0.494024991989,
2016-01-29,,,2016-01-29,,,43.0,53.0,-160.0,-150.0,0.494024991989,
2016-01-30,2.32090936785e-05,2.53223456135e-05,2016-01-30,20.9179733843,3.23130642898,43.0,53.0,-160.0,-150.0,0.494024991989,
2016-01-31,,,2016-01-31,,,43.0,53.0,-160.0,-150.0,0.494024991989,
2016-02-01,,,2016-02-01,,,43.0,53.0,-160.0,-150.0,0.494024991989,
2016-02-02,,,2016-02-02,,,43.0,53.0,-160.0,-150.0,0.494024991989,
2016-02-03,,,2016-02-03,,,43.0,53.0,-160.0,-150.0,0.494024991989,
2016-02-04,,,2016-02-04,,,43.0,53.0,-160.0,-150.0,0.494024991989,
2016-02-05,,,2016-02-05,,,43.0,53.0,-160.0,-150.0,0.494024991989,
2016-02-06,2.38680841963e-05,2.61969441349e-05,2016-02-06,21.1202328697,3.21146862813,43.0,53.0,-160.0,-150.0,0.494024991989,
2016-02-07,,,2016-02-07,,,43.0,53.0,-160.0,-150.0,0.494024991989,
2016-02-08,,,2016-02-08,,,43.0,53.0,-160.0,-150.0,0.494024991989,
2016-02-09,,,2016-02-09,,,43.0,53.0,-160.0,-150.0,0.494024991989,
2016-02-10,,,2016-02-10,,,43.0,53.0,-160.0,-150.0,0.494024991989,
2016-02-11,,,2016-02-11,,,43.0,53.0,-160.0,-150.0,0.494024991989,
2016-02-12,,,2016-02-12,,,43.0,53.0,-160.0,-150.0,0.494024991989,
2016-02-13,2.34933877705e-05,2.49304945833e-05,2016-02-13,21.1761111781,3.20593048201,43.0,53.0,-160.0,-150.0,0.494024991989,
2016-02-14,,,2016-02-14,,,43.0,53.0,-160.0,-150.0,0.494024991989,
2016-02-15,,,2016-02-15,,,43.0,53.0,-160.0,-150.0,0.494024991989,
2016-02-16,,,2016-02-16,,,43.0,53.0,-160.0,-150.0,0.494024991989,
2016-02-17,,,2016-02-17,,,43.0,53.0,-160.0,-150.0,0.494024991989,
2016-02-18,,,2016-02-18,,,43.0,53.0,-160.0,-150.0,0.494024991989,
2016-02-19,,,2016-02-19,,,43.0,53.0,-160.0,-150.0,0.494024991989,
2016-02-20,2.41373700398e-05,2.60456631924e-05,2016-02-20,21.2317587924,3.22038692747,43.0,53.0,-160.0,-150.0,0.494024991989,
2016-02-21,,,2016-02-21,,,43.0,53.0,-160.0,-150.0,0.494024991989,
2016-02-22,,,2016-02-22,,,43.0,53.0,-160.0,-150.0,0.494024991989,
2016-02-23,,,2016-02-23,,,43.0,53.0,-160.0,-150.0,0.494024991989,
2016-02-24,,,2016-02-24,,,43.0,53.0,-160.0,-150.0,0.494024991989,
2016-02-25,,,2016-02-25,,,43.0,53.0,-160.0,-150.0,0.494024991989,
2016-02-26,,,2016-02-26,,,43.0,53.0,-160.0,-150.0,0.494024991989,
2016-02-27,,,2016-02-27,21.2858992747,3.22233713606,43.0,53.0,-160.0,-150.0,0.494024991989,
2016-02-28,,,2016-02-28,,,43.0,53.0,-160.0,-150.0,0.494024991989,
2016-02-29,,,2016-02-29,,,43.0,53.0,-160.0,-150.0,0.494024991989,
2016-03-01,,,2016-03-01,,,43.0,53.0,-160.0,-150.0,0.494024991989,
2016-03-02,,,2016-03-02,,,43.0,53.0,-160.0,-150.0,0.494024991989,
2016-03-03,,,2016-03-03,,,43.0,53.0,-160.0,-150.0,0.494024991989,
2016-03-04,,,2016-03-04,,,43.0,53.0,-160.0,-150.0,0.494024991989,
2016-03-05,2.34292420558e-05,2.35644919647e-05,2016-03-05,21.3266670504,3.21318387737,43.0,53.0,-160.0,-150.0,0.494024991989,
2016-03-06,,,2016-03-06,,,43.0,53.0,-160.0,-150.0,0.494024991989,
2016-03-07,,,2016-03-07,,,43.0,53.0,-160.0,-150.0,0.494024991989,
2016-03-08,,,2016-03-08,,,43.0,53.0,-160.0,-150.0,0.494024991989,
2016-03-09,,,2016-03-09,,,43.0,53.0,-160.0,-150.0,0.494024991989,
2016-03-10,,,2016-03-10,,,43.0,53.0,-160.0,-150.0,0.494024991989,
2016-03-11,,,2016-03-11,,,43.0,53.0,-160.0,-150.0,0.494024991989,
2016-03-12,2.26312075425e-05,2.04948641278e-05,2016-03-12,21.3704371204,3.17271486624,43.0,53.0,-160.0,-150.0,0.494024991989,
2016-03-13,,,2016-03-13,,,43.0,53.0,-160.0,-150.0,0.494024991989,
2016-03-14,,,2016-03-14,,,43.0,53.0,-160.0,-150.0,0.494024991989,
2016-03-15,,,2016-03-15,,,43.0,53.0,-160.0,-150.0,0.494024991989,
2016-03-16,,,2016-03-16,,,43.0,53.0,-160.0,-150.0,0.494024991989,
2016-03-17,,,2016-03-17,,,43.0,53.0,-160.0,-150.0,0.494024991989,
2016-03-18,,,2016-03-18,,,43.0,53.0,-160.0,-150.0,0.494024991989,
2016-03-19,2.18047812547e-05,1.69667868712e-05,2016-03-19,21.5250615879,3.15100745365,43.0,53.0,-160.0,-150.0,0.494024991989,
2016-03-20,,,2016-03-20,,,43.0,53.0,-160.0,-150.0,0.494024991989,
2016-03-21,,,2016-03-21,,,43.0,53.0,-160.0,-150.0,0.494024991989,
2016-03-22,,,2016-03-22,,,43.0,53.0,-160.0,-150.0,0.494024991989,
2016-03-23,,,2016-03-23,,,43.0,53.0,-160.0,-150.0,0.494024991989,
2016-03-24,,,2016-03-24,,,43.0,53.0,-160.0,-150.0,0.494024991989,
2016-03-25,,,2016-03-25,,,43.0,53.0,-160.0,-150.0,0.494024991989,
2016-03-26,2.03055808238e-05,1.26191109674e-05,2016-03-26,21.6056028851,3.11913088149,43.0,53.0,-160.0,-150.0,0.494024991989,
2016-03-27,,,2016-03-27,,,43.0,53.0,-160.0,-150.0,0.494024991989,
2016-03-28,,,2016-03-28,,,43.0,53.0,-160.0,-150.0,0.494024991989,
2016-03-29,,,2016-03-29,,,43.0,53.0,-160.0,-150.0,0.494024991989,
2016-03-30,,,2016-03-30,,,43.0,53.0,-160.0,-150.0,0.494024991989,
2016-03-31,,,2016-03-31,,,43.0,53.0,-160.0,-150.0,0.494024991989,
2016-04-01,,,2016-04-01,,,43.0,53.0,-160.0,-150.0,0.494024991989,
2016-04-02,1.92681122568e-05,8.49261396215e-06,2016-04-02,21.7025597241,3.13127622371,43.0,53.0,-160.0,-150.0,0.494024991989,
2016-04-03,,,2016-04-03,,,43.0,53.0,-160.0,-150.0,0.494024991989,
2016-04-04,,,2016-04-04,,,43.0,53.0,-160.0,-150.0,0.494024991989,
2016-04-05,,,2016-04-05,,,43.0,53.0,-160.0,-150.0,0.494024991989,
2016-04-06,,,2016-04-06,,,43.0,53.0,-160.0,-150.0,0.494024991989,
2016-04-07,,,2016-04-07,,,43.0,53.0,-160.0,-150.0,0.494024991989,
2016-04-08,,,2016-04-08,,,43.0,53.0,-160.0,-150.0,0.494024991989,
2016-04-09,1.77284929018e-05,5.02068482867e-06,2016-04-09,21.7233358759,3.11953820627,43.0,53.0,-160.0,-150.0,0.494024991989,
2016-04-10,,,2016-04-10,,,43.0,53.0,-160.0,-150.0,0.494024991989,
2016-04-11,,,2016-04-11,,,43.0,53.0,-160.0,-150.0,0.494024991989,
2016-04-12,,,2016-04-12,,,43.0,53.0,-160.0,-150.0,0.494024991989,
2016-04-13,,,2016-04-13,,,43.0,53.0,-160.0,-150.0,0.494024991989,
2016-04-14,,,2016-04-14,,,43.0,53.0,-160.0,-150.0,0.494024991989,
2016-04-15,,,2016-04-15,,,43.0,53.0,-160.0,-150.0,0.494024991989,
2016-04-16,1.71087499243e-05,3.52969390037e-06,2016-04-16,21.7378608094,3.07201590796,43.0,53.0,-160.0,-150.0,0.494024991989,
2016-04-17,,,2016-04-17,,,43.0,53.0,-160.0,-150.0,0.494024991989,
2016-04-18,,,2016-04-18,,,43.0,53.0,-160.0,-150.0,0.494024991989,
2016-04-19,,,2016-04-19,,,43.0,53.0,-160.0,-150.0,0.494024991989,
2016-04-20,,,2016-04-20,,,43.0,53.0,-160.0,-150.0,0.494024991989,
2016-04-21,,,2016-04-21,,,43.0,53.0,-160.0,-150.0,0.494024991989,
2016-04-22,,,2016-04-22,,,43.0,53.0,-160.0,-150.0,0.494024991989,
2016-04-23,1.65478398637e-05,3.0679961401e-06,2016-04-23,21.7710949104,3.02493345763,43.0,53.0,-160.0,-150.0,0.494024991989,
2016-04-24,,,2016-04-24,,,43.0,53.0,-160.0,-150.0,0.494024991989,
2016-04-25,,,2016-04-25,,,43.0,53.0,-160.0,-150.0,0.494024991989,
2016-04-26,,,2016-04-26,,,43.0,53.0,-160.0,-150.0,0.494024991989,
2016-04-27,,,2016-04-27,,,43.0,53.0,-160.0,-150.0,0.494024991989,
2016-04-28,,,2016-04-28,,,43.0,53.0,-160.0,-150.0,0.494024991989,
2016-04-29,,,2016-04-29,,,43.0,53.0,-160.0,-150.0,0.494024991989,
2016-04-30,1.64151369271e-05,2.65853642196e-06,2016-04-30,21.866116234,2.99817132994,43.0,53.0,-160.0,-150.0,0.494024991989,
2016-05-01,,,2016-05-01,,,43.0,53.0,-160.0,-150.0,0.494024991989,
2016-05-02,,,2016-05-02,,,43.0,53.0,-160.0,-150.0,0.494024991989,
2016-05-03,,,2016-05-03,,,43.0,53.0,-160.0,-150.0,0.494024991989,
2016-05-04,,,2016-05-04,,,43.0,53.0,-160.0,-150.0,0.494024991989,
2016-05-05,,,2016-05-05,,,43.0,53.0,-160.0,-150.0,0.494024991989,
2016-05-06,,,2016-05-06,,,43.0,53.0,-160.0,-150.0,0.494024991989,
2016-05-07,1.64673278743e-05,1.8534134243e-06,2016-05-07,21.8471130817,2.9575838768,43.0,53.0,-160.0,-150.0,0.494024991989,
2016-05-08,,,2016-05-08,,,43.0,53.0,-160.0,-150.0,0.494024991989,
2016-05-09,,,2016-05-09,,,43.0,53.0,-160.0,-150.0,0.494024991989,
2016-05-10,,,2016-05-10,,,43.0,53.0,-160.0,-150.0,0.494024991989,
2016-05-11,,,2016-05-11,,,43.0,53.0,-160.0,-150.0,0.494024991989,
2016-05-12,,,2016-05-12,,,43.0,53.0,-160.0,-150.0,0.494024991989,
2016-05-13,,,2016-05-13,,,43.0,53.0,-160.0,-150.0,0.494024991989,
2016-05-14,1.6892907264e-05,1.48973136359e-06,2016-05-14,21.820865776,2.90573837982,43.0,53.0,-160.0,-150.0,0.494024991989,
2016-05-15,,,2016-05-15,,,43.0,53.0,-160.0,-150.0,0.494024991989,
2016-05-16,,,2016-05-16,,,43.0,53.0,-160.0,-150.0,0.494024991989,
2016-05-17,,,2016-05-17,,,43.0,53.0,-160.0,-150.0,0.494024991989,
2016-05-18,,,2016-05-18,,,43.0,53.0,-160.0,-150.0,0.494024991989,
2016-05-19,,,2016-05-19,,,43.0,53.0,-160.0,-150.0,0.494024991989,
2016-05-20,,,2016-05-20,,,43.0,53.0,-160.0,-150.0,0.494024991989,
2016-05-21,1.69987139715e-05,1.2916992464e-06,2016-05-21,21.6776706107,2.90718111729,43.0,53.0,-160.0,-150.0,0.494024991989,
2016-05-22,,,2016-05-22,,,43.0,53.0,-160.0,-150.0,0.494024991989,
2016-05-23,,,2016-05-23,,,43.0,53.0,-160.0,-150.0,0.494024991989,
2016-05-24,,,2016-05-24,,,43.0,53.0,-160.0,-150.0,0.494024991989,
2016-05-25,,,2016-05-25,,,43.0,53.0,-160.0,-150.0,0.494024991989,
2016-05-26,,,2016-05-26,,,43.0,53.0,-160.0,-150.0,0.494024991989,
2016-05-27,,,2016-05-27,,,43.0,53.0,-160.0,-150.0,0.494024991989,
2016-05-28,1.7596260075e-05,1.33239112059e-06,2016-05-28,21.615214283,2.87341257647,43.0,53.0,-160.0,-150.0,0.494024991989,
2016-05-29,,,2016-05-29,,,43.0,53.0,-160.0,-150.0,0.494024991989,
2016-05-30,,,2016-05-30,,,43.0,53.0,-160.0,-150.0,0.494024991989,
2016-05-31,,,2016-05-31,,,43.0,53.0,-160.0,-150.0,0.494024991989,
2016-06-01,,,2016-06-01,,,43.0,53.0,-160.0,-150.0,0.494024991989,
2016-06-02,,,2016-06-02,,,43.0,53.0,-160.0,-150.0,0.494024991989,
2016-06-03,,,2016-06-03,,,43.0,53.0,-160.0,-150.0,0.494024991989,
2016-06-04,1.82514741976e-05,7.76803994198e-07,2016-06-04,21.496504044,2.84947612863,43.0,53.0,-160.0,-150.0,0.494024991989,
2016-06-05,,,2016-06-05,,,43.0,53.0,-160.0,-150.0,0.494024991989,
2016-06-06,,,2016-06-06,,,43.0,53.0,-160.0,-150.0,0.494024991989,
2016-06-07,,,2016-06-07,,,43.0,53.0,-160.0,-150.0,0.494024991989,
2016-06-08,,,2016-06-08,,,43.0,53.0,-160.0,-150.0,0.494024991989,
2016-06-09,,,2016-06-09,,,43.0,53.0,-160.0,-150.0,0.494024991989,
2016-06-10,,,2016-06-10,,,43.0,53.0,-160.0,-150.0,0.494024991989,
2016-06-11,1.80726706657e-05,9.11550382955e-07,2016-06-11,21.3820185932,2.81841789766,43.0,53.0,-160.0,-150.0,0.494024991989,
2016-06-12,,,2016-06-12,,,43.0,53.0,-160.0,-150.0,0.494024991989,
2016-06-13,,,2016-06-13,,,43.0,53.0,-160.0,-150.0,0.494024991989,
2016-06-14,,,2016-06-14,,,43.0,53.0,-160.0,-150.0,0.494024991989,
2016-06-15,,,2016-06-15,,,43.0,53.0,-160.0,-150.0,0.494024991989,
2016-06-16,,,2016-06-16,,,43.0,53.0,-160.0,-150.0,0.494024991989,
2016-06-17,,,2016-06-17,,,43.0,53.0,-160.0,-150.0,0.494024991989,
2016-06-18,1.85182433311e-05,1.21699055528e-06,2016-06-18,21.2068093207,2.77727743072,43.0,53.0,-160.0,-150.0,0.494024991989,
2016-06-19,,,2016-06-19,,,43.0,53.0,-160.0,-150.0,0.494024991989,
2016-06-20,,,2016-06-20,,,43.0,53.0,-160.0,-150.0,0.494024991989,
2016-06-21,,,2016-06-21,,,43.0,53.0,-160.0,-150.0,0.494024991989,
2016-06-22,,,2016-06-22,,,43.0,53.0,-160.0,-150.0,0.494024991989,
2016-06-23,,,2016-06-23,,,43.0,53.0,-160.0,-150.0,0.494024991989,
2016-06-24,,,2016-06-24,,,43.0,53.0,-160.0,-150.0,0.494024991989,
2016-06-25,1.79524546006e-05,1.60404004164e-06,2016-06-25,21.0725689756,2.74490632155,43.0,53.0,-160.0,-150.0,0.494024991989,
2016-06-26,,,2016-06-26,,,43.0,53.0,-160.0,-150.0,0.494024991989,
2016-06-27,,,2016-06-27,,,43.0,53.0,-160.0,-150.0,0.494024991989,
2016-06-28,,,2016-06-28,,,43.0,53.0,-160.0,-150.0,0.494024991989,
2016-06-29,,,2016-06-29,,,43.0,53.0,-160.0,-150.0,0.494024991989,
2016-06-30,,,2016-06-30,,,43.0,53.0,-160.0,-150.0,0.494024991989,
2016-07-01,,,2016-07-01,,,43.0,53.0,-160.0,-150.0,0.494024991989,
2016-07-02,1.74277157506e-05,8.04323143277e-07,2016-07-02,20.9439156028,2.68981180803,43.0,53.0,-160.0,-150.0,0.494024991989,
2016-07-03,,,2016-07-03,,,43.0,53.0,-160.0,-150.0,0.494024991989,
2016-07-04,,,2016-07-04,,,43.0,53.0,-160.0,-150.0,0.494024991989,
2016-07-05,,,2016-07-05,,,43.0,53.0,-160.0,-150.0,0.494024991989,
2016-07-06,,,2016-07-06,,,43.0,53.0,-160.0,-150.0,0.494024991989,
2016-07-07,,,2016-07-07,,,43.0,53.0,-160.0,-150.0,0.494024991989,
2016-07-08,,,2016-07-08,,,43.0,53.0,-160.0,-150.0,0.494024991989,
2016-07-09,1.6781112068e-05,8.56070840425e-07,2016-07-09,20.8314411959,2.62142236225,43.0,53.0,-160.0,-150.0,0.494024991989,
2016-07-10,,,2016-07-10,,,43.0,53.0,-160.0,-150.0,0.494024991989,
2016-07-11,,,2016-07-11,,,43.0,53.0,-160.0,-150.0,0.494024991989,
2016-07-12,,,2016-07-12,,,43.0,53.0,-160.0,-150.0,0.494024991989,
2016-07-13,,,2016-07-13,,,43.0,53.0,-160.0,-150.0,0.494024991989,
2016-07-14,,,2016-07-14,,,43.0,53.0,-160.0,-150.0,0.494024991989,
2016-07-15,,,2016-07-15,,,43.0,53.0,-160.0,-150.0,0.494024991989,
2016-07-16,1.65806893315e-05,8.89000160356e-07,2016-07-16,20.640983774,2.58639536669,43.0,53.0,-160.0,-150.0,0.494024991989,
2016-07-17,,,2016-07-17,,,43.0,53.0,-160.0,-150.0,0.494024991989,
2016-07-18,,,2016-07-18,,,43.0,53.0,-160.0,-150.0,0.494024991989,
2016-07-19,,,2016-07-19,,,43.0,53.0,-160.0,-150.0,0.494024991989,
2016-07-20,,,2016-07-20,,,43.0,53.0,-160.0,-150.0,0.494024991989,
2016-07-21,,,2016-07-21,,,43.0,53.0,-160.0,-150.0,0.494024991989,
2016-07-22,,,2016-07-22,,,43.0,53.0,-160.0,-150.0,0.494024991989,
2016-07-23,1.58334665383e-05,6.71602699702e-07,2016-07-23,20.4582160941,2.55630934332,43.0,53.0,-160.0,-150.0,0.494024991989,
2016-07-24,,,2016-07-24,,,43.0,53.0,-160.0,-150.0,0.494024991989,
2016-07-25,,,2016-07-25,,,43.0,53.0,-160.0,-150.0,0.494024991989,
2016-07-26,,,2016-07-26,,,43.0,53.0,-160.0,-150.0,0.494024991989,
2016-07-27,,,2016-07-27,,,43.0,53.0,-160.0,-150.0,0.494024991989,
2016-07-28,,,2016-07-28,,,43.0,53.0,-160.0,-150.0,0.494024991989,
2016-07-29,,,2016-07-29,,,43.0,53.0,-160.0,-150.0,0.494024991989,
2016-07-30,1.63329604078e-05,8.90577964354e-07,2016-07-30,20.2332156348,2.51772819195,43.0,53.0,-160.0,-150.0,0.494024991989,
2016-07-31,,,2016-07-31,,,43.0,53.0,-160.0,-150.0,0.494024991989,
2016-08-01,,,2016-08-01,,,43.0,53.0,-160.0,-150.0,0.494024991989,
2016-08-02,,,2016-08-02,,,43.0,53.0,-160.0,-150.0,0.494024991989,
2016-08-03,,,2016-08-03,,,43.0,53.0,-160.0,-150.0,0.494024991989,
2016-08-04,,,2016-08-04,,,43.0,53.0,-160.0,-150.0,0.494024991989,
2016-08-05,,,2016-08-05,,,43.0,53.0,-160.0,-150.0,0.494024991989,
2016-08-06,1.55507974205e-05,4.28014444769e-07,2016-08-06,19.97629181,2.51684950649,43.0,53.0,-160.0,-150.0,0.494024991989,
2016-08-07,,,2016-08-07,,,43.0,53.0,-160.0,-150.0,0.494024991989,
2016-08-08,,,2016-08-08,,,43.0,53.0,-160.0,-150.0,0.494024991989,
2016-08-09,,,2016-08-09,,,43.0,53.0,-160.0,-150.0,0.494024991989,
2016-08-10,,,2016-08-10,,,43.0,53.0,-160.0,-150.0,0.494024991989,
2016-08-11,,,2016-08-11,,,43.0,53.0,-160.0,-150.0,0.494024991989,
2016-08-12,,,2016-08-12,,,43.0,53.0,-160.0,-150.0,0.494024991989,
2016-08-13,1.52756298975e-05,1.96631133947e-07,2016-08-13,19.7892509231,2.48803229402,43.0,53.0,-160.0,-150.0,0.494024991989,
2016-08-14,,,2016-08-14,,,43.0,53.0,-160.0,-150.0,0.494024991989,
2016-08-15,,,2016-08-15,,,43.0,53.0,-160.0,-150.0,0.494024991989,
2016-08-16,,,2016-08-16,,,43.0,53.0,-160.0,-150.0,0.494024991989,
2016-08-17,,,2016-08-17,,,43.0,53.0,-160.0,-150.0,0.494024991989,
2016-08-18,,,2016-08-18,,,43.0,53.0,-160.0,-150.0,0.494024991989,
2016-08-19,,,2016-08-19,,,43.0,53.0,-160.0,-150.0,0.494024991989,
2016-08-20,1.54853892674e-05,3.59554944717e-07,2016-08-20,19.6189393154,2.42594821554,43.0,53.0,-160.0,-150.0,0.494024991989,
2016-08-21,,,2016-08-21,,,43.0,53.0,-160.0,-150.0,0.494024991989,
2016-08-22,,,2016-08-22,,,43.0,53.0,-160.0,-150.0,0.494024991989,
2016-08-23,,,2016-08-23,,,43.0,53.0,-160.0,-150.0,0.494024991989,
2016-08-24,,,2016-08-24,,,43.0,53.0,-160.0,-150.0,0.494024991989,
2016-08-25,,,2016-08-25,,,43.0,53.0,-160.0,-150.0,0.494024991989,
2016-08-26,,,2016-08-26,,,43.0,53.0,-160.0,-150.0,0.494024991989,
2016-08-27,1.54180745163e-05,4.57637677921e-07,2016-08-27,19.4016269459,2.40135482355,43.0,53.0,-160.0,-150.0,0.494024991989,
2016-08-28,,,2016-08-28,,,43.0,53.0,-160.0,-150.0,0.494024991989,
2016-08-29,,,2016-08-29,,,43.0,53.0,-160.0,-150.0,0.494024991989,
2016-08-30,,,2016-08-30,,,43.0,53.0,-160.0,-150.0,0.494024991989,
2016-08-31,,,2016-08-31,,,43.0,53.0,-160.0,-150.0,0.494024991989,
2016-09-01,,,2016-09-01,,,43.0,53.0,-160.0,-150.0,0.494024991989,
2016-09-02,,,2016-09-02,,,43.0,53.0,-160.0,-150.0,0.494024991989,
2016-09-03,1.53563906409e-05,6.82289613347e-07,2016-09-03,19.1772972591,2.35977842618,43.0,53.0,-160.0,-150.0,0.494024991989,
2016-09-04,,,2016-09-04,,,43.0,53.0,-160.0,-150.0,0.494024991989,
2016-09-05,,,2016-09-05,,,43.0,53.0,-160.0,-150.0,0.494024991989,
2016-09-06,,,2016-09-06,,,43.0,53.0,-160.0,-150.0,0.494024991989,
2016-09-07,,,2016-09-07,,,43.0,53.0,-160.0,-150.0,0.494024991989,
2016-09-08,,,2016-09-08,,,43.0,53.0,-160.0,-150.0,0.494024991989,
2016-09-09,,,2016-09-09,,,43.0,53.0,-160.0,-150.0,0.494024991989,
2016-09-10,1.52013795482e-05,7.3869981529e-07,2016-09-10,18.9880780374,2.31039480173,43.0,53.0,-160.0,-150.0,0.494024991989,
2016-09-11,,,2016-09-11,,,43.0,53.0,-160.0,-150.0,0.494024991989,
2016-09-12,,,2016-09-12,,,43.0,53.0,-160.0,-150.0,0.494024991989,
2016-09-13,,,2016-09-13,,,43.0,53.0,-160.0,-150.0,0.494024991989,
2016-09-14,,,2016-09-14,,,43.0,53.0,-160.0,-150.0,0.494024991989,
2016-09-15,,,2016-09-15,,,43.0,53.0,-160.0,-150.0,0.494024991989,
2016-09-16,,,2016-09-16,,,43.0,53.0,-160.0,-150.0,0.494024991989,
2016-09-17,1.51345430748e-05,9.32227923657e-07,2016-09-17,18.8973803704,2.28777945682,43.0,53.0,-160.0,-150.0,0.494024991989,
2016-09-18,,,2016-09-18,,,43.0,53.0,-160.0,-150.0,0.494024991989,
2016-09-19,,,2016-09-19,,,43.0,53.0,-160.0,-150.0,0.494024991989,
2016-09-20,,,2016-09-20,,,43.0,53.0,-160.0,-150.0,0.494024991989,
2016-09-21,,,2016-09-21,,,43.0,53.0,-160.0,-150.0,0.494024991989,
2016-09-22,,,2016-09-22,,,43.0,53.0,-160.0,-150.0,0.494024991989,
2016-09-23,,,2016-09-23,,,43.0,53.0,-160.0,-150.0,0.494024991989,
2016-09-24,1.53979059784e-05,1.01939346027e-06,2016-09-24,18.755195382,2.26079003506,43.0,53.0,-160.0,-150.0,0.494024991989,
2016-09-25,,,2016-09-25,,,43.0,53.0,-160.0,-150.0,0.494024991989,
2016-09-26,,,2016-09-26,,,43.0,53.0,-160.0,-150.0,0.494024991989,
2016-09-27,,,2016-09-27,,,43.0,53.0,-160.0,-150.0,0.494024991989,
2016-09-28,,,2016-09-28,,,43.0,53.0,-160.0,-150.0,0.494024991989,
2016-09-29,,,2016-09-29,,,43.0,53.0,-160.0,-150.0,0.494024991989,
2016-09-30,,,2016-09-30,,,43.0,53.0,-160.0,-150.0,0.494024991989,
2016-10-01,1.56097468661e-05,1.18763927355e-06,2016-10-01,18.5930511038,2.22752593211,43.0,53.0,-160.0,-150.0,0.494024991989,
2016-10-02,,,2016-10-02,,,43.0,53.0,-160.0,-150.0,0.494024991989,
2016-10-03,,,2016-10-03,,,43.0,53.0,-160.0,-150.0,0.494024991989,
2016-10-04,,,2016-10-04,,,43.0,53.0,-160.0,-150.0,0.494024991989,
2016-10-05,,,2016-10-05,,,43.0,53.0,-160.0,-150.0,0.494024991989,
2016-10-06,,,2016-10-06,,,43.0,53.0,-160.0,-150.0,0.494024991989,
2016-10-07,,,2016-10-07,,,43.0,53.0,-160.0,-150.0,0.494024991989,
2016-10-08,1.64392264823e-05,1.36143305881e-06,2016-10-08,18.4467125544,2.18690621151,43.0,53.0,-160.0,-150.0,0.494024991989,
2016-10-09,,,2016-10-09,,,43.0,53.0,-160.0,-150.0,0.494024991989,
2016-10-10,,,2016-10-10,,,43.0,53.0,-160.0,-150.0,0.494024991989,
2016-10-11,,,2016-10-11,,,43.0,53.0,-160.0,-150.0,0.494024991989,
2016-10-12,,,2016-10-12,,,43.0,53.0,-160.0,-150.0,0.494024991989,
2016-10-13,,,2016-10-13,,,43.0,53.0,-160.0,-150.0,0.494024991989,
2016-10-14,,,2016-10-14,,,43.0,53.0,-160.0,-150.0,0.494024991989,
2016-10-15,1.66154088112e-05,1.20111371406e-06,2016-10-15,18.6433536871,2.03652235137,43.0,53.0,-160.0,-150.0,0.494024991989,
2016-10-16,,,2016-10-16,,,43.0,53.0,-160.0,-150.0,0.494024991989,
2016-10-17,,,2016-10-17,,,43.0,53.0,-160.0,-150.0,0.494024991989,
2016-10-18,,,2016-10-18,,,43.0,53.0,-160.0,-150.0,0.494024991989,
2016-10-19,,,2016-10-19,,,43.0,53.0,-160.0,-150.0,0.494024991989,
2016-10-20,,,2016-10-20,,,43.0,53.0,-160.0,-150.0,0.494024991989,
2016-10-21,,,2016-10-21,,,43.0,53.0,-160.0,-150.0,0.494024991989,
2016-10-22,1.68600475339e-05,1.32555915015e-06,2016-10-22,18.8384643844,1.94279439015,43.0,53.0,-160.0,-150.0,0.494024991989,
2016-10-23,,,2016-10-23,,,43.0,53.0,-160.0,-150.0,0.494024991989,
2016-10-24,,,2016-10-24,,,43.0,53.0,-160.0,-150.0,0.494024991989,
2016-10-25,,,2016-10-25,,,43.0,53.0,-160.0,-150.0,0.494024991989,
2016-10-26,,,2016-10-26,,,43.0,53.0,-160.0,-150.0,0.494024991989,
2016-10-27,,,2016-10-27,,,43.0,53.0,-160.0,-150.0,0.494024991989,
2016-10-28,,,2016-10-28,,,43.0,53.0,-160.0,-150.0,0.494024991989,
2016-10-29,1.67684589488e-05,1.45764569933e-06,2016-10-29,19.0352250205,1.90626307215,43.0,53.0,-160.0,-150.0,0.494024991989,
2016-10-30,,,2016-10-30,,,43.0,53.0,-160.0,-150.0,0.494024991989,
2016-10-31,,,2016-10-31,,,43.0,53.0,-160.0,-150.0,0.494024991989,
2016-11-01,,,2016-11-01,,,43.0,53.0,-160.0,-150.0,0.494024991989,
2016-11-02,,,2016-11-02,,,43.0,53.0,-160.0,-150.0,0.494024991989,
2016-11-03,,,2016-11-03,,,43.0,53.0,-160.0,-150.0,0.494024991989,
2016-11-04,,,2016-11-04,,,43.0,53.0,-160.0,-150.0,0.494024991989,
2016-11-05,1.68799987645e-05,1.78422961207e-06,2016-11-05,19.3448922986,1.89709382767,43.0,53.0,-160.0,-150.0,0.494024991989,
2016-11-06,,,2016-11-06,,,43.0,53.0,-160.0,-150.0,0.494024991989,
2016-11-07,,,2016-11-07,,,43.0,53.0,-160.0,-150.0,0.494024991989,
2016-11-08,,,2016-11-08,,,43.0,53.0,-160.0,-150.0,0.494024991989,
2016-11-09,,,2016-11-09,,,43.0,53.0,-160.0,-150.0,0.494024991989,
2016-11-10,,,2016-11-10,,,43.0,53.0,-160.0,-150.0,0.494024991989,
2016-11-11,,,2016-11-11,,,43.0,53.0,-160.0,-150.0,0.494024991989,
2016-11-12,1.70840734707e-05,2.41702044975e-06,2016-11-12,19.7563641585,1.95722437673,43.0,53.0,-160.0,-150.0,0.494024991989,
2016-11-13,,,2016-11-13,,,43.0,53.0,-160.0,-150.0,0.494024991989,
2016-11-14,,,2016-11-14,,,43.0,53.0,-160.0,-150.0,0.494024991989,
2016-11-15,,,2016-11-15,,,43.0,53.0,-160.0,-150.0,0.494024991989,
2016-11-16,,,2016-11-16,,,43.0,53.0,-160.0,-150.0,0.494024991989,
2016-11-17,,,2016-11-17,,,43.0,53.0,-160.0,-150.0,0.494024991989,
2016-11-18,,,2016-11-18,,,43.0,53.0,-160.0,-150.0,0.494024991989,
2016-11-19,1.77778186272e-05,3.43726503235e-06,2016-11-19,20.2074998479,2.10461934009,43.0,53.0,-160.0,-150.0,0.494024991989,
2016-11-20,,,2016-11-20,,,43.0,53.0,-160.0,-150.0,0.494024991989,
2016-11-21,,,2016-11-21,,,43.0,53.0,-160.0,-150.0,0.494024991989,
2016-11-22,,,2016-11-22,,,43.0,53.0,-160.0,-150.0,0.494024991989,
2016-11-23,,,2016-11-23,,,43.0,53.0,-160.0,-150.0,0.494024991989,
2016-11-24,,,2016-11-24,,,43.0,53.0,-160.0,-150.0,0.494024991989,
2016-11-25,,,2016-11-25,,,43.0,53.0,-160.0,-150.0,0.494024991989,
2016-11-26,1.89407562387e-05,5.44314093323e-06,2016-11-26,20.6693630435,2.34573023404,43.0,53.0,-160.0,-150.0,0.494024991989,
2016-11-27,,,2016-11-27,,,43.0,53.0,-160.0,-150.0,0.494024991989,
2016-11-28,,,2016-11-28,,,43.0,53.0,-160.0,-150.0,0.494024991989,
2016-11-29,,,2016-11-29,,,43.0,53.0,-160.0,-150.0,0.494024991989,
2016-11-30,,,2016-11-30,,,43.0,53.0,-160.0,-150.0,0.494024991989,
2016-12-01,,,2016-12-01,,,43.0,53.0,-160.0,-150.0,0.494024991989,
2016-12-02,,,2016-12-02,,,43.0,53.0,-160.0,-150.0,0.494024991989,
2016-12-03,2.01788266405e-05,7.10023432657e-06,2016-12-03,21.0478840264,2.5937049538,43.0,53.0,-160.0,-150.0,0.494024991989,
2016-12-04,,,2016-12-04,,,43.0,53.0,-160.0,-150.0,0.494024991989,
2016-12-05,,,2016-12-05,,,43.0,53.0,-160.0,-150.0,0.494024991989,
2016-12-06,,,2016-12-06,,,43.0,53.0,-160.0,-150.0,0.494024991989,
2016-12-07,,,2016-12-07,,,43.0,53.0,-160.0,-150.0,0.494024991989,
2016-12-08,,,2016-12-08,,,43.0,53.0,-160.0,-150.0,0.494024991989,
2016-12-09,,,2016-12-09,,,43.0,53.0,-160.0,-150.0,0.494024991989,
2016-12-10,2.02087944558e-05,7.83149223449e-06,2016-12-10,21.2478494666,2.7858725715,43.0,53.0,-160.0,-150.0,0.494024991989,
2016-12-11,,,2016-12-11,,,43.0,53.0,-160.0,-150.0,0.494024991989,
2016-12-12,,,2016-12-12,,,43.0,53.0,-160.0,-150.0,0.494024991989,
2016-12-13,,,2016-12-13,,,43.0,53.0,-160.0,-150.0,0.494024991989,
2016-12-14,,,2016-12-14,,,43.0,53.0,-160.0,-150.0,0.494024991989,
2016-12-15,,,2016-12-15,,,43.0,53.0,-160.0,-150.0,0.494024991989,
2016-12-16,,,2016-12-16,,,43.0,53.0,-160.0,-150.0,0.494024991989,
2016-12-17,2.18542119164e-05,1.08263401133e-05,2016-12-17,21.544330824,3.05487543785,43.0,53.0,-160.0,-150.0,0.494024991989,
2016-12-18,,,2016-12-18,,,43.0,53.0,-160.0,-150.0,0.494024991989,
2016-12-19,,,2016-12-19,,,43.0,53.0,-160.0,-150.0,0.494024991989,
2016-12-20,,,2016-12-20,,,43.0,53.0,-160.0,-150.0,0.494024991989,
2016-12-21,,,2016-12-21,,,43.0,53.0,-160.0,-150.0,0.494024991989,
2016-12-22,,,2016-12-22,,,43.0,53.0,-160.0,-150.0,0.494024991989,
2016-12-23,,,2016-12-23,,,43.0,53.0,-160.0,-150.0,0.494024991989,
2016-12-24,2.51655187568e-05,2.40960543751e-05,2016-12-24,21.8794223305,3.3396849704,43.0,53.0,-160.0,-150.0,0.494024991989,
2016-12-25,,,2016-12-25,,,43.0,53.0,-160.0,-150.0,0.494024991989,
2016-12-26,,,2016-12-26,,,43.0,53.0,-160.0,-150.0,0.494024991989,
2016-12-27,,,2016-12-27,,,43.0,53.0,-160.0,-150.0,0.494024991989,
2016-12-28,,,2016-12-28,,,43.0,53.0,-160.0,-150.0,0.494024991989,
2016-12-29,,,2016-12-29,,,43.0,53.0,-160.0,-150.0,0.494024991989,
2016-12-30,,,2016-12-30,,,43.0,53.0,-160.0,-150.0,0.494024991989,
2016-12-31,2.5896285126e-05,2.85695283199e-05,2016-12-31,21.9938341539,3.55054887497,43.0,53.0,-160.0,-150.0,0.494024991989,
2017-01-01,,,2017-01-01,,,43.0,53.0,-160.0,-150.0,0.494024991989,
